ISO-10303-21;
HEADER;
/* Generated by software containing ST-Developer
 * from STEP Tools, Inc. (www.steptools.com) 
 */
/* OPTION: using custom renumber hook */

FILE_DESCRIPTION(
/* description */ ('STEP AP242 Edition 2',
'CAx-IF Rec.Pracs.---Representation and Presentation of Product Manufa
cturing Information (PMI)---4.0---2014-10-13',
'CAx-IF Rec.Pracs.---3D Tessellated Geometry---0.4---2014-09-14','2;1',
'CAx-IF Rec.Pracs.---User Defined Attributes---1.5---2016-08-15'),
/* implementation_level */ '2;1');

FILE_NAME(
/* name */ 'Part Studio 1',
/* time_stamp */ '2026-10-04T10:24:01Z',
/* author */ (''),
/* organization */ (''),
/* preprocessor_version */ 'ST-DEVELOPER v20',
/* originating_system */ 'ONSHAPE BY PTC INC, 1.221',
/* authorisation */ '  ');

FILE_SCHEMA (('AP242_MANAGED_MODEL_BASED_3D_ENGINEERING_MIM_LF { 1 0 10303 442 3 1 4 }'));
ENDSEC;

DATA;
#10=ORIENTED_CLOSED_SHELL('',*,#2126,.F.);
#11=CONICAL_SURFACE('',#2226,0.0029729356144755,0.12518765800304);
#12=CONICAL_SURFACE('',#2239,0.000988587107380323,0.12518765800304);
#13=BREP_WITH_VOIDS('Part 3',#2125,(#10));
#14=B_SPLINE_SURFACE_WITH_KNOTS('',5,1,((#3131,#3132),(#3133,#3134),(#3135,
#3136),(#3137,#3138),(#3139,#3140),(#3141,#3142),(#3143,#3144),(#3145,#3146)),
 .SURF_OF_LINEAR_EXTRUSION.,.F.,.F.,.F.,(6,2,6),(2,2),(0.,0.5,1.),(0.,1.),
 .UNSPECIFIED.);
#15=B_SPLINE_SURFACE_WITH_KNOTS('',5,1,((#3175,#3176),(#3177,#3178),(#3179,
#3180),(#3181,#3182),(#3183,#3184),(#3185,#3186),(#3187,#3188),(#3189,#3190)),
 .SURF_OF_LINEAR_EXTRUSION.,.F.,.F.,.F.,(6,2,6),(2,2),(0.,0.5,1.),(0.,1.),
 .UNSPECIFIED.);
#16=B_SPLINE_SURFACE_WITH_KNOTS('',5,1,((#3214,#3215),(#3216,#3217),(#3218,
#3219),(#3220,#3221),(#3222,#3223),(#3224,#3225),(#3226,#3227),(#3228,#3229)),
 .SURF_OF_LINEAR_EXTRUSION.,.F.,.F.,.F.,(6,2,6),(2,2),(0.,0.5,1.),(0.,1.),
 .UNSPECIFIED.);
#17=B_SPLINE_CURVE_WITH_KNOTS('',3,(#2997,#2998,#2999,#3000,#3001,#3002,
#3003),.UNSPECIFIED.,.F.,.F.,(4,1,1,1,4),(0.,0.00173142544992437,0.00346285089984874,
0.00519427634977311,0.00692570179969748),.UNSPECIFIED.);
#18=B_SPLINE_CURVE_WITH_KNOTS('',3,(#3007,#3008,#3009,#3010,#3011,#3012,
#3013),.UNSPECIFIED.,.F.,.F.,(4,1,1,1,4),(0.,0.0017437494685232,0.00348749893704641,
0.00523124840556961,0.00697499787409281),.UNSPECIFIED.);
#19=B_SPLINE_CURVE_WITH_KNOTS('',3,(#3019,#3020,#3021,#3022),
 .UNSPECIFIED.,.F.,.F.,(4,4),(0.,1.),.UNSPECIFIED.);
#20=B_SPLINE_CURVE_WITH_KNOTS('',3,(#3025,#3026,#3027,#3028),
 .UNSPECIFIED.,.F.,.F.,(4,4),(0.,1.),.UNSPECIFIED.);
#21=B_SPLINE_CURVE_WITH_KNOTS('',3,(#3040,#3041,#3042,#3043),
 .UNSPECIFIED.,.F.,.F.,(4,4),(0.,1.),.UNSPECIFIED.);
#22=B_SPLINE_CURVE_WITH_KNOTS('',3,(#3061,#3062,#3063,#3064),
 .UNSPECIFIED.,.F.,.F.,(4,4),(0.,0.000976206264244581),.UNSPECIFIED.);
#23=B_SPLINE_CURVE_WITH_KNOTS('',3,(#3067,#3068,#3069,#3070,#3071,#3072,
#3073,#3074),.UNSPECIFIED.,.F.,.F.,(4,1,1,1,1,4),(-0.02574,-0.0252466666666666,
-0.0200666666666666,-0.0151333333333333,-0.00995333333333334,-0.00946),
 .UNSPECIFIED.);
#24=B_SPLINE_CURVE_WITH_KNOTS('',3,(#3076,#3077,#3078,#3079),
 .UNSPECIFIED.,.F.,.F.,(4,4),(0.,1.),.UNSPECIFIED.);
#25=B_SPLINE_CURVE_WITH_KNOTS('',3,(#3081,#3082,#3083,#3084,#3085,#3086,
#3087,#3088),.UNSPECIFIED.,.F.,.F.,(4,1,1,1,1,4),(-0.02574,-0.0252466666666666,
-0.0200666666666666,-0.0151333333333333,-0.00995333333333334,-0.00946),
 .UNSPECIFIED.);
#26=B_SPLINE_CURVE_WITH_KNOTS('',3,(#3090,#3091,#3092,#3093),
 .UNSPECIFIED.,.F.,.F.,(4,4),(0.,0.000976206264252535),.UNSPECIFIED.);
#27=B_SPLINE_CURVE_WITH_KNOTS('',3,(#3104,#3105,#3106,#3107),
 .UNSPECIFIED.,.F.,.F.,(4,4),(0.,1.),.UNSPECIFIED.);
#28=B_SPLINE_CURVE_WITH_KNOTS('',3,(#3109,#3110,#3111,#3112),
 .UNSPECIFIED.,.F.,.F.,(4,4),(0.,1.),.UNSPECIFIED.);
#29=B_SPLINE_CURVE_WITH_KNOTS('',3,(#3121,#3122,#3123,#3124),
 .UNSPECIFIED.,.F.,.F.,(4,4),(0.,0.00119091718986613),.UNSPECIFIED.);
#30=B_SPLINE_CURVE_WITH_KNOTS('',3,(#3126,#3127,#3128,#3129),
 .UNSPECIFIED.,.F.,.F.,(4,4),(0.,0.0011909171898802),.UNSPECIFIED.);
#31=B_SPLINE_CURVE_WITH_KNOTS('',3,(#3147,#3148,#3149,#3150,#3151,#3152,
#3153,#3154,#3155,#3156,#3157,#3158,#3159,#3160,#3161,#3162,#3163,#3164,
#3165,#3166,#3167,#3168,#3169,#3170,#3171,#3172,#3173,#3174),
 .UNSPECIFIED.,.F.,.F.,(4,1,1,1,1,1,1,1,1,1,1,1,1,1,1,1,1,1,1,1,1,1,1,1,
1,4),(0.,0.0625,0.09375,0.125,0.1875,0.21875,0.25,0.28125,0.3125,0.375,
0.4375,0.46875,0.5,0.53125,0.5625,0.59375,0.625,0.65625,0.6875,0.71875,
0.75,0.78125,0.8125,0.875,0.9375,1.),.UNSPECIFIED.);
#32=B_SPLINE_CURVE_WITH_KNOTS('',3,(#3191,#3192,#3193,#3194,#3195,#3196,
#3197,#3198,#3199,#3200,#3201,#3202,#3203,#3204,#3205,#3206,#3207,#3208,
#3209,#3210,#3211,#3212,#3213),.UNSPECIFIED.,.F.,.F.,(4,1,1,1,1,1,1,1,1,
1,1,1,1,1,1,1,1,1,1,1,4),(0.,0.125,0.1875,0.25,0.3125,0.375,0.4375,0.46875,
0.484375,0.5,0.515625,0.53125,0.5625,0.625,0.6875,0.71875,0.75,0.78125,
0.8125,0.875,1.),.UNSPECIFIED.);
#33=B_SPLINE_CURVE_WITH_KNOTS('',3,(#3476,#3477,#3478,#3479),
 .UNSPECIFIED.,.F.,.F.,(4,4),(0.554041511193844,1.),.UNSPECIFIED.);
#34=SHAPE_REPRESENTATION_RELATIONSHIP('','',#2167,#38);
#35=SHAPE_REPRESENTATION_RELATIONSHIP('','',#2168,#39);
#36=SHAPE_REPRESENTATION_RELATIONSHIP('','',#2169,#40);
#37=SHAPE_REPRESENTATION_RELATIONSHIP('','',#2170,#41);
#38=ADVANCED_BREP_SHAPE_REPRESENTATION('',(#2160),#3592);
#39=ADVANCED_BREP_SHAPE_REPRESENTATION('',(#2161),#3593);
#40=ADVANCED_BREP_SHAPE_REPRESENTATION('',(#13),#3594);
#41=ADVANCED_BREP_SHAPE_REPRESENTATION('',(#2162),#3595);
#42=CIRCLE('',#2196,0.005);
#43=CIRCLE('',#2197,0.005);
#44=CIRCLE('',#2219,0.00950143914884432);
#45=CIRCLE('',#2220,0.00950143914884432);
#46=CIRCLE('',#2222,0.007);
#47=CIRCLE('',#2225,0.007);
#48=CIRCLE('',#2227,0.0029729356144755);
#49=CIRCLE('',#2229,0.0029729356144755);
#50=CIRCLE('',#2231,0.00295);
#51=CIRCLE('',#2233,0.00295);
#52=CIRCLE('',#2236,0.000957160670861653);
#53=CIRCLE('',#2238,0.00498422505638615);
#54=CIRCLE('',#2240,0.000957160670861653);
#55=CIRCLE('',#2245,0.002);
#56=CIRCLE('',#2247,0.002);
#57=CIRCLE('',#2255,0.002);
#58=CIRCLE('',#2261,0.002);
#59=CIRCLE('',#2264,0.0104);
#60=CIRCLE('',#2267,0.0104);
#61=CYLINDRICAL_SURFACE('',#2195,0.005);
#62=CYLINDRICAL_SURFACE('',#2218,0.00950143914884432);
#63=CYLINDRICAL_SURFACE('',#2224,0.007);
#64=CYLINDRICAL_SURFACE('',#2228,0.0029729356144755);
#65=CYLINDRICAL_SURFACE('',#2234,0.00295);
#66=CYLINDRICAL_SURFACE('',#2241,0.000957160670861653);
#67=CYLINDRICAL_SURFACE('',#2271,0.0104);
#68=CYLINDRICAL_SURFACE('',#2299,0.002);
#69=CYLINDRICAL_SURFACE('',#2300,0.002);
#70=ORIENTED_EDGE('',*,*,#636,.F.);
#71=ORIENTED_EDGE('',*,*,#637,.F.);
#72=ORIENTED_EDGE('',*,*,#638,.T.);
#73=ORIENTED_EDGE('',*,*,#639,.T.);
#74=ORIENTED_EDGE('',*,*,#640,.F.);
#75=ORIENTED_EDGE('',*,*,#641,.F.);
#76=ORIENTED_EDGE('',*,*,#642,.T.);
#77=ORIENTED_EDGE('',*,*,#637,.T.);
#78=ORIENTED_EDGE('',*,*,#643,.F.);
#79=ORIENTED_EDGE('',*,*,#644,.F.);
#80=ORIENTED_EDGE('',*,*,#645,.T.);
#81=ORIENTED_EDGE('',*,*,#641,.T.);
#82=ORIENTED_EDGE('',*,*,#646,.F.);
#83=ORIENTED_EDGE('',*,*,#647,.F.);
#84=ORIENTED_EDGE('',*,*,#648,.T.);
#85=ORIENTED_EDGE('',*,*,#644,.T.);
#86=ORIENTED_EDGE('',*,*,#649,.F.);
#87=ORIENTED_EDGE('',*,*,#650,.F.);
#88=ORIENTED_EDGE('',*,*,#651,.T.);
#89=ORIENTED_EDGE('',*,*,#647,.T.);
#90=ORIENTED_EDGE('',*,*,#652,.T.);
#91=ORIENTED_EDGE('',*,*,#653,.F.);
#92=ORIENTED_EDGE('',*,*,#654,.F.);
#93=ORIENTED_EDGE('',*,*,#655,.T.);
#94=ORIENTED_EDGE('',*,*,#656,.T.);
#95=ORIENTED_EDGE('',*,*,#657,.F.);
#96=ORIENTED_EDGE('',*,*,#658,.F.);
#97=ORIENTED_EDGE('',*,*,#653,.T.);
#98=ORIENTED_EDGE('',*,*,#659,.T.);
#99=ORIENTED_EDGE('',*,*,#660,.F.);
#100=ORIENTED_EDGE('',*,*,#661,.F.);
#101=ORIENTED_EDGE('',*,*,#657,.T.);
#102=ORIENTED_EDGE('',*,*,#662,.T.);
#103=ORIENTED_EDGE('',*,*,#663,.F.);
#104=ORIENTED_EDGE('',*,*,#664,.F.);
#105=ORIENTED_EDGE('',*,*,#660,.T.);
#106=ORIENTED_EDGE('',*,*,#665,.T.);
#107=ORIENTED_EDGE('',*,*,#666,.F.);
#108=ORIENTED_EDGE('',*,*,#667,.F.);
#109=ORIENTED_EDGE('',*,*,#663,.T.);
#110=ORIENTED_EDGE('',*,*,#668,.T.);
#111=ORIENTED_EDGE('',*,*,#655,.F.);
#112=ORIENTED_EDGE('',*,*,#669,.F.);
#113=ORIENTED_EDGE('',*,*,#666,.T.);
#114=ORIENTED_EDGE('',*,*,#670,.F.);
#115=ORIENTED_EDGE('',*,*,#639,.F.);
#116=ORIENTED_EDGE('',*,*,#671,.T.);
#117=ORIENTED_EDGE('',*,*,#650,.T.);
#118=ORIENTED_EDGE('',*,*,#654,.T.);
#119=ORIENTED_EDGE('',*,*,#658,.T.);
#120=ORIENTED_EDGE('',*,*,#661,.T.);
#121=ORIENTED_EDGE('',*,*,#664,.T.);
#122=ORIENTED_EDGE('',*,*,#667,.T.);
#123=ORIENTED_EDGE('',*,*,#669,.T.);
#124=ORIENTED_EDGE('',*,*,#638,.F.);
#125=ORIENTED_EDGE('',*,*,#642,.F.);
#126=ORIENTED_EDGE('',*,*,#645,.F.);
#127=ORIENTED_EDGE('',*,*,#648,.F.);
#128=ORIENTED_EDGE('',*,*,#651,.F.);
#129=ORIENTED_EDGE('',*,*,#671,.F.);
#130=ORIENTED_EDGE('',*,*,#640,.T.);
#131=ORIENTED_EDGE('',*,*,#636,.T.);
#132=ORIENTED_EDGE('',*,*,#670,.T.);
#133=ORIENTED_EDGE('',*,*,#649,.T.);
#134=ORIENTED_EDGE('',*,*,#646,.T.);
#135=ORIENTED_EDGE('',*,*,#643,.T.);
#136=ORIENTED_EDGE('',*,*,#672,.T.);
#137=ORIENTED_EDGE('',*,*,#673,.F.);
#138=ORIENTED_EDGE('',*,*,#674,.F.);
#139=ORIENTED_EDGE('',*,*,#675,.T.);
#140=ORIENTED_EDGE('',*,*,#676,.T.);
#141=ORIENTED_EDGE('',*,*,#677,.F.);
#142=ORIENTED_EDGE('',*,*,#678,.F.);
#143=ORIENTED_EDGE('',*,*,#673,.T.);
#144=ORIENTED_EDGE('',*,*,#679,.T.);
#145=ORIENTED_EDGE('',*,*,#680,.F.);
#146=ORIENTED_EDGE('',*,*,#681,.F.);
#147=ORIENTED_EDGE('',*,*,#677,.T.);
#148=ORIENTED_EDGE('',*,*,#682,.T.);
#149=ORIENTED_EDGE('',*,*,#683,.F.);
#150=ORIENTED_EDGE('',*,*,#684,.F.);
#151=ORIENTED_EDGE('',*,*,#680,.T.);
#152=ORIENTED_EDGE('',*,*,#685,.T.);
#153=ORIENTED_EDGE('',*,*,#686,.F.);
#154=ORIENTED_EDGE('',*,*,#687,.F.);
#155=ORIENTED_EDGE('',*,*,#683,.T.);
#156=ORIENTED_EDGE('',*,*,#688,.T.);
#157=ORIENTED_EDGE('',*,*,#689,.F.);
#158=ORIENTED_EDGE('',*,*,#690,.F.);
#159=ORIENTED_EDGE('',*,*,#686,.T.);
#160=ORIENTED_EDGE('',*,*,#691,.T.);
#161=ORIENTED_EDGE('',*,*,#692,.F.);
#162=ORIENTED_EDGE('',*,*,#693,.F.);
#163=ORIENTED_EDGE('',*,*,#689,.T.);
#164=ORIENTED_EDGE('',*,*,#694,.T.);
#165=ORIENTED_EDGE('',*,*,#695,.F.);
#166=ORIENTED_EDGE('',*,*,#696,.F.);
#167=ORIENTED_EDGE('',*,*,#692,.T.);
#168=ORIENTED_EDGE('',*,*,#697,.F.);
#169=ORIENTED_EDGE('',*,*,#698,.F.);
#170=ORIENTED_EDGE('',*,*,#699,.T.);
#171=ORIENTED_EDGE('',*,*,#695,.T.);
#172=ORIENTED_EDGE('',*,*,#700,.T.);
#173=ORIENTED_EDGE('',*,*,#675,.F.);
#174=ORIENTED_EDGE('',*,*,#701,.F.);
#175=ORIENTED_EDGE('',*,*,#698,.T.);
#176=ORIENTED_EDGE('',*,*,#674,.T.);
#177=ORIENTED_EDGE('',*,*,#678,.T.);
#178=ORIENTED_EDGE('',*,*,#681,.T.);
#179=ORIENTED_EDGE('',*,*,#684,.T.);
#180=ORIENTED_EDGE('',*,*,#687,.T.);
#181=ORIENTED_EDGE('',*,*,#690,.T.);
#182=ORIENTED_EDGE('',*,*,#693,.T.);
#183=ORIENTED_EDGE('',*,*,#696,.T.);
#184=ORIENTED_EDGE('',*,*,#699,.F.);
#185=ORIENTED_EDGE('',*,*,#701,.T.);
#186=ORIENTED_EDGE('',*,*,#652,.F.);
#187=ORIENTED_EDGE('',*,*,#668,.F.);
#188=ORIENTED_EDGE('',*,*,#665,.F.);
#189=ORIENTED_EDGE('',*,*,#662,.F.);
#190=ORIENTED_EDGE('',*,*,#659,.F.);
#191=ORIENTED_EDGE('',*,*,#656,.F.);
#192=ORIENTED_EDGE('',*,*,#672,.F.);
#193=ORIENTED_EDGE('',*,*,#700,.F.);
#194=ORIENTED_EDGE('',*,*,#697,.T.);
#195=ORIENTED_EDGE('',*,*,#694,.F.);
#196=ORIENTED_EDGE('',*,*,#691,.F.);
#197=ORIENTED_EDGE('',*,*,#688,.F.);
#198=ORIENTED_EDGE('',*,*,#685,.F.);
#199=ORIENTED_EDGE('',*,*,#682,.F.);
#200=ORIENTED_EDGE('',*,*,#679,.F.);
#201=ORIENTED_EDGE('',*,*,#676,.F.);
#202=ORIENTED_EDGE('',*,*,#702,.F.);
#203=ORIENTED_EDGE('',*,*,#703,.F.);
#204=ORIENTED_EDGE('',*,*,#704,.T.);
#205=ORIENTED_EDGE('',*,*,#705,.T.);
#206=ORIENTED_EDGE('',*,*,#706,.F.);
#207=ORIENTED_EDGE('',*,*,#707,.T.);
#208=ORIENTED_EDGE('',*,*,#708,.T.);
#209=ORIENTED_EDGE('',*,*,#709,.F.);
#210=ORIENTED_EDGE('',*,*,#710,.T.);
#211=ORIENTED_EDGE('',*,*,#711,.T.);
#212=ORIENTED_EDGE('',*,*,#712,.T.);
#213=ORIENTED_EDGE('',*,*,#713,.T.);
#214=ORIENTED_EDGE('',*,*,#714,.F.);
#215=ORIENTED_EDGE('',*,*,#715,.F.);
#216=ORIENTED_EDGE('',*,*,#716,.T.);
#217=ORIENTED_EDGE('',*,*,#717,.T.);
#218=ORIENTED_EDGE('',*,*,#718,.T.);
#219=ORIENTED_EDGE('',*,*,#719,.F.);
#220=ORIENTED_EDGE('',*,*,#720,.F.);
#221=ORIENTED_EDGE('',*,*,#721,.T.);
#222=ORIENTED_EDGE('',*,*,#722,.T.);
#223=ORIENTED_EDGE('',*,*,#723,.T.);
#224=ORIENTED_EDGE('',*,*,#724,.T.);
#225=ORIENTED_EDGE('',*,*,#725,.F.);
#226=ORIENTED_EDGE('',*,*,#726,.F.);
#227=ORIENTED_EDGE('',*,*,#727,.T.);
#228=ORIENTED_EDGE('',*,*,#728,.F.);
#229=ORIENTED_EDGE('',*,*,#727,.F.);
#230=ORIENTED_EDGE('',*,*,#729,.T.);
#231=ORIENTED_EDGE('',*,*,#703,.T.);
#232=ORIENTED_EDGE('',*,*,#730,.F.);
#233=ORIENTED_EDGE('',*,*,#705,.F.);
#234=ORIENTED_EDGE('',*,*,#731,.T.);
#235=ORIENTED_EDGE('',*,*,#725,.T.);
#236=ORIENTED_EDGE('',*,*,#726,.T.);
#237=ORIENTED_EDGE('',*,*,#731,.F.);
#238=ORIENTED_EDGE('',*,*,#704,.F.);
#239=ORIENTED_EDGE('',*,*,#729,.F.);
#240=ORIENTED_EDGE('',*,*,#724,.F.);
#241=ORIENTED_EDGE('',*,*,#728,.T.);
#242=ORIENTED_EDGE('',*,*,#702,.T.);
#243=ORIENTED_EDGE('',*,*,#730,.T.);
#244=ORIENTED_EDGE('',*,*,#732,.T.);
#245=ORIENTED_EDGE('',*,*,#733,.T.);
#246=ORIENTED_EDGE('',*,*,#734,.T.);
#247=ORIENTED_EDGE('',*,*,#735,.T.);
#248=ORIENTED_EDGE('',*,*,#736,.T.);
#249=ORIENTED_EDGE('',*,*,#737,.F.);
#250=ORIENTED_EDGE('',*,*,#738,.T.);
#251=ORIENTED_EDGE('',*,*,#739,.T.);
#252=ORIENTED_EDGE('',*,*,#740,.T.);
#253=ORIENTED_EDGE('',*,*,#738,.F.);
#254=ORIENTED_EDGE('',*,*,#741,.F.);
#255=ORIENTED_EDGE('',*,*,#715,.T.);
#256=ORIENTED_EDGE('',*,*,#737,.T.);
#257=ORIENTED_EDGE('',*,*,#742,.T.);
#258=ORIENTED_EDGE('',*,*,#710,.F.);
#259=ORIENTED_EDGE('',*,*,#741,.T.);
#260=ORIENTED_EDGE('',*,*,#714,.T.);
#261=ORIENTED_EDGE('',*,*,#743,.T.);
#262=ORIENTED_EDGE('',*,*,#739,.F.);
#263=ORIENTED_EDGE('',*,*,#740,.F.);
#264=ORIENTED_EDGE('',*,*,#720,.T.);
#265=ORIENTED_EDGE('',*,*,#744,.T.);
#266=ORIENTED_EDGE('',*,*,#707,.F.);
#267=ORIENTED_EDGE('',*,*,#745,.F.);
#268=ORIENTED_EDGE('',*,*,#745,.T.);
#269=ORIENTED_EDGE('',*,*,#706,.T.);
#270=ORIENTED_EDGE('',*,*,#746,.F.);
#271=ORIENTED_EDGE('',*,*,#721,.F.);
#272=ORIENTED_EDGE('',*,*,#719,.T.);
#273=ORIENTED_EDGE('',*,*,#747,.T.);
#274=ORIENTED_EDGE('',*,*,#708,.F.);
#275=ORIENTED_EDGE('',*,*,#744,.F.);
#276=ORIENTED_EDGE('',*,*,#746,.T.);
#277=ORIENTED_EDGE('',*,*,#709,.T.);
#278=ORIENTED_EDGE('',*,*,#747,.F.);
#279=ORIENTED_EDGE('',*,*,#718,.F.);
#280=ORIENTED_EDGE('',*,*,#748,.T.);
#281=ORIENTED_EDGE('',*,*,#749,.F.);
#282=ORIENTED_EDGE('',*,*,#750,.T.);
#283=ORIENTED_EDGE('',*,*,#722,.F.);
#284=ORIENTED_EDGE('',*,*,#712,.F.);
#285=ORIENTED_EDGE('',*,*,#749,.T.);
#286=ORIENTED_EDGE('',*,*,#742,.F.);
#287=ORIENTED_EDGE('',*,*,#736,.F.);
#288=ORIENTED_EDGE('',*,*,#751,.F.);
#289=ORIENTED_EDGE('',*,*,#723,.F.);
#290=ORIENTED_EDGE('',*,*,#750,.F.);
#291=ORIENTED_EDGE('',*,*,#711,.F.);
#292=ORIENTED_EDGE('',*,*,#734,.F.);
#293=ORIENTED_EDGE('',*,*,#733,.F.);
#294=ORIENTED_EDGE('',*,*,#752,.F.);
#295=ORIENTED_EDGE('',*,*,#716,.F.);
#296=ORIENTED_EDGE('',*,*,#751,.T.);
#297=ORIENTED_EDGE('',*,*,#735,.F.);
#298=ORIENTED_EDGE('',*,*,#748,.F.);
#299=ORIENTED_EDGE('',*,*,#717,.F.);
#300=ORIENTED_EDGE('',*,*,#752,.T.);
#301=ORIENTED_EDGE('',*,*,#732,.F.);
#302=ORIENTED_EDGE('',*,*,#743,.F.);
#303=ORIENTED_EDGE('',*,*,#713,.F.);
#304=ORIENTED_EDGE('',*,*,#753,.F.);
#305=ORIENTED_EDGE('',*,*,#754,.T.);
#306=ORIENTED_EDGE('',*,*,#755,.F.);
#307=ORIENTED_EDGE('',*,*,#753,.T.);
#308=ORIENTED_EDGE('',*,*,#754,.F.);
#309=ORIENTED_EDGE('',*,*,#756,.F.);
#310=ORIENTED_EDGE('',*,*,#755,.T.);
#311=ORIENTED_EDGE('',*,*,#756,.T.);
#312=ORIENTED_EDGE('',*,*,#757,.T.);
#313=ORIENTED_EDGE('',*,*,#758,.T.);
#314=ORIENTED_EDGE('',*,*,#757,.F.);
#315=ORIENTED_EDGE('',*,*,#759,.F.);
#316=ORIENTED_EDGE('',*,*,#758,.F.);
#317=ORIENTED_EDGE('',*,*,#760,.T.);
#318=ORIENTED_EDGE('',*,*,#760,.F.);
#319=ORIENTED_EDGE('',*,*,#759,.T.);
#320=ORIENTED_EDGE('',*,*,#761,.T.);
#321=ORIENTED_EDGE('',*,*,#762,.F.);
#322=ORIENTED_EDGE('',*,*,#762,.T.);
#323=ORIENTED_EDGE('',*,*,#763,.F.);
#324=ORIENTED_EDGE('',*,*,#761,.F.);
#325=ORIENTED_EDGE('',*,*,#763,.T.);
#326=ORIENTED_EDGE('',*,*,#764,.T.);
#327=ORIENTED_EDGE('',*,*,#765,.T.);
#328=ORIENTED_EDGE('',*,*,#766,.T.);
#329=ORIENTED_EDGE('',*,*,#767,.F.);
#330=ORIENTED_EDGE('',*,*,#768,.F.);
#331=ORIENTED_EDGE('',*,*,#769,.T.);
#332=ORIENTED_EDGE('',*,*,#770,.F.);
#333=ORIENTED_EDGE('',*,*,#771,.F.);
#334=ORIENTED_EDGE('',*,*,#772,.T.);
#335=ORIENTED_EDGE('',*,*,#773,.F.);
#336=ORIENTED_EDGE('',*,*,#774,.T.);
#337=ORIENTED_EDGE('',*,*,#775,.T.);
#338=ORIENTED_EDGE('',*,*,#776,.F.);
#339=ORIENTED_EDGE('',*,*,#777,.F.);
#340=ORIENTED_EDGE('',*,*,#778,.T.);
#341=ORIENTED_EDGE('',*,*,#779,.F.);
#342=ORIENTED_EDGE('',*,*,#780,.F.);
#343=ORIENTED_EDGE('',*,*,#781,.T.);
#344=ORIENTED_EDGE('',*,*,#782,.F.);
#345=ORIENTED_EDGE('',*,*,#783,.T.);
#346=ORIENTED_EDGE('',*,*,#784,.T.);
#347=ORIENTED_EDGE('',*,*,#785,.F.);
#348=ORIENTED_EDGE('',*,*,#786,.T.);
#349=ORIENTED_EDGE('',*,*,#787,.T.);
#350=ORIENTED_EDGE('',*,*,#788,.F.);
#351=ORIENTED_EDGE('',*,*,#789,.T.);
#352=ORIENTED_EDGE('',*,*,#790,.T.);
#353=ORIENTED_EDGE('',*,*,#791,.T.);
#354=ORIENTED_EDGE('',*,*,#786,.F.);
#355=ORIENTED_EDGE('',*,*,#792,.T.);
#356=ORIENTED_EDGE('',*,*,#793,.F.);
#357=ORIENTED_EDGE('',*,*,#790,.F.);
#358=ORIENTED_EDGE('',*,*,#794,.F.);
#359=ORIENTED_EDGE('',*,*,#795,.T.);
#360=ORIENTED_EDGE('',*,*,#796,.T.);
#361=ORIENTED_EDGE('',*,*,#797,.F.);
#362=ORIENTED_EDGE('',*,*,#798,.F.);
#363=ORIENTED_EDGE('',*,*,#799,.F.);
#364=ORIENTED_EDGE('',*,*,#800,.F.);
#365=ORIENTED_EDGE('',*,*,#801,.F.);
#366=ORIENTED_EDGE('',*,*,#802,.T.);
#367=ORIENTED_EDGE('',*,*,#803,.T.);
#368=ORIENTED_EDGE('',*,*,#804,.T.);
#369=ORIENTED_EDGE('',*,*,#805,.T.);
#370=ORIENTED_EDGE('',*,*,#806,.T.);
#371=ORIENTED_EDGE('',*,*,#807,.T.);
#372=ORIENTED_EDGE('',*,*,#808,.F.);
#373=ORIENTED_EDGE('',*,*,#809,.T.);
#374=ORIENTED_EDGE('',*,*,#810,.T.);
#375=ORIENTED_EDGE('',*,*,#811,.T.);
#376=ORIENTED_EDGE('',*,*,#812,.T.);
#377=ORIENTED_EDGE('',*,*,#813,.F.);
#378=ORIENTED_EDGE('',*,*,#814,.F.);
#379=ORIENTED_EDGE('',*,*,#815,.F.);
#380=ORIENTED_EDGE('',*,*,#816,.T.);
#381=ORIENTED_EDGE('',*,*,#817,.T.);
#382=ORIENTED_EDGE('',*,*,#818,.T.);
#383=ORIENTED_EDGE('',*,*,#819,.F.);
#384=ORIENTED_EDGE('',*,*,#820,.F.);
#385=ORIENTED_EDGE('',*,*,#821,.T.);
#386=ORIENTED_EDGE('',*,*,#817,.F.);
#387=ORIENTED_EDGE('',*,*,#822,.T.);
#388=ORIENTED_EDGE('',*,*,#800,.T.);
#389=ORIENTED_EDGE('',*,*,#823,.F.);
#390=ORIENTED_EDGE('',*,*,#809,.F.);
#391=ORIENTED_EDGE('',*,*,#824,.F.);
#392=ORIENTED_EDGE('',*,*,#795,.F.);
#393=ORIENTED_EDGE('',*,*,#825,.T.);
#394=ORIENTED_EDGE('',*,*,#788,.T.);
#395=ORIENTED_EDGE('',*,*,#826,.T.);
#396=ORIENTED_EDGE('',*,*,#766,.F.);
#397=ORIENTED_EDGE('',*,*,#771,.T.);
#398=ORIENTED_EDGE('',*,*,#827,.F.);
#399=ORIENTED_EDGE('',*,*,#828,.F.);
#400=ORIENTED_EDGE('',*,*,#829,.T.);
#401=ORIENTED_EDGE('',*,*,#764,.F.);
#402=ORIENTED_EDGE('',*,*,#830,.F.);
#403=ORIENTED_EDGE('',*,*,#831,.F.);
#404=ORIENTED_EDGE('',*,*,#769,.F.);
#405=ORIENTED_EDGE('',*,*,#832,.T.);
#406=ORIENTED_EDGE('',*,*,#780,.T.);
#407=ORIENTED_EDGE('',*,*,#833,.F.);
#408=ORIENTED_EDGE('',*,*,#834,.T.);
#409=ORIENTED_EDGE('',*,*,#835,.T.);
#410=ORIENTED_EDGE('',*,*,#836,.T.);
#411=ORIENTED_EDGE('',*,*,#778,.F.);
#412=ORIENTED_EDGE('',*,*,#837,.F.);
#413=ORIENTED_EDGE('',*,*,#838,.F.);
#414=ORIENTED_EDGE('',*,*,#839,.F.);
#415=ORIENTED_EDGE('',*,*,#840,.T.);
#416=ORIENTED_EDGE('',*,*,#841,.T.);
#417=ORIENTED_EDGE('',*,*,#813,.T.);
#418=ORIENTED_EDGE('',*,*,#842,.T.);
#419=ORIENTED_EDGE('',*,*,#796,.F.);
#420=ORIENTED_EDGE('',*,*,#843,.F.);
#421=ORIENTED_EDGE('',*,*,#815,.T.);
#422=ORIENTED_EDGE('',*,*,#797,.T.);
#423=ORIENTED_EDGE('',*,*,#842,.F.);
#424=ORIENTED_EDGE('',*,*,#812,.F.);
#425=ORIENTED_EDGE('',*,*,#844,.T.);
#426=ORIENTED_EDGE('',*,*,#845,.T.);
#427=ORIENTED_EDGE('',*,*,#798,.T.);
#428=ORIENTED_EDGE('',*,*,#844,.F.);
#429=ORIENTED_EDGE('',*,*,#811,.F.);
#430=ORIENTED_EDGE('',*,*,#846,.T.);
#431=ORIENTED_EDGE('',*,*,#799,.T.);
#432=ORIENTED_EDGE('',*,*,#846,.F.);
#433=ORIENTED_EDGE('',*,*,#810,.F.);
#434=ORIENTED_EDGE('',*,*,#823,.T.);
#435=ORIENTED_EDGE('',*,*,#847,.F.);
#436=ORIENTED_EDGE('',*,*,#828,.T.);
#437=ORIENTED_EDGE('',*,*,#848,.F.);
#438=ORIENTED_EDGE('',*,*,#835,.F.);
#439=ORIENTED_EDGE('',*,*,#849,.T.);
#440=ORIENTED_EDGE('',*,*,#801,.T.);
#441=ORIENTED_EDGE('',*,*,#822,.F.);
#442=ORIENTED_EDGE('',*,*,#816,.F.);
#443=ORIENTED_EDGE('',*,*,#843,.T.);
#444=ORIENTED_EDGE('',*,*,#850,.F.);
#445=ORIENTED_EDGE('',*,*,#851,.T.);
#446=ORIENTED_EDGE('',*,*,#852,.F.);
#447=ORIENTED_EDGE('',*,*,#853,.F.);
#448=ORIENTED_EDGE('',*,*,#829,.F.);
#449=ORIENTED_EDGE('',*,*,#849,.F.);
#450=ORIENTED_EDGE('',*,*,#837,.T.);
#451=ORIENTED_EDGE('',*,*,#781,.F.);
#452=ORIENTED_EDGE('',*,*,#832,.F.);
#453=ORIENTED_EDGE('',*,*,#772,.F.);
#454=ORIENTED_EDGE('',*,*,#825,.F.);
#455=ORIENTED_EDGE('',*,*,#794,.T.);
#456=ORIENTED_EDGE('',*,*,#792,.F.);
#457=ORIENTED_EDGE('',*,*,#789,.F.);
#458=ORIENTED_EDGE('',*,*,#847,.T.);
#459=ORIENTED_EDGE('',*,*,#845,.F.);
#460=ORIENTED_EDGE('',*,*,#814,.T.);
#461=ORIENTED_EDGE('',*,*,#821,.F.);
#462=ORIENTED_EDGE('',*,*,#854,.F.);
#463=ORIENTED_EDGE('',*,*,#839,.T.);
#464=ORIENTED_EDGE('',*,*,#808,.T.);
#465=ORIENTED_EDGE('',*,*,#841,.F.);
#466=ORIENTED_EDGE('',*,*,#855,.F.);
#467=ORIENTED_EDGE('',*,*,#819,.T.);
#468=ORIENTED_EDGE('',*,*,#840,.F.);
#469=ORIENTED_EDGE('',*,*,#854,.T.);
#470=ORIENTED_EDGE('',*,*,#820,.T.);
#471=ORIENTED_EDGE('',*,*,#855,.T.);
#472=ORIENTED_EDGE('',*,*,#856,.F.);
#473=ORIENTED_EDGE('',*,*,#857,.T.);
#474=ORIENTED_EDGE('',*,*,#858,.T.);
#475=ORIENTED_EDGE('',*,*,#826,.F.);
#476=ORIENTED_EDGE('',*,*,#859,.T.);
#477=ORIENTED_EDGE('',*,*,#860,.F.);
#478=ORIENTED_EDGE('',*,*,#861,.F.);
#479=ORIENTED_EDGE('',*,*,#862,.T.);
#480=ORIENTED_EDGE('',*,*,#863,.T.);
#481=ORIENTED_EDGE('',*,*,#862,.F.);
#482=ORIENTED_EDGE('',*,*,#864,.F.);
#483=ORIENTED_EDGE('',*,*,#865,.T.);
#484=ORIENTED_EDGE('',*,*,#824,.T.);
#485=ORIENTED_EDGE('',*,*,#866,.T.);
#486=ORIENTED_EDGE('',*,*,#865,.F.);
#487=ORIENTED_EDGE('',*,*,#867,.F.);
#488=ORIENTED_EDGE('',*,*,#868,.T.);
#489=ORIENTED_EDGE('',*,*,#857,.F.);
#490=ORIENTED_EDGE('',*,*,#869,.F.);
#491=ORIENTED_EDGE('',*,*,#870,.T.);
#492=ORIENTED_EDGE('',*,*,#852,.T.);
#493=ORIENTED_EDGE('',*,*,#870,.F.);
#494=ORIENTED_EDGE('',*,*,#871,.F.);
#495=ORIENTED_EDGE('',*,*,#872,.T.);
#496=ORIENTED_EDGE('',*,*,#803,.F.);
#497=ORIENTED_EDGE('',*,*,#873,.F.);
#498=ORIENTED_EDGE('',*,*,#874,.T.);
#499=ORIENTED_EDGE('',*,*,#875,.T.);
#500=ORIENTED_EDGE('',*,*,#804,.F.);
#501=ORIENTED_EDGE('',*,*,#875,.F.);
#502=ORIENTED_EDGE('',*,*,#876,.T.);
#503=ORIENTED_EDGE('',*,*,#877,.T.);
#504=ORIENTED_EDGE('',*,*,#805,.F.);
#505=ORIENTED_EDGE('',*,*,#877,.F.);
#506=ORIENTED_EDGE('',*,*,#878,.T.);
#507=ORIENTED_EDGE('',*,*,#879,.T.);
#508=ORIENTED_EDGE('',*,*,#806,.F.);
#509=ORIENTED_EDGE('',*,*,#879,.F.);
#510=ORIENTED_EDGE('',*,*,#880,.T.);
#511=ORIENTED_EDGE('',*,*,#881,.T.);
#512=ORIENTED_EDGE('',*,*,#807,.F.);
#513=ORIENTED_EDGE('',*,*,#881,.F.);
#514=ORIENTED_EDGE('',*,*,#882,.T.);
#515=ORIENTED_EDGE('',*,*,#883,.T.);
#516=ORIENTED_EDGE('',*,*,#802,.F.);
#517=ORIENTED_EDGE('',*,*,#883,.F.);
#518=ORIENTED_EDGE('',*,*,#884,.T.);
#519=ORIENTED_EDGE('',*,*,#873,.T.);
#520=ORIENTED_EDGE('',*,*,#853,.T.);
#521=ORIENTED_EDGE('',*,*,#872,.F.);
#522=ORIENTED_EDGE('',*,*,#885,.F.);
#523=ORIENTED_EDGE('',*,*,#860,.T.);
#524=ORIENTED_EDGE('',*,*,#874,.F.);
#525=ORIENTED_EDGE('',*,*,#884,.F.);
#526=ORIENTED_EDGE('',*,*,#882,.F.);
#527=ORIENTED_EDGE('',*,*,#880,.F.);
#528=ORIENTED_EDGE('',*,*,#878,.F.);
#529=ORIENTED_EDGE('',*,*,#876,.F.);
#530=ORIENTED_EDGE('',*,*,#791,.F.);
#531=ORIENTED_EDGE('',*,*,#793,.T.);
#532=ORIENTED_EDGE('',*,*,#867,.T.);
#533=ORIENTED_EDGE('',*,*,#864,.T.);
#534=ORIENTED_EDGE('',*,*,#861,.T.);
#535=ORIENTED_EDGE('',*,*,#885,.T.);
#536=ORIENTED_EDGE('',*,*,#871,.T.);
#537=ORIENTED_EDGE('',*,*,#869,.T.);
#538=ORIENTED_EDGE('',*,*,#856,.T.);
#539=ORIENTED_EDGE('',*,*,#787,.F.);
#540=ORIENTED_EDGE('',*,*,#783,.F.);
#541=ORIENTED_EDGE('',*,*,#886,.F.);
#542=ORIENTED_EDGE('',*,*,#887,.T.);
#543=ORIENTED_EDGE('',*,*,#888,.T.);
#544=ORIENTED_EDGE('',*,*,#782,.T.);
#545=ORIENTED_EDGE('',*,*,#889,.F.);
#546=ORIENTED_EDGE('',*,*,#890,.F.);
#547=ORIENTED_EDGE('',*,*,#886,.T.);
#548=ORIENTED_EDGE('',*,*,#785,.T.);
#549=ORIENTED_EDGE('',*,*,#891,.F.);
#550=ORIENTED_EDGE('',*,*,#892,.F.);
#551=ORIENTED_EDGE('',*,*,#889,.T.);
#552=ORIENTED_EDGE('',*,*,#784,.F.);
#553=ORIENTED_EDGE('',*,*,#888,.F.);
#554=ORIENTED_EDGE('',*,*,#893,.T.);
#555=ORIENTED_EDGE('',*,*,#891,.T.);
#556=ORIENTED_EDGE('',*,*,#887,.F.);
#557=ORIENTED_EDGE('',*,*,#890,.T.);
#558=ORIENTED_EDGE('',*,*,#892,.T.);
#559=ORIENTED_EDGE('',*,*,#893,.F.);
#560=ORIENTED_EDGE('',*,*,#774,.F.);
#561=ORIENTED_EDGE('',*,*,#894,.F.);
#562=ORIENTED_EDGE('',*,*,#895,.T.);
#563=ORIENTED_EDGE('',*,*,#896,.T.);
#564=ORIENTED_EDGE('',*,*,#773,.T.);
#565=ORIENTED_EDGE('',*,*,#897,.F.);
#566=ORIENTED_EDGE('',*,*,#898,.F.);
#567=ORIENTED_EDGE('',*,*,#894,.T.);
#568=ORIENTED_EDGE('',*,*,#776,.T.);
#569=ORIENTED_EDGE('',*,*,#899,.F.);
#570=ORIENTED_EDGE('',*,*,#900,.F.);
#571=ORIENTED_EDGE('',*,*,#897,.T.);
#572=ORIENTED_EDGE('',*,*,#775,.F.);
#573=ORIENTED_EDGE('',*,*,#896,.F.);
#574=ORIENTED_EDGE('',*,*,#901,.T.);
#575=ORIENTED_EDGE('',*,*,#899,.T.);
#576=ORIENTED_EDGE('',*,*,#895,.F.);
#577=ORIENTED_EDGE('',*,*,#898,.T.);
#578=ORIENTED_EDGE('',*,*,#900,.T.);
#579=ORIENTED_EDGE('',*,*,#901,.F.);
#580=ORIENTED_EDGE('',*,*,#777,.T.);
#581=ORIENTED_EDGE('',*,*,#818,.F.);
#582=ORIENTED_EDGE('',*,*,#838,.T.);
#583=ORIENTED_EDGE('',*,*,#768,.T.);
#584=ORIENTED_EDGE('',*,*,#765,.F.);
#585=ORIENTED_EDGE('',*,*,#834,.F.);
#586=ORIENTED_EDGE('',*,*,#902,.T.);
#587=ORIENTED_EDGE('',*,*,#903,.T.);
#588=ORIENTED_EDGE('',*,*,#767,.T.);
#589=ORIENTED_EDGE('',*,*,#904,.F.);
#590=ORIENTED_EDGE('',*,*,#905,.F.);
#591=ORIENTED_EDGE('',*,*,#830,.T.);
#592=ORIENTED_EDGE('',*,*,#858,.F.);
#593=ORIENTED_EDGE('',*,*,#906,.F.);
#594=ORIENTED_EDGE('',*,*,#907,.F.);
#595=ORIENTED_EDGE('',*,*,#904,.T.);
#596=ORIENTED_EDGE('',*,*,#868,.F.);
#597=ORIENTED_EDGE('',*,*,#908,.F.);
#598=ORIENTED_EDGE('',*,*,#909,.T.);
#599=ORIENTED_EDGE('',*,*,#906,.T.);
#600=ORIENTED_EDGE('',*,*,#851,.F.);
#601=ORIENTED_EDGE('',*,*,#910,.F.);
#602=ORIENTED_EDGE('',*,*,#911,.T.);
#603=ORIENTED_EDGE('',*,*,#908,.T.);
#604=ORIENTED_EDGE('',*,*,#850,.T.);
#605=ORIENTED_EDGE('',*,*,#912,.F.);
#606=ORIENTED_EDGE('',*,*,#913,.F.);
#607=ORIENTED_EDGE('',*,*,#910,.T.);
#608=ORIENTED_EDGE('',*,*,#859,.F.);
#609=ORIENTED_EDGE('',*,*,#914,.F.);
#610=ORIENTED_EDGE('',*,*,#915,.F.);
#611=ORIENTED_EDGE('',*,*,#912,.T.);
#612=ORIENTED_EDGE('',*,*,#863,.F.);
#613=ORIENTED_EDGE('',*,*,#916,.F.);
#614=ORIENTED_EDGE('',*,*,#917,.F.);
#615=ORIENTED_EDGE('',*,*,#914,.T.);
#616=ORIENTED_EDGE('',*,*,#866,.F.);
#617=ORIENTED_EDGE('',*,*,#903,.F.);
#618=ORIENTED_EDGE('',*,*,#918,.F.);
#619=ORIENTED_EDGE('',*,*,#916,.T.);
#620=ORIENTED_EDGE('',*,*,#902,.F.);
#621=ORIENTED_EDGE('',*,*,#833,.T.);
#622=ORIENTED_EDGE('',*,*,#779,.T.);
#623=ORIENTED_EDGE('',*,*,#836,.F.);
#624=ORIENTED_EDGE('',*,*,#848,.T.);
#625=ORIENTED_EDGE('',*,*,#827,.T.);
#626=ORIENTED_EDGE('',*,*,#770,.T.);
#627=ORIENTED_EDGE('',*,*,#831,.T.);
#628=ORIENTED_EDGE('',*,*,#905,.T.);
#629=ORIENTED_EDGE('',*,*,#907,.T.);
#630=ORIENTED_EDGE('',*,*,#909,.F.);
#631=ORIENTED_EDGE('',*,*,#911,.F.);
#632=ORIENTED_EDGE('',*,*,#913,.T.);
#633=ORIENTED_EDGE('',*,*,#915,.T.);
#634=ORIENTED_EDGE('',*,*,#917,.T.);
#635=ORIENTED_EDGE('',*,*,#918,.T.);
#636=EDGE_CURVE('',#919,#920,#1109,.T.);
#637=EDGE_CURVE('',#921,#919,#1110,.T.);
#638=EDGE_CURVE('',#921,#922,#1111,.T.);
#639=EDGE_CURVE('',#922,#920,#1112,.T.);
#640=EDGE_CURVE('',#923,#919,#1113,.T.);
#641=EDGE_CURVE('',#924,#923,#1114,.T.);
#642=EDGE_CURVE('',#924,#921,#1115,.T.);
#643=EDGE_CURVE('',#925,#923,#1116,.T.);
#644=EDGE_CURVE('',#926,#925,#1117,.T.);
#645=EDGE_CURVE('',#926,#924,#1118,.T.);
#646=EDGE_CURVE('',#927,#925,#1119,.T.);
#647=EDGE_CURVE('',#928,#927,#1120,.T.);
#648=EDGE_CURVE('',#928,#926,#1121,.T.);
#649=EDGE_CURVE('',#929,#927,#1122,.T.);
#650=EDGE_CURVE('',#930,#929,#1123,.T.);
#651=EDGE_CURVE('',#930,#928,#1124,.T.);
#652=EDGE_CURVE('',#931,#932,#1125,.T.);
#653=EDGE_CURVE('',#933,#932,#1126,.T.);
#654=EDGE_CURVE('',#934,#933,#1127,.T.);
#655=EDGE_CURVE('',#934,#931,#1128,.T.);
#656=EDGE_CURVE('',#932,#935,#1129,.T.);
#657=EDGE_CURVE('',#936,#935,#1130,.T.);
#658=EDGE_CURVE('',#933,#936,#1131,.T.);
#659=EDGE_CURVE('',#935,#937,#1132,.T.);
#660=EDGE_CURVE('',#938,#937,#1133,.T.);
#661=EDGE_CURVE('',#936,#938,#1134,.T.);
#662=EDGE_CURVE('',#937,#939,#1135,.T.);
#663=EDGE_CURVE('',#940,#939,#1136,.T.);
#664=EDGE_CURVE('',#938,#940,#1137,.T.);
#665=EDGE_CURVE('',#939,#941,#1138,.T.);
#666=EDGE_CURVE('',#942,#941,#1139,.T.);
#667=EDGE_CURVE('',#940,#942,#1140,.T.);
#668=EDGE_CURVE('',#941,#931,#1141,.T.);
#669=EDGE_CURVE('',#942,#934,#1142,.T.);
#670=EDGE_CURVE('',#920,#929,#1143,.T.);
#671=EDGE_CURVE('',#922,#930,#1144,.T.);
#672=EDGE_CURVE('',#943,#944,#1145,.T.);
#673=EDGE_CURVE('',#945,#944,#1146,.T.);
#674=EDGE_CURVE('',#946,#945,#1147,.T.);
#675=EDGE_CURVE('',#946,#943,#1148,.T.);
#676=EDGE_CURVE('',#944,#947,#1149,.T.);
#677=EDGE_CURVE('',#948,#947,#1150,.T.);
#678=EDGE_CURVE('',#945,#948,#1151,.T.);
#679=EDGE_CURVE('',#947,#949,#1152,.T.);
#680=EDGE_CURVE('',#950,#949,#1153,.T.);
#681=EDGE_CURVE('',#948,#950,#1154,.T.);
#682=EDGE_CURVE('',#949,#951,#1155,.T.);
#683=EDGE_CURVE('',#952,#951,#1156,.T.);
#684=EDGE_CURVE('',#950,#952,#1157,.T.);
#685=EDGE_CURVE('',#951,#953,#1158,.T.);
#686=EDGE_CURVE('',#954,#953,#1159,.T.);
#687=EDGE_CURVE('',#952,#954,#1160,.T.);
#688=EDGE_CURVE('',#953,#955,#1161,.T.);
#689=EDGE_CURVE('',#956,#955,#1162,.T.);
#690=EDGE_CURVE('',#954,#956,#1163,.T.);
#691=EDGE_CURVE('',#955,#957,#1164,.T.);
#692=EDGE_CURVE('',#958,#957,#1165,.T.);
#693=EDGE_CURVE('',#956,#958,#1166,.T.);
#694=EDGE_CURVE('',#957,#959,#1167,.T.);
#695=EDGE_CURVE('',#960,#959,#1168,.T.);
#696=EDGE_CURVE('',#958,#960,#1169,.T.);
#697=EDGE_CURVE('',#961,#959,#1170,.T.);
#698=EDGE_CURVE('',#962,#961,#1171,.T.);
#699=EDGE_CURVE('',#962,#960,#1172,.T.);
#700=EDGE_CURVE('',#961,#943,#42,.T.);
#701=EDGE_CURVE('',#962,#946,#43,.T.);
#702=EDGE_CURVE('',#963,#964,#1173,.T.);
#703=EDGE_CURVE('',#965,#963,#1174,.T.);
#704=EDGE_CURVE('',#965,#966,#1175,.T.);
#705=EDGE_CURVE('',#966,#964,#1176,.T.);
#706=EDGE_CURVE('',#967,#968,#1177,.T.);
#707=EDGE_CURVE('',#967,#969,#1178,.T.);
#708=EDGE_CURVE('',#969,#970,#1179,.T.);
#709=EDGE_CURVE('',#968,#970,#1180,.T.);
#710=EDGE_CURVE('',#971,#972,#1181,.T.);
#711=EDGE_CURVE('',#972,#973,#17,.T.);
#712=EDGE_CURVE('',#973,#974,#1182,.T.);
#713=EDGE_CURVE('',#974,#975,#18,.T.);
#714=EDGE_CURVE('',#976,#975,#1183,.T.);
#715=EDGE_CURVE('',#971,#976,#1184,.T.);
#716=EDGE_CURVE('',#977,#978,#19,.T.);
#717=EDGE_CURVE('',#978,#979,#20,.T.);
#718=EDGE_CURVE('',#979,#980,#1185,.T.);
#719=EDGE_CURVE('',#981,#980,#1186,.T.);
#720=EDGE_CURVE('',#982,#981,#1187,.T.);
#721=EDGE_CURVE('',#982,#983,#1188,.T.);
#722=EDGE_CURVE('',#983,#984,#1189,.T.);
#723=EDGE_CURVE('',#984,#977,#21,.T.);
#724=EDGE_CURVE('',#985,#986,#1190,.T.);
#725=EDGE_CURVE('',#987,#986,#1191,.T.);
#726=EDGE_CURVE('',#988,#987,#1192,.T.);
#727=EDGE_CURVE('',#988,#985,#1193,.T.);
#728=EDGE_CURVE('',#985,#963,#1194,.T.);
#729=EDGE_CURVE('',#988,#965,#1195,.T.);
#730=EDGE_CURVE('',#964,#986,#1196,.T.);
#731=EDGE_CURVE('',#966,#987,#1197,.T.);
#732=EDGE_CURVE('',#989,#990,#22,.T.);
#733=EDGE_CURVE('',#990,#991,#23,.T.);
#734=EDGE_CURVE('',#991,#992,#24,.T.);
#735=EDGE_CURVE('',#992,#993,#25,.T.);
#736=EDGE_CURVE('',#993,#994,#26,.T.);
#737=EDGE_CURVE('',#995,#994,#1198,.T.);
#738=EDGE_CURVE('',#995,#996,#1199,.T.);
#739=EDGE_CURVE('',#996,#989,#1200,.T.);
#740=EDGE_CURVE('',#976,#996,#1201,.T.);
#741=EDGE_CURVE('',#971,#995,#1202,.T.);
#742=EDGE_CURVE('',#994,#972,#27,.T.);
#743=EDGE_CURVE('',#975,#989,#28,.T.);
#744=EDGE_CURVE('',#981,#969,#1203,.T.);
#745=EDGE_CURVE('',#982,#967,#1204,.T.);
#746=EDGE_CURVE('',#983,#968,#1205,.T.);
#747=EDGE_CURVE('',#980,#970,#1206,.T.);
#748=EDGE_CURVE('',#979,#974,#29,.T.);
#749=EDGE_CURVE('',#973,#974,#1207,.T.);
#750=EDGE_CURVE('',#973,#984,#30,.T.);
#751=EDGE_CURVE('',#977,#993,#31,.F.);
#752=EDGE_CURVE('',#978,#990,#32,.F.);
#753=EDGE_CURVE('',#997,#997,#44,.T.);
#754=EDGE_CURVE('',#998,#998,#45,.T.);
#755=EDGE_CURVE('',#999,#999,#46,.T.);
#756=EDGE_CURVE('',#1000,#1000,#47,.T.);
#757=EDGE_CURVE('',#1001,#1001,#48,.F.);
#758=EDGE_CURVE('',#1002,#1002,#49,.F.);
#759=EDGE_CURVE('',#1003,#1003,#50,.T.);
#760=EDGE_CURVE('',#1004,#1004,#51,.T.);
#761=EDGE_CURVE('',#1005,#1005,#52,.F.);
#762=EDGE_CURVE('',#1006,#1006,#53,.F.);
#763=EDGE_CURVE('',#1007,#1007,#54,.F.);
#764=EDGE_CURVE('',#1008,#1009,#1208,.T.);
#765=EDGE_CURVE('',#1009,#1010,#1209,.T.);
#766=EDGE_CURVE('',#1010,#1011,#1210,.T.);
#767=EDGE_CURVE('',#1008,#1011,#1211,.T.);
#768=EDGE_CURVE('',#1012,#1012,#55,.T.);
#769=EDGE_CURVE('',#1013,#1014,#1212,.T.);
#770=EDGE_CURVE('',#1015,#1014,#1213,.T.);
#771=EDGE_CURVE('',#1016,#1015,#1214,.T.);
#772=EDGE_CURVE('',#1016,#1013,#1215,.T.);
#773=EDGE_CURVE('',#1017,#1018,#1216,.T.);
#774=EDGE_CURVE('',#1017,#1019,#1217,.T.);
#775=EDGE_CURVE('',#1019,#1020,#1218,.T.);
#776=EDGE_CURVE('',#1018,#1020,#1219,.T.);
#777=EDGE_CURVE('',#1021,#1021,#56,.T.);
#778=EDGE_CURVE('',#1022,#1023,#1220,.T.);
#779=EDGE_CURVE('',#1024,#1023,#1221,.T.);
#780=EDGE_CURVE('',#1025,#1024,#1222,.T.);
#781=EDGE_CURVE('',#1025,#1022,#1223,.T.);
#782=EDGE_CURVE('',#1026,#1027,#1224,.T.);
#783=EDGE_CURVE('',#1026,#1028,#1225,.T.);
#784=EDGE_CURVE('',#1028,#1029,#1226,.T.);
#785=EDGE_CURVE('',#1027,#1029,#1227,.T.);
#786=EDGE_CURVE('',#1030,#1031,#1228,.T.);
#787=EDGE_CURVE('',#1031,#1032,#1229,.T.);
#788=EDGE_CURVE('',#1033,#1032,#1230,.T.);
#789=EDGE_CURVE('',#1033,#1030,#1231,.T.);
#790=EDGE_CURVE('',#1034,#1035,#1232,.T.);
#791=EDGE_CURVE('',#1035,#1031,#1233,.T.);
#792=EDGE_CURVE('',#1030,#1034,#1234,.T.);
#793=EDGE_CURVE('',#1035,#1036,#1235,.T.);
#794=EDGE_CURVE('',#1037,#1034,#1236,.T.);
#795=EDGE_CURVE('',#1037,#1036,#1237,.T.);
#796=EDGE_CURVE('',#1038,#1039,#1238,.T.);
#797=EDGE_CURVE('',#1040,#1039,#1239,.T.);
#798=EDGE_CURVE('',#1041,#1040,#1240,.T.);
#799=EDGE_CURVE('',#1042,#1041,#1241,.T.);
#800=EDGE_CURVE('',#1043,#1042,#1242,.T.);
#801=EDGE_CURVE('',#1038,#1043,#1243,.T.);
#802=EDGE_CURVE('',#1044,#1045,#1244,.T.);
#803=EDGE_CURVE('',#1045,#1046,#1245,.T.);
#804=EDGE_CURVE('',#1046,#1047,#1246,.T.);
#805=EDGE_CURVE('',#1047,#1048,#1247,.T.);
#806=EDGE_CURVE('',#1048,#1049,#1248,.T.);
#807=EDGE_CURVE('',#1049,#1044,#1249,.T.);
#808=EDGE_CURVE('',#1050,#1051,#1250,.T.);
#809=EDGE_CURVE('',#1050,#1052,#1251,.T.);
#810=EDGE_CURVE('',#1052,#1053,#1252,.T.);
#811=EDGE_CURVE('',#1053,#1054,#1253,.T.);
#812=EDGE_CURVE('',#1054,#1055,#1254,.T.);
#813=EDGE_CURVE('',#1051,#1055,#1255,.T.);
#814=EDGE_CURVE('',#1056,#1057,#1256,.T.);
#815=EDGE_CURVE('',#1058,#1056,#1257,.T.);
#816=EDGE_CURVE('',#1058,#1059,#1258,.T.);
#817=EDGE_CURVE('',#1059,#1057,#1259,.T.);
#818=EDGE_CURVE('',#1060,#1060,#57,.T.);
#819=EDGE_CURVE('',#1061,#1050,#1260,.T.);
#820=EDGE_CURVE('',#1062,#1061,#1261,.T.);
#821=EDGE_CURVE('',#1062,#1057,#1262,.T.);
#822=EDGE_CURVE('',#1059,#1043,#1263,.T.);
#823=EDGE_CURVE('',#1052,#1042,#1264,.T.);
#824=EDGE_CURVE('',#1036,#1010,#1265,.T.);
#825=EDGE_CURVE('',#1037,#1033,#1266,.T.);
#826=EDGE_CURVE('',#1032,#1011,#1267,.T.);
#827=EDGE_CURVE('',#1063,#1015,#1268,.T.);
#828=EDGE_CURVE('',#1064,#1063,#1269,.T.);
#829=EDGE_CURVE('',#1064,#1016,#1270,.T.);
#830=EDGE_CURVE('',#1065,#1008,#1271,.T.);
#831=EDGE_CURVE('',#1014,#1065,#1272,.T.);
#832=EDGE_CURVE('',#1013,#1025,#1273,.T.);
#833=EDGE_CURVE('',#1066,#1024,#1274,.T.);
#834=EDGE_CURVE('',#1066,#1009,#1275,.T.);
#835=EDGE_CURVE('',#1067,#1068,#1276,.T.);
#836=EDGE_CURVE('',#1068,#1023,#1277,.T.);
#837=EDGE_CURVE('',#1067,#1022,#1278,.T.);
#838=EDGE_CURVE('',#1069,#1069,#58,.T.);
#839=EDGE_CURVE('',#1070,#1056,#1279,.T.);
#840=EDGE_CURVE('',#1070,#1071,#1280,.T.);
#841=EDGE_CURVE('',#1071,#1051,#1281,.T.);
#842=EDGE_CURVE('',#1055,#1039,#1282,.T.);
#843=EDGE_CURVE('',#1058,#1038,#1283,.T.);
#844=EDGE_CURVE('',#1054,#1040,#1284,.T.);
#845=EDGE_CURVE('',#1072,#1072,#59,.T.);
#846=EDGE_CURVE('',#1053,#1041,#1285,.T.);
#847=EDGE_CURVE('',#1073,#1073,#60,.T.);
#848=EDGE_CURVE('',#1068,#1063,#1286,.T.);
#849=EDGE_CURVE('',#1067,#1064,#1287,.T.);
#850=EDGE_CURVE('',#1074,#1075,#1288,.T.);
#851=EDGE_CURVE('',#1074,#1076,#1289,.T.);
#852=EDGE_CURVE('',#1077,#1076,#1290,.T.);
#853=EDGE_CURVE('',#1075,#1077,#1291,.T.);
#854=EDGE_CURVE('',#1070,#1062,#1292,.T.);
#855=EDGE_CURVE('',#1061,#1071,#1293,.T.);
#856=EDGE_CURVE('',#1078,#1032,#1294,.T.);
#857=EDGE_CURVE('',#1078,#1079,#1295,.T.);
#858=EDGE_CURVE('',#1079,#1011,#1296,.T.);
#859=EDGE_CURVE('',#1080,#1075,#1297,.T.);
#860=EDGE_CURVE('',#1081,#1075,#1298,.T.);
#861=EDGE_CURVE('',#1082,#1081,#1299,.T.);
#862=EDGE_CURVE('',#1082,#1080,#1300,.T.);
#863=EDGE_CURVE('',#1083,#1080,#1301,.T.);
#864=EDGE_CURVE('',#1084,#1082,#1302,.T.);
#865=EDGE_CURVE('',#1084,#1083,#1303,.T.);
#866=EDGE_CURVE('',#1010,#1083,#33,.T.);
#867=EDGE_CURVE('',#1036,#1084,#1304,.T.);
#868=EDGE_CURVE('',#1076,#1079,#1305,.T.);
#869=EDGE_CURVE('',#1085,#1078,#1306,.T.);
#870=EDGE_CURVE('',#1085,#1076,#1307,.T.);
#871=EDGE_CURVE('',#1086,#1085,#1308,.T.);
#872=EDGE_CURVE('',#1086,#1077,#1309,.T.);
#873=EDGE_CURVE('',#1087,#1045,#1310,.T.);
#874=EDGE_CURVE('',#1087,#1088,#1311,.T.);
#875=EDGE_CURVE('',#1088,#1046,#1312,.T.);
#876=EDGE_CURVE('',#1088,#1089,#1313,.T.);
#877=EDGE_CURVE('',#1089,#1047,#1314,.T.);
#878=EDGE_CURVE('',#1089,#1090,#1315,.T.);
#879=EDGE_CURVE('',#1090,#1048,#1316,.T.);
#880=EDGE_CURVE('',#1090,#1091,#1317,.T.);
#881=EDGE_CURVE('',#1091,#1049,#1318,.T.);
#882=EDGE_CURVE('',#1091,#1092,#1319,.T.);
#883=EDGE_CURVE('',#1092,#1044,#1320,.T.);
#884=EDGE_CURVE('',#1092,#1087,#1321,.T.);
#885=EDGE_CURVE('',#1081,#1086,#1322,.T.);
#886=EDGE_CURVE('',#1093,#1026,#1323,.T.);
#887=EDGE_CURVE('',#1093,#1094,#1324,.T.);
#888=EDGE_CURVE('',#1094,#1028,#1325,.T.);
#889=EDGE_CURVE('',#1095,#1027,#1326,.T.);
#890=EDGE_CURVE('',#1093,#1095,#1327,.T.);
#891=EDGE_CURVE('',#1096,#1029,#1328,.T.);
#892=EDGE_CURVE('',#1095,#1096,#1329,.T.);
#893=EDGE_CURVE('',#1094,#1096,#1330,.T.);
#894=EDGE_CURVE('',#1097,#1017,#1331,.T.);
#895=EDGE_CURVE('',#1097,#1098,#1332,.T.);
#896=EDGE_CURVE('',#1098,#1019,#1333,.T.);
#897=EDGE_CURVE('',#1099,#1018,#1334,.T.);
#898=EDGE_CURVE('',#1097,#1099,#1335,.T.);
#899=EDGE_CURVE('',#1100,#1020,#1336,.T.);
#900=EDGE_CURVE('',#1099,#1100,#1337,.T.);
#901=EDGE_CURVE('',#1098,#1100,#1338,.T.);
#902=EDGE_CURVE('',#1066,#1101,#1339,.T.);
#903=EDGE_CURVE('',#1101,#1010,#1340,.T.);
#904=EDGE_CURVE('',#1102,#1011,#1341,.T.);
#905=EDGE_CURVE('',#1065,#1102,#1342,.T.);
#906=EDGE_CURVE('',#1103,#1079,#1343,.T.);
#907=EDGE_CURVE('',#1102,#1103,#1344,.T.);
#908=EDGE_CURVE('',#1104,#1076,#1345,.T.);
#909=EDGE_CURVE('',#1104,#1103,#1346,.T.);
#910=EDGE_CURVE('',#1105,#1074,#1347,.T.);
#911=EDGE_CURVE('',#1105,#1104,#1348,.T.);
#912=EDGE_CURVE('',#1106,#1075,#1349,.T.);
#913=EDGE_CURVE('',#1105,#1106,#1350,.T.);
#914=EDGE_CURVE('',#1107,#1080,#1351,.T.);
#915=EDGE_CURVE('',#1106,#1107,#1352,.T.);
#916=EDGE_CURVE('',#1108,#1083,#1353,.T.);
#917=EDGE_CURVE('',#1107,#1108,#1354,.T.);
#918=EDGE_CURVE('',#1108,#1101,#1355,.T.);
#919=VERTEX_POINT('',#2841);
#920=VERTEX_POINT('',#2842);
#921=VERTEX_POINT('',#2844);
#922=VERTEX_POINT('',#2846);
#923=VERTEX_POINT('',#2850);
#924=VERTEX_POINT('',#2852);
#925=VERTEX_POINT('',#2856);
#926=VERTEX_POINT('',#2858);
#927=VERTEX_POINT('',#2862);
#928=VERTEX_POINT('',#2864);
#929=VERTEX_POINT('',#2868);
#930=VERTEX_POINT('',#2870);
#931=VERTEX_POINT('',#2874);
#932=VERTEX_POINT('',#2875);
#933=VERTEX_POINT('',#2877);
#934=VERTEX_POINT('',#2879);
#935=VERTEX_POINT('',#2883);
#936=VERTEX_POINT('',#2885);
#937=VERTEX_POINT('',#2889);
#938=VERTEX_POINT('',#2891);
#939=VERTEX_POINT('',#2895);
#940=VERTEX_POINT('',#2897);
#941=VERTEX_POINT('',#2901);
#942=VERTEX_POINT('',#2903);
#943=VERTEX_POINT('',#2915);
#944=VERTEX_POINT('',#2916);
#945=VERTEX_POINT('',#2918);
#946=VERTEX_POINT('',#2920);
#947=VERTEX_POINT('',#2924);
#948=VERTEX_POINT('',#2926);
#949=VERTEX_POINT('',#2930);
#950=VERTEX_POINT('',#2932);
#951=VERTEX_POINT('',#2936);
#952=VERTEX_POINT('',#2938);
#953=VERTEX_POINT('',#2942);
#954=VERTEX_POINT('',#2944);
#955=VERTEX_POINT('',#2948);
#956=VERTEX_POINT('',#2950);
#957=VERTEX_POINT('',#2954);
#958=VERTEX_POINT('',#2956);
#959=VERTEX_POINT('',#2960);
#960=VERTEX_POINT('',#2962);
#961=VERTEX_POINT('',#2966);
#962=VERTEX_POINT('',#2968);
#963=VERTEX_POINT('',#2978);
#964=VERTEX_POINT('',#2979);
#965=VERTEX_POINT('',#2981);
#966=VERTEX_POINT('',#2983);
#967=VERTEX_POINT('',#2986);
#968=VERTEX_POINT('',#2987);
#969=VERTEX_POINT('',#2989);
#970=VERTEX_POINT('',#2991);
#971=VERTEX_POINT('',#2995);
#972=VERTEX_POINT('',#2996);
#973=VERTEX_POINT('',#3004);
#974=VERTEX_POINT('',#3006);
#975=VERTEX_POINT('',#3014);
#976=VERTEX_POINT('',#3016);
#977=VERTEX_POINT('',#3023);
#978=VERTEX_POINT('',#3024);
#979=VERTEX_POINT('',#3029);
#980=VERTEX_POINT('',#3031);
#981=VERTEX_POINT('',#3033);
#982=VERTEX_POINT('',#3035);
#983=VERTEX_POINT('',#3037);
#984=VERTEX_POINT('',#3039);
#985=VERTEX_POINT('',#3045);
#986=VERTEX_POINT('',#3046);
#987=VERTEX_POINT('',#3048);
#988=VERTEX_POINT('',#3050);
#989=VERTEX_POINT('',#3065);
#990=VERTEX_POINT('',#3066);
#991=VERTEX_POINT('',#3075);
#992=VERTEX_POINT('',#3080);
#993=VERTEX_POINT('',#3089);
#994=VERTEX_POINT('',#3094);
#995=VERTEX_POINT('',#3096);
#996=VERTEX_POINT('',#3098);
#997=VERTEX_POINT('',#3233);
#998=VERTEX_POINT('',#3235);
#999=VERTEX_POINT('',#3238);
#1000=VERTEX_POINT('',#3242);
#1001=VERTEX_POINT('',#3245);
#1002=VERTEX_POINT('',#3248);
#1003=VERTEX_POINT('',#3251);
#1004=VERTEX_POINT('',#3254);
#1005=VERTEX_POINT('',#3258);
#1006=VERTEX_POINT('',#3261);
#1007=VERTEX_POINT('',#3264);
#1008=VERTEX_POINT('',#3269);
#1009=VERTEX_POINT('',#3270);
#1010=VERTEX_POINT('',#3272);
#1011=VERTEX_POINT('',#3274);
#1012=VERTEX_POINT('',#3278);
#1013=VERTEX_POINT('',#3280);
#1014=VERTEX_POINT('',#3281);
#1015=VERTEX_POINT('',#3283);
#1016=VERTEX_POINT('',#3285);
#1017=VERTEX_POINT('',#3288);
#1018=VERTEX_POINT('',#3289);
#1019=VERTEX_POINT('',#3291);
#1020=VERTEX_POINT('',#3293);
#1021=VERTEX_POINT('',#3297);
#1022=VERTEX_POINT('',#3299);
#1023=VERTEX_POINT('',#3300);
#1024=VERTEX_POINT('',#3302);
#1025=VERTEX_POINT('',#3304);
#1026=VERTEX_POINT('',#3307);
#1027=VERTEX_POINT('',#3308);
#1028=VERTEX_POINT('',#3310);
#1029=VERTEX_POINT('',#3312);
#1030=VERTEX_POINT('',#3316);
#1031=VERTEX_POINT('',#3317);
#1032=VERTEX_POINT('',#3319);
#1033=VERTEX_POINT('',#3321);
#1034=VERTEX_POINT('',#3325);
#1035=VERTEX_POINT('',#3326);
#1036=VERTEX_POINT('',#3331);
#1037=VERTEX_POINT('',#3333);
#1038=VERTEX_POINT('',#3337);
#1039=VERTEX_POINT('',#3338);
#1040=VERTEX_POINT('',#3340);
#1041=VERTEX_POINT('',#3342);
#1042=VERTEX_POINT('',#3344);
#1043=VERTEX_POINT('',#3346);
#1044=VERTEX_POINT('',#3349);
#1045=VERTEX_POINT('',#3350);
#1046=VERTEX_POINT('',#3352);
#1047=VERTEX_POINT('',#3354);
#1048=VERTEX_POINT('',#3356);
#1049=VERTEX_POINT('',#3358);
#1050=VERTEX_POINT('',#3362);
#1051=VERTEX_POINT('',#3363);
#1052=VERTEX_POINT('',#3365);
#1053=VERTEX_POINT('',#3367);
#1054=VERTEX_POINT('',#3369);
#1055=VERTEX_POINT('',#3371);
#1056=VERTEX_POINT('',#3375);
#1057=VERTEX_POINT('',#3376);
#1058=VERTEX_POINT('',#3378);
#1059=VERTEX_POINT('',#3380);
#1060=VERTEX_POINT('',#3384);
#1061=VERTEX_POINT('',#3386);
#1062=VERTEX_POINT('',#3388);
#1063=VERTEX_POINT('',#3398);
#1064=VERTEX_POINT('',#3400);
#1065=VERTEX_POINT('',#3404);
#1066=VERTEX_POINT('',#3408);
#1067=VERTEX_POINT('',#3412);
#1068=VERTEX_POINT('',#3413);
#1069=VERTEX_POINT('',#3418);
#1070=VERTEX_POINT('',#3420);
#1071=VERTEX_POINT('',#3422);
#1072=VERTEX_POINT('',#3430);
#1073=VERTEX_POINT('',#3435);
#1074=VERTEX_POINT('',#3441);
#1075=VERTEX_POINT('',#3442);
#1076=VERTEX_POINT('',#3444);
#1077=VERTEX_POINT('',#3446);
#1078=VERTEX_POINT('',#3457);
#1079=VERTEX_POINT('',#3459);
#1080=VERTEX_POINT('',#3463);
#1081=VERTEX_POINT('',#3465);
#1082=VERTEX_POINT('',#3467);
#1083=VERTEX_POINT('',#3471);
#1084=VERTEX_POINT('',#3473);
#1085=VERTEX_POINT('',#3484);
#1086=VERTEX_POINT('',#3488);
#1087=VERTEX_POINT('',#3492);
#1088=VERTEX_POINT('',#3494);
#1089=VERTEX_POINT('',#3498);
#1090=VERTEX_POINT('',#3502);
#1091=VERTEX_POINT('',#3506);
#1092=VERTEX_POINT('',#3510);
#1093=VERTEX_POINT('',#3519);
#1094=VERTEX_POINT('',#3521);
#1095=VERTEX_POINT('',#3525);
#1096=VERTEX_POINT('',#3529);
#1097=VERTEX_POINT('',#3536);
#1098=VERTEX_POINT('',#3538);
#1099=VERTEX_POINT('',#3542);
#1100=VERTEX_POINT('',#3546);
#1101=VERTEX_POINT('',#3555);
#1102=VERTEX_POINT('',#3559);
#1103=VERTEX_POINT('',#3563);
#1104=VERTEX_POINT('',#3567);
#1105=VERTEX_POINT('',#3571);
#1106=VERTEX_POINT('',#3575);
#1107=VERTEX_POINT('',#3579);
#1108=VERTEX_POINT('',#3583);
#1109=LINE('',#2840,#1356);
#1110=LINE('',#2843,#1357);
#1111=LINE('',#2845,#1358);
#1112=LINE('',#2847,#1359);
#1113=LINE('',#2849,#1360);
#1114=LINE('',#2851,#1361);
#1115=LINE('',#2853,#1362);
#1116=LINE('',#2855,#1363);
#1117=LINE('',#2857,#1364);
#1118=LINE('',#2859,#1365);
#1119=LINE('',#2861,#1366);
#1120=LINE('',#2863,#1367);
#1121=LINE('',#2865,#1368);
#1122=LINE('',#2867,#1369);
#1123=LINE('',#2869,#1370);
#1124=LINE('',#2871,#1371);
#1125=LINE('',#2873,#1372);
#1126=LINE('',#2876,#1373);
#1127=LINE('',#2878,#1374);
#1128=LINE('',#2880,#1375);
#1129=LINE('',#2882,#1376);
#1130=LINE('',#2884,#1377);
#1131=LINE('',#2886,#1378);
#1132=LINE('',#2888,#1379);
#1133=LINE('',#2890,#1380);
#1134=LINE('',#2892,#1381);
#1135=LINE('',#2894,#1382);
#1136=LINE('',#2896,#1383);
#1137=LINE('',#2898,#1384);
#1138=LINE('',#2900,#1385);
#1139=LINE('',#2902,#1386);
#1140=LINE('',#2904,#1387);
#1141=LINE('',#2906,#1388);
#1142=LINE('',#2907,#1389);
#1143=LINE('',#2909,#1390);
#1144=LINE('',#2910,#1391);
#1145=LINE('',#2914,#1392);
#1146=LINE('',#2917,#1393);
#1147=LINE('',#2919,#1394);
#1148=LINE('',#2921,#1395);
#1149=LINE('',#2923,#1396);
#1150=LINE('',#2925,#1397);
#1151=LINE('',#2927,#1398);
#1152=LINE('',#2929,#1399);
#1153=LINE('',#2931,#1400);
#1154=LINE('',#2933,#1401);
#1155=LINE('',#2935,#1402);
#1156=LINE('',#2937,#1403);
#1157=LINE('',#2939,#1404);
#1158=LINE('',#2941,#1405);
#1159=LINE('',#2943,#1406);
#1160=LINE('',#2945,#1407);
#1161=LINE('',#2947,#1408);
#1162=LINE('',#2949,#1409);
#1163=LINE('',#2951,#1410);
#1164=LINE('',#2953,#1411);
#1165=LINE('',#2955,#1412);
#1166=LINE('',#2957,#1413);
#1167=LINE('',#2959,#1414);
#1168=LINE('',#2961,#1415);
#1169=LINE('',#2963,#1416);
#1170=LINE('',#2965,#1417);
#1171=LINE('',#2967,#1418);
#1172=LINE('',#2969,#1419);
#1173=LINE('',#2977,#1420);
#1174=LINE('',#2980,#1421);
#1175=LINE('',#2982,#1422);
#1176=LINE('',#2984,#1423);
#1177=LINE('',#2985,#1424);
#1178=LINE('',#2988,#1425);
#1179=LINE('',#2990,#1426);
#1180=LINE('',#2992,#1427);
#1181=LINE('',#2994,#1428);
#1182=LINE('',#3005,#1429);
#1183=LINE('',#3015,#1430);
#1184=LINE('',#3017,#1431);
#1185=LINE('',#3030,#1432);
#1186=LINE('',#3032,#1433);
#1187=LINE('',#3034,#1434);
#1188=LINE('',#3036,#1435);
#1189=LINE('',#3038,#1436);
#1190=LINE('',#3044,#1437);
#1191=LINE('',#3047,#1438);
#1192=LINE('',#3049,#1439);
#1193=LINE('',#3051,#1440);
#1194=LINE('',#3053,#1441);
#1195=LINE('',#3054,#1442);
#1196=LINE('',#3056,#1443);
#1197=LINE('',#3057,#1444);
#1198=LINE('',#3095,#1445);
#1199=LINE('',#3097,#1446);
#1200=LINE('',#3099,#1447);
#1201=LINE('',#3101,#1448);
#1202=LINE('',#3102,#1449);
#1203=LINE('',#3114,#1450);
#1204=LINE('',#3115,#1451);
#1205=LINE('',#3117,#1452);
#1206=LINE('',#3119,#1453);
#1207=LINE('',#3125,#1454);
#1208=LINE('',#3268,#1455);
#1209=LINE('',#3271,#1456);
#1210=LINE('',#3273,#1457);
#1211=LINE('',#3275,#1458);
#1212=LINE('',#3279,#1459);
#1213=LINE('',#3282,#1460);
#1214=LINE('',#3284,#1461);
#1215=LINE('',#3286,#1462);
#1216=LINE('',#3287,#1463);
#1217=LINE('',#3290,#1464);
#1218=LINE('',#3292,#1465);
#1219=LINE('',#3294,#1466);
#1220=LINE('',#3298,#1467);
#1221=LINE('',#3301,#1468);
#1222=LINE('',#3303,#1469);
#1223=LINE('',#3305,#1470);
#1224=LINE('',#3306,#1471);
#1225=LINE('',#3309,#1472);
#1226=LINE('',#3311,#1473);
#1227=LINE('',#3313,#1474);
#1228=LINE('',#3315,#1475);
#1229=LINE('',#3318,#1476);
#1230=LINE('',#3320,#1477);
#1231=LINE('',#3322,#1478);
#1232=LINE('',#3324,#1479);
#1233=LINE('',#3327,#1480);
#1234=LINE('',#3328,#1481);
#1235=LINE('',#3330,#1482);
#1236=LINE('',#3332,#1483);
#1237=LINE('',#3334,#1484);
#1238=LINE('',#3336,#1485);
#1239=LINE('',#3339,#1486);
#1240=LINE('',#3341,#1487);
#1241=LINE('',#3343,#1488);
#1242=LINE('',#3345,#1489);
#1243=LINE('',#3347,#1490);
#1244=LINE('',#3348,#1491);
#1245=LINE('',#3351,#1492);
#1246=LINE('',#3353,#1493);
#1247=LINE('',#3355,#1494);
#1248=LINE('',#3357,#1495);
#1249=LINE('',#3359,#1496);
#1250=LINE('',#3361,#1497);
#1251=LINE('',#3364,#1498);
#1252=LINE('',#3366,#1499);
#1253=LINE('',#3368,#1500);
#1254=LINE('',#3370,#1501);
#1255=LINE('',#3372,#1502);
#1256=LINE('',#3374,#1503);
#1257=LINE('',#3377,#1504);
#1258=LINE('',#3379,#1505);
#1259=LINE('',#3381,#1506);
#1260=LINE('',#3385,#1507);
#1261=LINE('',#3387,#1508);
#1262=LINE('',#3389,#1509);
#1263=LINE('',#3390,#1510);
#1264=LINE('',#3391,#1511);
#1265=LINE('',#3393,#1512);
#1266=LINE('',#3394,#1513);
#1267=LINE('',#3395,#1514);
#1268=LINE('',#3397,#1515);
#1269=LINE('',#3399,#1516);
#1270=LINE('',#3401,#1517);
#1271=LINE('',#3403,#1518);
#1272=LINE('',#3405,#1519);
#1273=LINE('',#3406,#1520);
#1274=LINE('',#3407,#1521);
#1275=LINE('',#3409,#1522);
#1276=LINE('',#3411,#1523);
#1277=LINE('',#3414,#1524);
#1278=LINE('',#3415,#1525);
#1279=LINE('',#3419,#1526);
#1280=LINE('',#3421,#1527);
#1281=LINE('',#3423,#1528);
#1282=LINE('',#3424,#1529);
#1283=LINE('',#3425,#1530);
#1284=LINE('',#3427,#1531);
#1285=LINE('',#3431,#1532);
#1286=LINE('',#3436,#1533);
#1287=LINE('',#3437,#1534);
#1288=LINE('',#3440,#1535);
#1289=LINE('',#3443,#1536);
#1290=LINE('',#3445,#1537);
#1291=LINE('',#3447,#1538);
#1292=LINE('',#3451,#1539);
#1293=LINE('',#3453,#1540);
#1294=LINE('',#3456,#1541);
#1295=LINE('',#3458,#1542);
#1296=LINE('',#3460,#1543);
#1297=LINE('',#3462,#1544);
#1298=LINE('',#3464,#1545);
#1299=LINE('',#3466,#1546);
#1300=LINE('',#3468,#1547);
#1301=LINE('',#3470,#1548);
#1302=LINE('',#3472,#1549);
#1303=LINE('',#3474,#1550);
#1304=LINE('',#3480,#1551);
#1305=LINE('',#3482,#1552);
#1306=LINE('',#3483,#1553);
#1307=LINE('',#3485,#1554);
#1308=LINE('',#3487,#1555);
#1309=LINE('',#3489,#1556);
#1310=LINE('',#3491,#1557);
#1311=LINE('',#3493,#1558);
#1312=LINE('',#3495,#1559);
#1313=LINE('',#3497,#1560);
#1314=LINE('',#3499,#1561);
#1315=LINE('',#3501,#1562);
#1316=LINE('',#3503,#1563);
#1317=LINE('',#3505,#1564);
#1318=LINE('',#3507,#1565);
#1319=LINE('',#3509,#1566);
#1320=LINE('',#3511,#1567);
#1321=LINE('',#3513,#1568);
#1322=LINE('',#3515,#1569);
#1323=LINE('',#3518,#1570);
#1324=LINE('',#3520,#1571);
#1325=LINE('',#3522,#1572);
#1326=LINE('',#3524,#1573);
#1327=LINE('',#3526,#1574);
#1328=LINE('',#3528,#1575);
#1329=LINE('',#3530,#1576);
#1330=LINE('',#3532,#1577);
#1331=LINE('',#3535,#1578);
#1332=LINE('',#3537,#1579);
#1333=LINE('',#3539,#1580);
#1334=LINE('',#3541,#1581);
#1335=LINE('',#3543,#1582);
#1336=LINE('',#3545,#1583);
#1337=LINE('',#3547,#1584);
#1338=LINE('',#3549,#1585);
#1339=LINE('',#3554,#1586);
#1340=LINE('',#3556,#1587);
#1341=LINE('',#3558,#1588);
#1342=LINE('',#3560,#1589);
#1343=LINE('',#3562,#1590);
#1344=LINE('',#3564,#1591);
#1345=LINE('',#3566,#1592);
#1346=LINE('',#3568,#1593);
#1347=LINE('',#3570,#1594);
#1348=LINE('',#3572,#1595);
#1349=LINE('',#3574,#1596);
#1350=LINE('',#3576,#1597);
#1351=LINE('',#3578,#1598);
#1352=LINE('',#3580,#1599);
#1353=LINE('',#3582,#1600);
#1354=LINE('',#3584,#1601);
#1355=LINE('',#3586,#1602);
#1356=VECTOR('',#2315,1.);
#1357=VECTOR('',#2316,1.);
#1358=VECTOR('',#2317,1.);
#1359=VECTOR('',#2318,1.);
#1360=VECTOR('',#2321,1.);
#1361=VECTOR('',#2322,1.);
#1362=VECTOR('',#2323,1.);
#1363=VECTOR('',#2326,1.);
#1364=VECTOR('',#2327,1.);
#1365=VECTOR('',#2328,1.);
#1366=VECTOR('',#2331,1.);
#1367=VECTOR('',#2332,1.);
#1368=VECTOR('',#2333,1.);
#1369=VECTOR('',#2336,1.);
#1370=VECTOR('',#2337,1.);
#1371=VECTOR('',#2338,1.);
#1372=VECTOR('',#2341,1.);
#1373=VECTOR('',#2342,1.);
#1374=VECTOR('',#2343,1.);
#1375=VECTOR('',#2344,1.);
#1376=VECTOR('',#2347,1.);
#1377=VECTOR('',#2348,1.);
#1378=VECTOR('',#2349,1.);
#1379=VECTOR('',#2352,1.);
#1380=VECTOR('',#2353,1.);
#1381=VECTOR('',#2354,1.);
#1382=VECTOR('',#2357,1.);
#1383=VECTOR('',#2358,1.);
#1384=VECTOR('',#2359,1.);
#1385=VECTOR('',#2362,1.);
#1386=VECTOR('',#2363,1.);
#1387=VECTOR('',#2364,1.);
#1388=VECTOR('',#2367,1.);
#1389=VECTOR('',#2368,1.);
#1390=VECTOR('',#2371,1.);
#1391=VECTOR('',#2372,1.);
#1392=VECTOR('',#2379,1.);
#1393=VECTOR('',#2380,1.);
#1394=VECTOR('',#2381,1.);
#1395=VECTOR('',#2382,1.);
#1396=VECTOR('',#2385,1.);
#1397=VECTOR('',#2386,1.);
#1398=VECTOR('',#2387,1.);
#1399=VECTOR('',#2390,1.);
#1400=VECTOR('',#2391,1.);
#1401=VECTOR('',#2392,1.);
#1402=VECTOR('',#2395,1.);
#1403=VECTOR('',#2396,1.);
#1404=VECTOR('',#2397,1.);
#1405=VECTOR('',#2400,1.);
#1406=VECTOR('',#2401,1.);
#1407=VECTOR('',#2402,1.);
#1408=VECTOR('',#2405,1.);
#1409=VECTOR('',#2406,1.);
#1410=VECTOR('',#2407,1.);
#1411=VECTOR('',#2410,1.);
#1412=VECTOR('',#2411,1.);
#1413=VECTOR('',#2412,1.);
#1414=VECTOR('',#2415,1.);
#1415=VECTOR('',#2416,1.);
#1416=VECTOR('',#2417,1.);
#1417=VECTOR('',#2420,1.);
#1418=VECTOR('',#2421,1.);
#1419=VECTOR('',#2422,1.);
#1420=VECTOR('',#2437,1.);
#1421=VECTOR('',#2438,1.);
#1422=VECTOR('',#2439,1.);
#1423=VECTOR('',#2440,1.);
#1424=VECTOR('',#2441,1.);
#1425=VECTOR('',#2442,1.);
#1426=VECTOR('',#2443,1.);
#1427=VECTOR('',#2444,1.);
#1428=VECTOR('',#2447,1.);
#1429=VECTOR('',#2448,1.);
#1430=VECTOR('',#2449,1.);
#1431=VECTOR('',#2450,1.);
#1432=VECTOR('',#2453,1.);
#1433=VECTOR('',#2454,1.);
#1434=VECTOR('',#2455,1.);
#1435=VECTOR('',#2456,1.);
#1436=VECTOR('',#2457,1.);
#1437=VECTOR('',#2458,1.);
#1438=VECTOR('',#2459,1.);
#1439=VECTOR('',#2460,1.);
#1440=VECTOR('',#2461,1.);
#1441=VECTOR('',#2464,1.);
#1442=VECTOR('',#2465,1.);
#1443=VECTOR('',#2468,1.);
#1444=VECTOR('',#2469,1.);
#1445=VECTOR('',#2476,1.);
#1446=VECTOR('',#2477,1.);
#1447=VECTOR('',#2478,1.);
#1448=VECTOR('',#2481,1.);
#1449=VECTOR('',#2482,1.);
#1450=VECTOR('',#2489,1.);
#1451=VECTOR('',#2490,1.);
#1452=VECTOR('',#2493,1.);
#1453=VECTOR('',#2496,1.);
#1454=VECTOR('',#2499,1.);
#1455=VECTOR('',#2556,1.);
#1456=VECTOR('',#2557,1.);
#1457=VECTOR('',#2558,1.);
#1458=VECTOR('',#2559,1.);
#1459=VECTOR('',#2564,1.);
#1460=VECTOR('',#2565,1.);
#1461=VECTOR('',#2566,1.);
#1462=VECTOR('',#2567,1.);
#1463=VECTOR('',#2568,1.);
#1464=VECTOR('',#2569,1.);
#1465=VECTOR('',#2570,1.);
#1466=VECTOR('',#2571,1.);
#1467=VECTOR('',#2576,1.);
#1468=VECTOR('',#2577,1.);
#1469=VECTOR('',#2578,1.);
#1470=VECTOR('',#2579,1.);
#1471=VECTOR('',#2580,1.);
#1472=VECTOR('',#2581,1.);
#1473=VECTOR('',#2582,1.);
#1474=VECTOR('',#2583,1.);
#1475=VECTOR('',#2586,1.);
#1476=VECTOR('',#2587,1.);
#1477=VECTOR('',#2588,1.);
#1478=VECTOR('',#2589,1.);
#1479=VECTOR('',#2592,1.);
#1480=VECTOR('',#2593,1.);
#1481=VECTOR('',#2594,1.);
#1482=VECTOR('',#2597,1.);
#1483=VECTOR('',#2598,1.);
#1484=VECTOR('',#2599,1.);
#1485=VECTOR('',#2602,1.);
#1486=VECTOR('',#2603,1.);
#1487=VECTOR('',#2604,1.);
#1488=VECTOR('',#2605,1.);
#1489=VECTOR('',#2606,1.);
#1490=VECTOR('',#2607,1.);
#1491=VECTOR('',#2608,1.);
#1492=VECTOR('',#2609,1.);
#1493=VECTOR('',#2610,1.);
#1494=VECTOR('',#2611,1.);
#1495=VECTOR('',#2612,1.);
#1496=VECTOR('',#2613,1.);
#1497=VECTOR('',#2616,1.);
#1498=VECTOR('',#2617,1.);
#1499=VECTOR('',#2618,1.);
#1500=VECTOR('',#2619,1.);
#1501=VECTOR('',#2620,1.);
#1502=VECTOR('',#2621,1.);
#1503=VECTOR('',#2624,1.);
#1504=VECTOR('',#2625,1.);
#1505=VECTOR('',#2626,1.);
#1506=VECTOR('',#2627,1.);
#1507=VECTOR('',#2632,1.);
#1508=VECTOR('',#2633,1.);
#1509=VECTOR('',#2634,1.);
#1510=VECTOR('',#2635,1.);
#1511=VECTOR('',#2636,1.);
#1512=VECTOR('',#2639,1.);
#1513=VECTOR('',#2640,1.);
#1514=VECTOR('',#2641,1.);
#1515=VECTOR('',#2644,1.);
#1516=VECTOR('',#2645,1.);
#1517=VECTOR('',#2646,1.);
#1518=VECTOR('',#2649,1.);
#1519=VECTOR('',#2650,1.);
#1520=VECTOR('',#2651,1.);
#1521=VECTOR('',#2652,1.);
#1522=VECTOR('',#2653,1.);
#1523=VECTOR('',#2656,1.);
#1524=VECTOR('',#2657,1.);
#1525=VECTOR('',#2658,1.);
#1526=VECTOR('',#2663,1.);
#1527=VECTOR('',#2664,1.);
#1528=VECTOR('',#2665,1.);
#1529=VECTOR('',#2666,1.);
#1530=VECTOR('',#2667,1.);
#1531=VECTOR('',#2670,1.);
#1532=VECTOR('',#2675,1.);
#1533=VECTOR('',#2682,1.);
#1534=VECTOR('',#2683,1.);
#1535=VECTOR('',#2688,1.);
#1536=VECTOR('',#2689,1.);
#1537=VECTOR('',#2690,1.);
#1538=VECTOR('',#2691,1.);
#1539=VECTOR('',#2698,1.);
#1540=VECTOR('',#2701,1.);
#1541=VECTOR('',#2706,1.);
#1542=VECTOR('',#2707,1.);
#1543=VECTOR('',#2708,1.);
#1544=VECTOR('',#2711,1.);
#1545=VECTOR('',#2712,1.);
#1546=VECTOR('',#2713,1.);
#1547=VECTOR('',#2714,1.);
#1548=VECTOR('',#2717,1.);
#1549=VECTOR('',#2718,1.);
#1550=VECTOR('',#2719,1.);
#1551=VECTOR('',#2722,1.);
#1552=VECTOR('',#2725,1.);
#1553=VECTOR('',#2726,1.);
#1554=VECTOR('',#2727,1.);
#1555=VECTOR('',#2730,1.);
#1556=VECTOR('',#2731,1.);
#1557=VECTOR('',#2734,1.);
#1558=VECTOR('',#2735,1.);
#1559=VECTOR('',#2736,1.);
#1560=VECTOR('',#2739,1.);
#1561=VECTOR('',#2740,1.);
#1562=VECTOR('',#2743,1.);
#1563=VECTOR('',#2744,1.);
#1564=VECTOR('',#2747,1.);
#1565=VECTOR('',#2748,1.);
#1566=VECTOR('',#2751,1.);
#1567=VECTOR('',#2752,1.);
#1568=VECTOR('',#2755,1.);
#1569=VECTOR('',#2758,1.);
#1570=VECTOR('',#2763,1.);
#1571=VECTOR('',#2764,1.);
#1572=VECTOR('',#2765,1.);
#1573=VECTOR('',#2768,1.);
#1574=VECTOR('',#2769,1.);
#1575=VECTOR('',#2772,1.);
#1576=VECTOR('',#2773,1.);
#1577=VECTOR('',#2776,1.);
#1578=VECTOR('',#2781,1.);
#1579=VECTOR('',#2782,1.);
#1580=VECTOR('',#2783,1.);
#1581=VECTOR('',#2786,1.);
#1582=VECTOR('',#2787,1.);
#1583=VECTOR('',#2790,1.);
#1584=VECTOR('',#2791,1.);
#1585=VECTOR('',#2794,1.);
#1586=VECTOR('',#2803,1.);
#1587=VECTOR('',#2804,1.);
#1588=VECTOR('',#2807,1.);
#1589=VECTOR('',#2808,1.);
#1590=VECTOR('',#2811,1.);
#1591=VECTOR('',#2812,1.);
#1592=VECTOR('',#2815,1.);
#1593=VECTOR('',#2816,1.);
#1594=VECTOR('',#2819,1.);
#1595=VECTOR('',#2820,1.);
#1596=VECTOR('',#2823,1.);
#1597=VECTOR('',#2824,1.);
#1598=VECTOR('',#2827,1.);
#1599=VECTOR('',#2828,1.);
#1600=VECTOR('',#2831,1.);
#1601=VECTOR('',#2832,1.);
#1602=VECTOR('',#2835,1.);
#1603=EDGE_LOOP('',(#70,#71,#72,#73));
#1604=EDGE_LOOP('',(#74,#75,#76,#77));
#1605=EDGE_LOOP('',(#78,#79,#80,#81));
#1606=EDGE_LOOP('',(#82,#83,#84,#85));
#1607=EDGE_LOOP('',(#86,#87,#88,#89));
#1608=EDGE_LOOP('',(#90,#91,#92,#93));
#1609=EDGE_LOOP('',(#94,#95,#96,#97));
#1610=EDGE_LOOP('',(#98,#99,#100,#101));
#1611=EDGE_LOOP('',(#102,#103,#104,#105));
#1612=EDGE_LOOP('',(#106,#107,#108,#109));
#1613=EDGE_LOOP('',(#110,#111,#112,#113));
#1614=EDGE_LOOP('',(#114,#115,#116,#117));
#1615=EDGE_LOOP('',(#118,#119,#120,#121,#122,#123));
#1616=EDGE_LOOP('',(#124,#125,#126,#127,#128,#129));
#1617=EDGE_LOOP('',(#130,#131,#132,#133,#134,#135));
#1618=EDGE_LOOP('',(#136,#137,#138,#139));
#1619=EDGE_LOOP('',(#140,#141,#142,#143));
#1620=EDGE_LOOP('',(#144,#145,#146,#147));
#1621=EDGE_LOOP('',(#148,#149,#150,#151));
#1622=EDGE_LOOP('',(#152,#153,#154,#155));
#1623=EDGE_LOOP('',(#156,#157,#158,#159));
#1624=EDGE_LOOP('',(#160,#161,#162,#163));
#1625=EDGE_LOOP('',(#164,#165,#166,#167));
#1626=EDGE_LOOP('',(#168,#169,#170,#171));
#1627=EDGE_LOOP('',(#172,#173,#174,#175));
#1628=EDGE_LOOP('',(#176,#177,#178,#179,#180,#181,#182,#183,#184,#185));
#1629=EDGE_LOOP('',(#186,#187,#188,#189,#190,#191));
#1630=EDGE_LOOP('',(#192,#193,#194,#195,#196,#197,#198,#199,#200,#201));
#1631=EDGE_LOOP('',(#202,#203,#204,#205));
#1632=EDGE_LOOP('',(#206,#207,#208,#209));
#1633=EDGE_LOOP('',(#210,#211,#212,#213,#214,#215));
#1634=EDGE_LOOP('',(#216,#217,#218,#219,#220,#221,#222,#223));
#1635=EDGE_LOOP('',(#224,#225,#226,#227));
#1636=EDGE_LOOP('',(#228,#229,#230,#231));
#1637=EDGE_LOOP('',(#232,#233,#234,#235));
#1638=EDGE_LOOP('',(#236,#237,#238,#239));
#1639=EDGE_LOOP('',(#240,#241,#242,#243));
#1640=EDGE_LOOP('',(#244,#245,#246,#247,#248,#249,#250,#251));
#1641=EDGE_LOOP('',(#252,#253,#254,#255));
#1642=EDGE_LOOP('',(#256,#257,#258,#259));
#1643=EDGE_LOOP('',(#260,#261,#262,#263));
#1644=EDGE_LOOP('',(#264,#265,#266,#267));
#1645=EDGE_LOOP('',(#268,#269,#270,#271));
#1646=EDGE_LOOP('',(#272,#273,#274,#275));
#1647=EDGE_LOOP('',(#276,#277,#278,#279,#280,#281,#282,#283));
#1648=EDGE_LOOP('',(#284,#285));
#1649=EDGE_LOOP('',(#286,#287,#288,#289,#290,#291));
#1650=EDGE_LOOP('',(#292,#293,#294,#295,#296,#297));
#1651=EDGE_LOOP('',(#298,#299,#300,#301,#302,#303));
#1652=EDGE_LOOP('',(#304));
#1653=EDGE_LOOP('',(#305));
#1654=EDGE_LOOP('',(#306));
#1655=EDGE_LOOP('',(#307));
#1656=EDGE_LOOP('',(#308));
#1657=EDGE_LOOP('',(#309));
#1658=EDGE_LOOP('',(#310));
#1659=EDGE_LOOP('',(#311));
#1660=EDGE_LOOP('',(#312));
#1661=EDGE_LOOP('',(#313));
#1662=EDGE_LOOP('',(#314));
#1663=EDGE_LOOP('',(#315));
#1664=EDGE_LOOP('',(#316));
#1665=EDGE_LOOP('',(#317));
#1666=EDGE_LOOP('',(#318));
#1667=EDGE_LOOP('',(#319));
#1668=EDGE_LOOP('',(#320));
#1669=EDGE_LOOP('',(#321));
#1670=EDGE_LOOP('',(#322));
#1671=EDGE_LOOP('',(#323));
#1672=EDGE_LOOP('',(#324));
#1673=EDGE_LOOP('',(#325));
#1674=EDGE_LOOP('',(#326,#327,#328,#329));
#1675=EDGE_LOOP('',(#330));
#1676=EDGE_LOOP('',(#331,#332,#333,#334));
#1677=EDGE_LOOP('',(#335,#336,#337,#338));
#1678=EDGE_LOOP('',(#339));
#1679=EDGE_LOOP('',(#340,#341,#342,#343));
#1680=EDGE_LOOP('',(#344,#345,#346,#347));
#1681=EDGE_LOOP('',(#348,#349,#350,#351));
#1682=EDGE_LOOP('',(#352,#353,#354,#355));
#1683=EDGE_LOOP('',(#356,#357,#358,#359));
#1684=EDGE_LOOP('',(#360,#361,#362,#363,#364,#365));
#1685=EDGE_LOOP('',(#366,#367,#368,#369,#370,#371));
#1686=EDGE_LOOP('',(#372,#373,#374,#375,#376,#377));
#1687=EDGE_LOOP('',(#378,#379,#380,#381));
#1688=EDGE_LOOP('',(#382));
#1689=EDGE_LOOP('',(#383,#384,#385,#386,#387,#388,#389,#390));
#1690=EDGE_LOOP('',(#391,#392,#393,#394,#395,#396));
#1691=EDGE_LOOP('',(#397,#398,#399,#400));
#1692=EDGE_LOOP('',(#401,#402,#403,#404,#405,#406,#407,#408));
#1693=EDGE_LOOP('',(#409,#410,#411,#412));
#1694=EDGE_LOOP('',(#413));
#1695=EDGE_LOOP('',(#414,#415,#416,#417,#418,#419,#420,#421));
#1696=EDGE_LOOP('',(#422,#423,#424,#425));
#1697=EDGE_LOOP('',(#426));
#1698=EDGE_LOOP('',(#427,#428,#429,#430));
#1699=EDGE_LOOP('',(#431,#432,#433,#434));
#1700=EDGE_LOOP('',(#435));
#1701=EDGE_LOOP('',(#436,#437,#438,#439));
#1702=EDGE_LOOP('',(#440,#441,#442,#443));
#1703=EDGE_LOOP('',(#444,#445,#446,#447));
#1704=EDGE_LOOP('',(#448,#449,#450,#451,#452,#453));
#1705=EDGE_LOOP('',(#454,#455,#456,#457));
#1706=EDGE_LOOP('',(#458));
#1707=EDGE_LOOP('',(#459));
#1708=EDGE_LOOP('',(#460,#461,#462,#463));
#1709=EDGE_LOOP('',(#464,#465,#466,#467));
#1710=EDGE_LOOP('',(#468,#469,#470,#471));
#1711=EDGE_LOOP('',(#472,#473,#474,#475));
#1712=EDGE_LOOP('',(#476,#477,#478,#479));
#1713=EDGE_LOOP('',(#480,#481,#482,#483));
#1714=EDGE_LOOP('',(#484,#485,#486,#487));
#1715=EDGE_LOOP('',(#488,#489,#490,#491));
#1716=EDGE_LOOP('',(#492,#493,#494,#495));
#1717=EDGE_LOOP('',(#496,#497,#498,#499));
#1718=EDGE_LOOP('',(#500,#501,#502,#503));
#1719=EDGE_LOOP('',(#504,#505,#506,#507));
#1720=EDGE_LOOP('',(#508,#509,#510,#511));
#1721=EDGE_LOOP('',(#512,#513,#514,#515));
#1722=EDGE_LOOP('',(#516,#517,#518,#519));
#1723=EDGE_LOOP('',(#520,#521,#522,#523));
#1724=EDGE_LOOP('',(#524,#525,#526,#527,#528,#529));
#1725=EDGE_LOOP('',(#530,#531,#532,#533,#534,#535,#536,#537,#538,#539));
#1726=EDGE_LOOP('',(#540,#541,#542,#543));
#1727=EDGE_LOOP('',(#544,#545,#546,#547));
#1728=EDGE_LOOP('',(#548,#549,#550,#551));
#1729=EDGE_LOOP('',(#552,#553,#554,#555));
#1730=EDGE_LOOP('',(#556,#557,#558,#559));
#1731=EDGE_LOOP('',(#560,#561,#562,#563));
#1732=EDGE_LOOP('',(#564,#565,#566,#567));
#1733=EDGE_LOOP('',(#568,#569,#570,#571));
#1734=EDGE_LOOP('',(#572,#573,#574,#575));
#1735=EDGE_LOOP('',(#576,#577,#578,#579));
#1736=EDGE_LOOP('',(#580));
#1737=EDGE_LOOP('',(#581));
#1738=EDGE_LOOP('',(#582));
#1739=EDGE_LOOP('',(#583));
#1740=EDGE_LOOP('',(#584,#585,#586,#587));
#1741=EDGE_LOOP('',(#588,#589,#590,#591));
#1742=EDGE_LOOP('',(#592,#593,#594,#595));
#1743=EDGE_LOOP('',(#596,#597,#598,#599));
#1744=EDGE_LOOP('',(#600,#601,#602,#603));
#1745=EDGE_LOOP('',(#604,#605,#606,#607));
#1746=EDGE_LOOP('',(#608,#609,#610,#611));
#1747=EDGE_LOOP('',(#612,#613,#614,#615));
#1748=EDGE_LOOP('',(#616,#617,#618,#619));
#1749=EDGE_LOOP('',(#620,#621,#622,#623,#624,#625,#626,#627,#628,#629,#630,
#631,#632,#633,#634,#635));
#1750=FACE_BOUND('',#1603,.T.);
#1751=FACE_BOUND('',#1604,.T.);
#1752=FACE_BOUND('',#1605,.T.);
#1753=FACE_BOUND('',#1606,.T.);
#1754=FACE_BOUND('',#1607,.T.);
#1755=FACE_BOUND('',#1608,.T.);
#1756=FACE_BOUND('',#1609,.T.);
#1757=FACE_BOUND('',#1610,.T.);
#1758=FACE_BOUND('',#1611,.T.);
#1759=FACE_BOUND('',#1612,.T.);
#1760=FACE_BOUND('',#1613,.T.);
#1761=FACE_BOUND('',#1614,.T.);
#1762=FACE_BOUND('',#1615,.T.);
#1763=FACE_BOUND('',#1616,.T.);
#1764=FACE_BOUND('',#1617,.T.);
#1765=FACE_BOUND('',#1618,.T.);
#1766=FACE_BOUND('',#1619,.T.);
#1767=FACE_BOUND('',#1620,.T.);
#1768=FACE_BOUND('',#1621,.T.);
#1769=FACE_BOUND('',#1622,.T.);
#1770=FACE_BOUND('',#1623,.T.);
#1771=FACE_BOUND('',#1624,.T.);
#1772=FACE_BOUND('',#1625,.T.);
#1773=FACE_BOUND('',#1626,.T.);
#1774=FACE_BOUND('',#1627,.T.);
#1775=FACE_BOUND('',#1628,.T.);
#1776=FACE_BOUND('',#1629,.T.);
#1777=FACE_BOUND('',#1630,.T.);
#1778=FACE_BOUND('',#1631,.T.);
#1779=FACE_BOUND('',#1632,.T.);
#1780=FACE_BOUND('',#1633,.T.);
#1781=FACE_BOUND('',#1634,.T.);
#1782=FACE_BOUND('',#1635,.T.);
#1783=FACE_BOUND('',#1636,.T.);
#1784=FACE_BOUND('',#1637,.T.);
#1785=FACE_BOUND('',#1638,.T.);
#1786=FACE_BOUND('',#1639,.T.);
#1787=FACE_BOUND('',#1640,.T.);
#1788=FACE_BOUND('',#1641,.T.);
#1789=FACE_BOUND('',#1642,.T.);
#1790=FACE_BOUND('',#1643,.T.);
#1791=FACE_BOUND('',#1644,.T.);
#1792=FACE_BOUND('',#1645,.T.);
#1793=FACE_BOUND('',#1646,.T.);
#1794=FACE_BOUND('',#1647,.T.);
#1795=FACE_BOUND('',#1648,.T.);
#1796=FACE_BOUND('',#1649,.T.);
#1797=FACE_BOUND('',#1650,.T.);
#1798=FACE_BOUND('',#1651,.T.);
#1799=FACE_BOUND('',#1652,.T.);
#1800=FACE_BOUND('',#1653,.T.);
#1801=FACE_BOUND('',#1654,.T.);
#1802=FACE_BOUND('',#1655,.T.);
#1803=FACE_BOUND('',#1656,.T.);
#1804=FACE_BOUND('',#1657,.T.);
#1805=FACE_BOUND('',#1658,.T.);
#1806=FACE_BOUND('',#1659,.T.);
#1807=FACE_BOUND('',#1660,.T.);
#1808=FACE_BOUND('',#1661,.T.);
#1809=FACE_BOUND('',#1662,.T.);
#1810=FACE_BOUND('',#1663,.T.);
#1811=FACE_BOUND('',#1664,.T.);
#1812=FACE_BOUND('',#1665,.T.);
#1813=FACE_BOUND('',#1666,.T.);
#1814=FACE_BOUND('',#1667,.T.);
#1815=FACE_BOUND('',#1668,.T.);
#1816=FACE_BOUND('',#1669,.T.);
#1817=FACE_BOUND('',#1670,.T.);
#1818=FACE_BOUND('',#1671,.T.);
#1819=FACE_BOUND('',#1672,.T.);
#1820=FACE_BOUND('',#1673,.T.);
#1821=FACE_BOUND('',#1674,.T.);
#1822=FACE_BOUND('',#1675,.T.);
#1823=FACE_BOUND('',#1676,.T.);
#1824=FACE_BOUND('',#1677,.T.);
#1825=FACE_BOUND('',#1678,.T.);
#1826=FACE_BOUND('',#1679,.T.);
#1827=FACE_BOUND('',#1680,.T.);
#1828=FACE_BOUND('',#1681,.T.);
#1829=FACE_BOUND('',#1682,.T.);
#1830=FACE_BOUND('',#1683,.T.);
#1831=FACE_BOUND('',#1684,.T.);
#1832=FACE_BOUND('',#1685,.T.);
#1833=FACE_BOUND('',#1686,.T.);
#1834=FACE_BOUND('',#1687,.T.);
#1835=FACE_BOUND('',#1688,.T.);
#1836=FACE_BOUND('',#1689,.T.);
#1837=FACE_BOUND('',#1690,.T.);
#1838=FACE_BOUND('',#1691,.T.);
#1839=FACE_BOUND('',#1692,.T.);
#1840=FACE_BOUND('',#1693,.T.);
#1841=FACE_BOUND('',#1694,.T.);
#1842=FACE_BOUND('',#1695,.T.);
#1843=FACE_BOUND('',#1696,.T.);
#1844=FACE_BOUND('',#1697,.T.);
#1845=FACE_BOUND('',#1698,.T.);
#1846=FACE_BOUND('',#1699,.T.);
#1847=FACE_BOUND('',#1700,.T.);
#1848=FACE_BOUND('',#1701,.T.);
#1849=FACE_BOUND('',#1702,.T.);
#1850=FACE_BOUND('',#1703,.T.);
#1851=FACE_BOUND('',#1704,.T.);
#1852=FACE_BOUND('',#1705,.T.);
#1853=FACE_BOUND('',#1706,.T.);
#1854=FACE_BOUND('',#1707,.T.);
#1855=FACE_BOUND('',#1708,.T.);
#1856=FACE_BOUND('',#1709,.T.);
#1857=FACE_BOUND('',#1710,.T.);
#1858=FACE_BOUND('',#1711,.T.);
#1859=FACE_BOUND('',#1712,.T.);
#1860=FACE_BOUND('',#1713,.T.);
#1861=FACE_BOUND('',#1714,.T.);
#1862=FACE_BOUND('',#1715,.T.);
#1863=FACE_BOUND('',#1716,.T.);
#1864=FACE_BOUND('',#1717,.T.);
#1865=FACE_BOUND('',#1718,.T.);
#1866=FACE_BOUND('',#1719,.T.);
#1867=FACE_BOUND('',#1720,.T.);
#1868=FACE_BOUND('',#1721,.T.);
#1869=FACE_BOUND('',#1722,.T.);
#1870=FACE_BOUND('',#1723,.T.);
#1871=FACE_BOUND('',#1724,.T.);
#1872=FACE_BOUND('',#1725,.T.);
#1873=FACE_BOUND('',#1726,.T.);
#1874=FACE_BOUND('',#1727,.T.);
#1875=FACE_BOUND('',#1728,.T.);
#1876=FACE_BOUND('',#1729,.T.);
#1877=FACE_BOUND('',#1730,.T.);
#1878=FACE_BOUND('',#1731,.T.);
#1879=FACE_BOUND('',#1732,.T.);
#1880=FACE_BOUND('',#1733,.T.);
#1881=FACE_BOUND('',#1734,.T.);
#1882=FACE_BOUND('',#1735,.T.);
#1883=FACE_BOUND('',#1736,.T.);
#1884=FACE_BOUND('',#1737,.T.);
#1885=FACE_BOUND('',#1738,.T.);
#1886=FACE_BOUND('',#1739,.T.);
#1887=FACE_BOUND('',#1740,.T.);
#1888=FACE_BOUND('',#1741,.T.);
#1889=FACE_BOUND('',#1742,.T.);
#1890=FACE_BOUND('',#1743,.T.);
#1891=FACE_BOUND('',#1744,.T.);
#1892=FACE_BOUND('',#1745,.T.);
#1893=FACE_BOUND('',#1746,.T.);
#1894=FACE_BOUND('',#1747,.T.);
#1895=FACE_BOUND('',#1748,.T.);
#1896=FACE_BOUND('',#1749,.T.);
#1897=PLANE('',#2172);
#1898=PLANE('',#2173);
#1899=PLANE('',#2174);
#1900=PLANE('',#2175);
#1901=PLANE('',#2176);
#1902=PLANE('',#2177);
#1903=PLANE('',#2178);
#1904=PLANE('',#2179);
#1905=PLANE('',#2180);
#1906=PLANE('',#2181);
#1907=PLANE('',#2182);
#1908=PLANE('',#2183);
#1909=PLANE('',#2184);
#1910=PLANE('',#2185);
#1911=PLANE('',#2186);
#1912=PLANE('',#2187);
#1913=PLANE('',#2188);
#1914=PLANE('',#2189);
#1915=PLANE('',#2190);
#1916=PLANE('',#2191);
#1917=PLANE('',#2192);
#1918=PLANE('',#2193);
#1919=PLANE('',#2194);
#1920=PLANE('',#2198);
#1921=PLANE('',#2199);
#1922=PLANE('',#2201);
#1923=PLANE('',#2202);
#1924=PLANE('',#2203);
#1925=PLANE('',#2204);
#1926=PLANE('',#2205);
#1927=PLANE('',#2206);
#1928=PLANE('',#2207);
#1929=PLANE('',#2208);
#1930=PLANE('',#2209);
#1931=PLANE('',#2210);
#1932=PLANE('',#2211);
#1933=PLANE('',#2212);
#1934=PLANE('',#2213);
#1935=PLANE('',#2214);
#1936=PLANE('',#2215);
#1937=PLANE('',#2216);
#1938=PLANE('',#2221);
#1939=PLANE('',#2223);
#1940=PLANE('',#2230);
#1941=PLANE('',#2232);
#1942=PLANE('',#2235);
#1943=PLANE('',#2237);
#1944=PLANE('',#2243);
#1945=PLANE('',#2244);
#1946=PLANE('',#2246);
#1947=PLANE('',#2248);
#1948=PLANE('',#2249);
#1949=PLANE('',#2250);
#1950=PLANE('',#2251);
#1951=PLANE('',#2252);
#1952=PLANE('',#2253);
#1953=PLANE('',#2254);
#1954=PLANE('',#2256);
#1955=PLANE('',#2257);
#1956=PLANE('',#2258);
#1957=PLANE('',#2259);
#1958=PLANE('',#2260);
#1959=PLANE('',#2262);
#1960=PLANE('',#2263);
#1961=PLANE('',#2265);
#1962=PLANE('',#2266);
#1963=PLANE('',#2268);
#1964=PLANE('',#2269);
#1965=PLANE('',#2270);
#1966=PLANE('',#2272);
#1967=PLANE('',#2273);
#1968=PLANE('',#2274);
#1969=PLANE('',#2275);
#1970=PLANE('',#2276);
#1971=PLANE('',#2277);
#1972=PLANE('',#2278);
#1973=PLANE('',#2279);
#1974=PLANE('',#2280);
#1975=PLANE('',#2281);
#1976=PLANE('',#2282);
#1977=PLANE('',#2283);
#1978=PLANE('',#2284);
#1979=PLANE('',#2285);
#1980=PLANE('',#2286);
#1981=PLANE('',#2287);
#1982=PLANE('',#2288);
#1983=PLANE('',#2289);
#1984=PLANE('',#2290);
#1985=PLANE('',#2291);
#1986=PLANE('',#2292);
#1987=PLANE('',#2293);
#1988=PLANE('',#2294);
#1989=PLANE('',#2295);
#1990=PLANE('',#2296);
#1991=PLANE('',#2297);
#1992=PLANE('',#2298);
#1993=PLANE('',#2301);
#1994=PLANE('',#2302);
#1995=PLANE('',#2303);
#1996=PLANE('',#2304);
#1997=PLANE('',#2305);
#1998=PLANE('',#2306);
#1999=PLANE('',#2307);
#2000=PLANE('',#2308);
#2001=PLANE('',#2309);
#2002=PLANE('',#2310);
#2003=ADVANCED_FACE('',(#1750),#1897,.T.);
#2004=ADVANCED_FACE('',(#1751),#1898,.T.);
#2005=ADVANCED_FACE('',(#1752),#1899,.T.);
#2006=ADVANCED_FACE('',(#1753),#1900,.T.);
#2007=ADVANCED_FACE('',(#1754),#1901,.T.);
#2008=ADVANCED_FACE('',(#1755),#1902,.F.);
#2009=ADVANCED_FACE('',(#1756),#1903,.F.);
#2010=ADVANCED_FACE('',(#1757),#1904,.F.);
#2011=ADVANCED_FACE('',(#1758),#1905,.F.);
#2012=ADVANCED_FACE('',(#1759),#1906,.F.);
#2013=ADVANCED_FACE('',(#1760),#1907,.F.);
#2014=ADVANCED_FACE('',(#1761),#1908,.T.);
#2015=ADVANCED_FACE('',(#1762,#1763),#1909,.T.);
#2016=ADVANCED_FACE('',(#1764),#1910,.F.);
#2017=ADVANCED_FACE('',(#1765),#1911,.F.);
#2018=ADVANCED_FACE('',(#1766),#1912,.F.);
#2019=ADVANCED_FACE('',(#1767),#1913,.F.);
#2020=ADVANCED_FACE('',(#1768),#1914,.F.);
#2021=ADVANCED_FACE('',(#1769),#1915,.F.);
#2022=ADVANCED_FACE('',(#1770),#1916,.F.);
#2023=ADVANCED_FACE('',(#1771),#1917,.F.);
#2024=ADVANCED_FACE('',(#1772),#1918,.F.);
#2025=ADVANCED_FACE('',(#1773),#1919,.T.);
#2026=ADVANCED_FACE('',(#1774),#61,.T.);
#2027=ADVANCED_FACE('',(#1775),#1920,.T.);
#2028=ADVANCED_FACE('',(#1776,#1777),#1921,.F.);
#2029=ADVANCED_FACE('',(#1778,#1779),#1922,.T.);
#2030=ADVANCED_FACE('',(#1780),#1923,.T.);
#2031=ADVANCED_FACE('',(#1781,#1782),#1924,.F.);
#2032=ADVANCED_FACE('',(#1783),#1925,.T.);
#2033=ADVANCED_FACE('',(#1784),#1926,.T.);
#2034=ADVANCED_FACE('',(#1785),#1927,.F.);
#2035=ADVANCED_FACE('',(#1786),#1928,.T.);
#2036=ADVANCED_FACE('',(#1787),#1929,.F.);
#2037=ADVANCED_FACE('',(#1788),#1930,.F.);
#2038=ADVANCED_FACE('',(#1789),#1931,.F.);
#2039=ADVANCED_FACE('',(#1790),#1932,.T.);
#2040=ADVANCED_FACE('',(#1791),#1933,.T.);
#2041=ADVANCED_FACE('',(#1792),#1934,.F.);
#2042=ADVANCED_FACE('',(#1793),#1935,.T.);
#2043=ADVANCED_FACE('',(#1794),#1936,.F.);
#2044=ADVANCED_FACE('',(#1795),#1937,.T.);
#2045=ADVANCED_FACE('',(#1796),#14,.F.);
#2046=ADVANCED_FACE('',(#1797),#15,.F.);
#2047=ADVANCED_FACE('',(#1798),#16,.F.);
#2048=ADVANCED_FACE('',(#1799,#1800),#62,.T.);
#2049=ADVANCED_FACE('',(#1801,#1802),#1938,.T.);
#2050=ADVANCED_FACE('',(#1803),#1939,.F.);
#2051=ADVANCED_FACE('',(#1804,#1805),#63,.T.);
#2052=ADVANCED_FACE('',(#1806,#1807),#11,.T.);
#2053=ADVANCED_FACE('',(#1808,#1809),#64,.T.);
#2054=ADVANCED_FACE('',(#1810,#1811),#1940,.T.);
#2055=ADVANCED_FACE('',(#1812),#1941,.T.);
#2056=ADVANCED_FACE('',(#1813,#1814),#65,.T.);
#2057=ADVANCED_FACE('',(#1815),#1942,.F.);
#2058=ADVANCED_FACE('',(#1816),#1943,.T.);
#2059=ADVANCED_FACE('',(#1817,#1818),#12,.F.);
#2060=ADVANCED_FACE('',(#1819,#1820),#66,.F.);
#2061=ADVANCED_FACE('',(#1821),#1944,.T.);
#2062=ADVANCED_FACE('',(#1822,#1823,#1824),#1945,.T.);
#2063=ADVANCED_FACE('',(#1825,#1826,#1827),#1946,.T.);
#2064=ADVANCED_FACE('',(#1828),#1947,.T.);
#2065=ADVANCED_FACE('',(#1829),#1948,.T.);
#2066=ADVANCED_FACE('',(#1830),#1949,.F.);
#2067=ADVANCED_FACE('',(#1831,#1832),#1950,.T.);
#2068=ADVANCED_FACE('',(#1833),#1951,.F.);
#2069=ADVANCED_FACE('',(#1834),#1952,.F.);
#2070=ADVANCED_FACE('',(#1835,#1836),#1953,.F.);
#2071=ADVANCED_FACE('',(#1837),#1954,.T.);
#2072=ADVANCED_FACE('',(#1838),#1955,.T.);
#2073=ADVANCED_FACE('',(#1839),#1956,.T.);
#2074=ADVANCED_FACE('',(#1840),#1957,.F.);
#2075=ADVANCED_FACE('',(#1841,#1842),#1958,.T.);
#2076=ADVANCED_FACE('',(#1843),#1959,.F.);
#2077=ADVANCED_FACE('',(#1844,#1845),#1960,.F.);
#2078=ADVANCED_FACE('',(#1846),#1961,.F.);
#2079=ADVANCED_FACE('',(#1847,#1848),#1962,.T.);
#2080=ADVANCED_FACE('',(#1849),#1963,.F.);
#2081=ADVANCED_FACE('',(#1850),#1964,.T.);
#2082=ADVANCED_FACE('',(#1851,#1852),#1965,.T.);
#2083=ADVANCED_FACE('',(#1853,#1854),#67,.F.);
#2084=ADVANCED_FACE('',(#1855),#1966,.F.);
#2085=ADVANCED_FACE('',(#1856),#1967,.F.);
#2086=ADVANCED_FACE('',(#1857),#1968,.T.);
#2087=ADVANCED_FACE('',(#1858),#1969,.F.);
#2088=ADVANCED_FACE('',(#1859),#1970,.F.);
#2089=ADVANCED_FACE('',(#1860),#1971,.F.);
#2090=ADVANCED_FACE('',(#1861),#1972,.F.);
#2091=ADVANCED_FACE('',(#1862),#1973,.F.);
#2092=ADVANCED_FACE('',(#1863),#1974,.F.);
#2093=ADVANCED_FACE('',(#1864),#1975,.T.);
#2094=ADVANCED_FACE('',(#1865),#1976,.T.);
#2095=ADVANCED_FACE('',(#1866),#1977,.T.);
#2096=ADVANCED_FACE('',(#1867),#1978,.T.);
#2097=ADVANCED_FACE('',(#1868),#1979,.T.);
#2098=ADVANCED_FACE('',(#1869),#1980,.T.);
#2099=ADVANCED_FACE('',(#1870),#1981,.F.);
#2100=ADVANCED_FACE('',(#1871,#1872),#1982,.T.);
#2101=ADVANCED_FACE('',(#1873),#1983,.T.);
#2102=ADVANCED_FACE('',(#1874),#1984,.F.);
#2103=ADVANCED_FACE('',(#1875),#1985,.F.);
#2104=ADVANCED_FACE('',(#1876),#1986,.T.);
#2105=ADVANCED_FACE('',(#1877),#1987,.T.);
#2106=ADVANCED_FACE('',(#1878),#1988,.T.);
#2107=ADVANCED_FACE('',(#1879),#1989,.F.);
#2108=ADVANCED_FACE('',(#1880),#1990,.F.);
#2109=ADVANCED_FACE('',(#1881),#1991,.T.);
#2110=ADVANCED_FACE('',(#1882),#1992,.T.);
#2111=ADVANCED_FACE('',(#1883,#1884),#68,.F.);
#2112=ADVANCED_FACE('',(#1885,#1886),#69,.F.);
#2113=ADVANCED_FACE('',(#1887),#1993,.T.);
#2114=ADVANCED_FACE('',(#1888),#1994,.F.);
#2115=ADVANCED_FACE('',(#1889),#1995,.F.);
#2116=ADVANCED_FACE('',(#1890),#1996,.T.);
#2117=ADVANCED_FACE('',(#1891),#1997,.T.);
#2118=ADVANCED_FACE('',(#1892),#1998,.F.);
#2119=ADVANCED_FACE('',(#1893),#1999,.F.);
#2120=ADVANCED_FACE('',(#1894),#2000,.F.);
#2121=ADVANCED_FACE('',(#1895),#2001,.F.);
#2122=ADVANCED_FACE('',(#1896),#2002,.T.);
#2123=CLOSED_SHELL('',(#2003,#2004,#2005,#2006,#2007,#2008,#2009,#2010,
#2011,#2012,#2013,#2014,#2015,#2016,#2017,#2018,#2019,#2020,#2021,#2022,
#2023,#2024,#2025,#2026,#2027,#2028));
#2124=CLOSED_SHELL('',(#2029,#2030,#2031,#2032,#2033,#2034,#2035,#2036,
#2037,#2038,#2039,#2040,#2041,#2042,#2043,#2044,#2045,#2046,#2047));
#2125=CLOSED_SHELL('',(#2048,#2049,#2050,#2051,#2052,#2053,#2054,#2055,
#2056));
#2126=CLOSED_SHELL('',(#2057,#2058,#2059,#2060));
#2127=CLOSED_SHELL('',(#2061,#2062,#2063,#2064,#2065,#2066,#2067,#2068,
#2069,#2070,#2071,#2072,#2073,#2074,#2075,#2076,#2077,#2078,#2079,#2080,
#2081,#2082,#2083,#2084,#2085,#2086,#2087,#2088,#2089,#2090,#2091,#2092,
#2093,#2094,#2095,#2096,#2097,#2098,#2099,#2100,#2101,#2102,#2103,#2104,
#2105,#2106,#2107,#2108,#2109,#2110,#2111,#2112,#2113,#2114,#2115,#2116,
#2117,#2118,#2119,#2120,#2121,#2122));
#2128=STYLED_ITEM('',(#2132),#2160);
#2129=STYLED_ITEM('',(#2133),#2161);
#2130=STYLED_ITEM('',(#2134),#13);
#2131=STYLED_ITEM('',(#2135),#2162);
#2132=PRESENTATION_STYLE_ASSIGNMENT((#2136));
#2133=PRESENTATION_STYLE_ASSIGNMENT((#2137));
#2134=PRESENTATION_STYLE_ASSIGNMENT((#2138));
#2135=PRESENTATION_STYLE_ASSIGNMENT((#2139));
#2136=SURFACE_STYLE_USAGE(.BOTH.,#2140);
#2137=SURFACE_STYLE_USAGE(.BOTH.,#2141);
#2138=SURFACE_STYLE_USAGE(.BOTH.,#2142);
#2139=SURFACE_STYLE_USAGE(.BOTH.,#2143);
#2140=SURFACE_SIDE_STYLE('',(#2144));
#2141=SURFACE_SIDE_STYLE('',(#2145));
#2142=SURFACE_SIDE_STYLE('',(#2146));
#2143=SURFACE_SIDE_STYLE('',(#2147));
#2144=SURFACE_STYLE_FILL_AREA(#2148);
#2145=SURFACE_STYLE_FILL_AREA(#2149);
#2146=SURFACE_STYLE_FILL_AREA(#2150);
#2147=SURFACE_STYLE_FILL_AREA(#2151);
#2148=FILL_AREA_STYLE('',(#2152));
#2149=FILL_AREA_STYLE('',(#2153));
#2150=FILL_AREA_STYLE('',(#2154));
#2151=FILL_AREA_STYLE('',(#2155));
#2152=FILL_AREA_STYLE_COLOUR('',#2156);
#2153=FILL_AREA_STYLE_COLOUR('',#2157);
#2154=FILL_AREA_STYLE_COLOUR('',#2158);
#2155=FILL_AREA_STYLE_COLOUR('',#2159);
#2156=COLOUR_RGB('',0.647058823529412,0.647058823529412,0.647058823529412);
#2157=COLOUR_RGB('',0.768627450980392,0.886274509803922,0.952941176470588);
#2158=COLOUR_RGB('',0.231372549019608,0.380392156862745,0.705882352941177);
#2159=COLOUR_RGB('',0.615686274509804,0.811764705882353,0.929411764705882);
#2160=MANIFOLD_SOLID_BREP('Part 2',#2123);
#2161=MANIFOLD_SOLID_BREP('Part 4',#2124);
#2162=MANIFOLD_SOLID_BREP('Part 1',#2127);
#2163=SHAPE_DEFINITION_REPRESENTATION(#3612,#2167);
#2164=SHAPE_DEFINITION_REPRESENTATION(#3613,#2168);
#2165=SHAPE_DEFINITION_REPRESENTATION(#3614,#2169);
#2166=SHAPE_DEFINITION_REPRESENTATION(#3615,#2170);
#2167=SHAPE_REPRESENTATION('Part 2',(#2171),#3592);
#2168=SHAPE_REPRESENTATION('Part 4',(#2200),#3593);
#2169=SHAPE_REPRESENTATION('Part 3',(#2217),#3594);
#2170=SHAPE_REPRESENTATION('Part 1',(#2242),#3595);
#2171=AXIS2_PLACEMENT_3D('',#2838,#2311,#2312);
#2172=AXIS2_PLACEMENT_3D('',#2839,#2313,#2314);
#2173=AXIS2_PLACEMENT_3D('',#2848,#2319,#2320);
#2174=AXIS2_PLACEMENT_3D('',#2854,#2324,#2325);
#2175=AXIS2_PLACEMENT_3D('',#2860,#2329,#2330);
#2176=AXIS2_PLACEMENT_3D('',#2866,#2334,#2335);
#2177=AXIS2_PLACEMENT_3D('',#2872,#2339,#2340);
#2178=AXIS2_PLACEMENT_3D('',#2881,#2345,#2346);
#2179=AXIS2_PLACEMENT_3D('',#2887,#2350,#2351);
#2180=AXIS2_PLACEMENT_3D('',#2893,#2355,#2356);
#2181=AXIS2_PLACEMENT_3D('',#2899,#2360,#2361);
#2182=AXIS2_PLACEMENT_3D('',#2905,#2365,#2366);
#2183=AXIS2_PLACEMENT_3D('',#2908,#2369,#2370);
#2184=AXIS2_PLACEMENT_3D('',#2911,#2373,#2374);
#2185=AXIS2_PLACEMENT_3D('',#2912,#2375,#2376);
#2186=AXIS2_PLACEMENT_3D('',#2913,#2377,#2378);
#2187=AXIS2_PLACEMENT_3D('',#2922,#2383,#2384);
#2188=AXIS2_PLACEMENT_3D('',#2928,#2388,#2389);
#2189=AXIS2_PLACEMENT_3D('',#2934,#2393,#2394);
#2190=AXIS2_PLACEMENT_3D('',#2940,#2398,#2399);
#2191=AXIS2_PLACEMENT_3D('',#2946,#2403,#2404);
#2192=AXIS2_PLACEMENT_3D('',#2952,#2408,#2409);
#2193=AXIS2_PLACEMENT_3D('',#2958,#2413,#2414);
#2194=AXIS2_PLACEMENT_3D('',#2964,#2418,#2419);
#2195=AXIS2_PLACEMENT_3D('',#2970,#2423,#2424);
#2196=AXIS2_PLACEMENT_3D('',#2971,#2425,#2426);
#2197=AXIS2_PLACEMENT_3D('',#2972,#2427,#2428);
#2198=AXIS2_PLACEMENT_3D('',#2973,#2429,#2430);
#2199=AXIS2_PLACEMENT_3D('',#2974,#2431,#2432);
#2200=AXIS2_PLACEMENT_3D('',#2975,#2433,#2434);
#2201=AXIS2_PLACEMENT_3D('',#2976,#2435,#2436);
#2202=AXIS2_PLACEMENT_3D('',#2993,#2445,#2446);
#2203=AXIS2_PLACEMENT_3D('',#3018,#2451,#2452);
#2204=AXIS2_PLACEMENT_3D('',#3052,#2462,#2463);
#2205=AXIS2_PLACEMENT_3D('',#3055,#2466,#2467);
#2206=AXIS2_PLACEMENT_3D('',#3058,#2470,#2471);
#2207=AXIS2_PLACEMENT_3D('',#3059,#2472,#2473);
#2208=AXIS2_PLACEMENT_3D('',#3060,#2474,#2475);
#2209=AXIS2_PLACEMENT_3D('',#3100,#2479,#2480);
#2210=AXIS2_PLACEMENT_3D('',#3103,#2483,#2484);
#2211=AXIS2_PLACEMENT_3D('',#3108,#2485,#2486);
#2212=AXIS2_PLACEMENT_3D('',#3113,#2487,#2488);
#2213=AXIS2_PLACEMENT_3D('',#3116,#2491,#2492);
#2214=AXIS2_PLACEMENT_3D('',#3118,#2494,#2495);
#2215=AXIS2_PLACEMENT_3D('',#3120,#2497,#2498);
#2216=AXIS2_PLACEMENT_3D('',#3130,#2500,#2501);
#2217=AXIS2_PLACEMENT_3D('',#3230,#2502,#2503);
#2218=AXIS2_PLACEMENT_3D('',#3231,#2504,#2505);
#2219=AXIS2_PLACEMENT_3D('',#3232,#2506,#2507);
#2220=AXIS2_PLACEMENT_3D('',#3234,#2508,#2509);
#2221=AXIS2_PLACEMENT_3D('',#3236,#2510,#2511);
#2222=AXIS2_PLACEMENT_3D('',#3237,#2512,#2513);
#2223=AXIS2_PLACEMENT_3D('',#3239,#2514,#2515);
#2224=AXIS2_PLACEMENT_3D('',#3240,#2516,#2517);
#2225=AXIS2_PLACEMENT_3D('',#3241,#2518,#2519);
#2226=AXIS2_PLACEMENT_3D('',#3243,#2520,#2521);
#2227=AXIS2_PLACEMENT_3D('',#3244,#2522,#2523);
#2228=AXIS2_PLACEMENT_3D('',#3246,#2524,#2525);
#2229=AXIS2_PLACEMENT_3D('',#3247,#2526,#2527);
#2230=AXIS2_PLACEMENT_3D('',#3249,#2528,#2529);
#2231=AXIS2_PLACEMENT_3D('',#3250,#2530,#2531);
#2232=AXIS2_PLACEMENT_3D('',#3252,#2532,#2533);
#2233=AXIS2_PLACEMENT_3D('',#3253,#2534,#2535);
#2234=AXIS2_PLACEMENT_3D('',#3255,#2536,#2537);
#2235=AXIS2_PLACEMENT_3D('',#3256,#2538,#2539);
#2236=AXIS2_PLACEMENT_3D('',#3257,#2540,#2541);
#2237=AXIS2_PLACEMENT_3D('',#3259,#2542,#2543);
#2238=AXIS2_PLACEMENT_3D('',#3260,#2544,#2545);
#2239=AXIS2_PLACEMENT_3D('',#3262,#2546,#2547);
#2240=AXIS2_PLACEMENT_3D('',#3263,#2548,#2549);
#2241=AXIS2_PLACEMENT_3D('',#3265,#2550,#2551);
#2242=AXIS2_PLACEMENT_3D('',#3266,#2552,#2553);
#2243=AXIS2_PLACEMENT_3D('',#3267,#2554,#2555);
#2244=AXIS2_PLACEMENT_3D('',#3276,#2560,#2561);
#2245=AXIS2_PLACEMENT_3D('',#3277,#2562,#2563);
#2246=AXIS2_PLACEMENT_3D('',#3295,#2572,#2573);
#2247=AXIS2_PLACEMENT_3D('',#3296,#2574,#2575);
#2248=AXIS2_PLACEMENT_3D('',#3314,#2584,#2585);
#2249=AXIS2_PLACEMENT_3D('',#3323,#2590,#2591);
#2250=AXIS2_PLACEMENT_3D('',#3329,#2595,#2596);
#2251=AXIS2_PLACEMENT_3D('',#3335,#2600,#2601);
#2252=AXIS2_PLACEMENT_3D('',#3360,#2614,#2615);
#2253=AXIS2_PLACEMENT_3D('',#3373,#2622,#2623);
#2254=AXIS2_PLACEMENT_3D('',#3382,#2628,#2629);
#2255=AXIS2_PLACEMENT_3D('',#3383,#2630,#2631);
#2256=AXIS2_PLACEMENT_3D('',#3392,#2637,#2638);
#2257=AXIS2_PLACEMENT_3D('',#3396,#2642,#2643);
#2258=AXIS2_PLACEMENT_3D('',#3402,#2647,#2648);
#2259=AXIS2_PLACEMENT_3D('',#3410,#2654,#2655);
#2260=AXIS2_PLACEMENT_3D('',#3416,#2659,#2660);
#2261=AXIS2_PLACEMENT_3D('',#3417,#2661,#2662);
#2262=AXIS2_PLACEMENT_3D('',#3426,#2668,#2669);
#2263=AXIS2_PLACEMENT_3D('',#3428,#2671,#2672);
#2264=AXIS2_PLACEMENT_3D('',#3429,#2673,#2674);
#2265=AXIS2_PLACEMENT_3D('',#3432,#2676,#2677);
#2266=AXIS2_PLACEMENT_3D('',#3433,#2678,#2679);
#2267=AXIS2_PLACEMENT_3D('',#3434,#2680,#2681);
#2268=AXIS2_PLACEMENT_3D('',#3438,#2684,#2685);
#2269=AXIS2_PLACEMENT_3D('',#3439,#2686,#2687);
#2270=AXIS2_PLACEMENT_3D('',#3448,#2692,#2693);
#2271=AXIS2_PLACEMENT_3D('',#3449,#2694,#2695);
#2272=AXIS2_PLACEMENT_3D('',#3450,#2696,#2697);
#2273=AXIS2_PLACEMENT_3D('',#3452,#2699,#2700);
#2274=AXIS2_PLACEMENT_3D('',#3454,#2702,#2703);
#2275=AXIS2_PLACEMENT_3D('',#3455,#2704,#2705);
#2276=AXIS2_PLACEMENT_3D('',#3461,#2709,#2710);
#2277=AXIS2_PLACEMENT_3D('',#3469,#2715,#2716);
#2278=AXIS2_PLACEMENT_3D('',#3475,#2720,#2721);
#2279=AXIS2_PLACEMENT_3D('',#3481,#2723,#2724);
#2280=AXIS2_PLACEMENT_3D('',#3486,#2728,#2729);
#2281=AXIS2_PLACEMENT_3D('',#3490,#2732,#2733);
#2282=AXIS2_PLACEMENT_3D('',#3496,#2737,#2738);
#2283=AXIS2_PLACEMENT_3D('',#3500,#2741,#2742);
#2284=AXIS2_PLACEMENT_3D('',#3504,#2745,#2746);
#2285=AXIS2_PLACEMENT_3D('',#3508,#2749,#2750);
#2286=AXIS2_PLACEMENT_3D('',#3512,#2753,#2754);
#2287=AXIS2_PLACEMENT_3D('',#3514,#2756,#2757);
#2288=AXIS2_PLACEMENT_3D('',#3516,#2759,#2760);
#2289=AXIS2_PLACEMENT_3D('',#3517,#2761,#2762);
#2290=AXIS2_PLACEMENT_3D('',#3523,#2766,#2767);
#2291=AXIS2_PLACEMENT_3D('',#3527,#2770,#2771);
#2292=AXIS2_PLACEMENT_3D('',#3531,#2774,#2775);
#2293=AXIS2_PLACEMENT_3D('',#3533,#2777,#2778);
#2294=AXIS2_PLACEMENT_3D('',#3534,#2779,#2780);
#2295=AXIS2_PLACEMENT_3D('',#3540,#2784,#2785);
#2296=AXIS2_PLACEMENT_3D('',#3544,#2788,#2789);
#2297=AXIS2_PLACEMENT_3D('',#3548,#2792,#2793);
#2298=AXIS2_PLACEMENT_3D('',#3550,#2795,#2796);
#2299=AXIS2_PLACEMENT_3D('',#3551,#2797,#2798);
#2300=AXIS2_PLACEMENT_3D('',#3552,#2799,#2800);
#2301=AXIS2_PLACEMENT_3D('',#3553,#2801,#2802);
#2302=AXIS2_PLACEMENT_3D('',#3557,#2805,#2806);
#2303=AXIS2_PLACEMENT_3D('',#3561,#2809,#2810);
#2304=AXIS2_PLACEMENT_3D('',#3565,#2813,#2814);
#2305=AXIS2_PLACEMENT_3D('',#3569,#2817,#2818);
#2306=AXIS2_PLACEMENT_3D('',#3573,#2821,#2822);
#2307=AXIS2_PLACEMENT_3D('',#3577,#2825,#2826);
#2308=AXIS2_PLACEMENT_3D('',#3581,#2829,#2830);
#2309=AXIS2_PLACEMENT_3D('',#3585,#2833,#2834);
#2310=AXIS2_PLACEMENT_3D('',#3587,#2836,#2837);
#2311=DIRECTION('',(0.,0.,1.));
#2312=DIRECTION('',(1.,0.,0.));
#2313=DIRECTION('',(-4.38245930773084E-16,0.,1.));
#2314=DIRECTION('',(1.,0.,4.38245930773084E-16));
#2315=DIRECTION('',(-1.,0.,-4.38245930773084E-16));
#2316=DIRECTION('',(0.,-1.,0.));
#2317=DIRECTION('',(-1.,0.,-4.38245930773084E-16));
#2318=DIRECTION('',(0.,-1.,0.));
#2319=DIRECTION('',(-1.,0.,0.));
#2320=DIRECTION('',(0.,0.,1.));
#2321=DIRECTION('',(0.,0.,-1.));
#2322=DIRECTION('',(0.,-1.,0.));
#2323=DIRECTION('',(0.,0.,-1.));
#2324=DIRECTION('',(-0.419058177461746,0.,-0.907959384500452));
#2325=DIRECTION('',(-0.907959384500452,0.,0.419058177461746));
#2326=DIRECTION('',(0.907959384500452,0.,-0.419058177461746));
#2327=DIRECTION('',(0.,-1.,0.));
#2328=DIRECTION('',(0.907959384500452,0.,-0.419058177461746));
#2329=DIRECTION('',(6.12323399573676E-17,0.,-1.));
#2330=DIRECTION('',(-1.,0.,-6.12323399573676E-17));
#2331=DIRECTION('',(1.,0.,6.12323399573676E-17));
#2332=DIRECTION('',(0.,-1.,0.));
#2333=DIRECTION('',(1.,0.,6.12323399573676E-17));
#2334=DIRECTION('',(0.419058177461681,0.,-0.907959384500482));
#2335=DIRECTION('',(-0.907959384500482,0.,-0.419058177461681));
#2336=DIRECTION('',(0.907959384500482,0.,0.419058177461681));
#2337=DIRECTION('',(0.,-1.,0.));
#2338=DIRECTION('',(0.907959384500482,0.,0.419058177461681));
#2339=DIRECTION('',(-4.38245930773084E-16,0.,1.));
#2340=DIRECTION('',(1.,0.,4.38245930773084E-16));
#2341=DIRECTION('',(-1.,0.,-4.38245930773084E-16));
#2342=DIRECTION('',(0.,-1.,0.));
#2343=DIRECTION('',(-1.,0.,-4.38245930773084E-16));
#2344=DIRECTION('',(0.,-1.,0.));
#2345=DIRECTION('',(1.,0.,3.75856753128307E-16));
#2346=DIRECTION('',(3.75856753128307E-16,0.,-1.));
#2347=DIRECTION('',(-3.75856753128307E-16,0.,1.));
#2348=DIRECTION('',(0.,-1.,0.));
#2349=DIRECTION('',(-3.75856753128307E-16,0.,1.));
#2350=DIRECTION('',(0.419058177461681,0.,-0.907959384500482));
#2351=DIRECTION('',(-0.907959384500482,0.,-0.419058177461681));
#2352=DIRECTION('',(0.907959384500482,0.,0.419058177461681));
#2353=DIRECTION('',(0.,-1.,0.));
#2354=DIRECTION('',(0.907959384500482,0.,0.419058177461681));
#2355=DIRECTION('',(6.12323399573676E-17,0.,-1.));
#2356=DIRECTION('',(-1.,0.,-6.12323399573676E-17));
#2357=DIRECTION('',(1.,0.,6.12323399573676E-17));
#2358=DIRECTION('',(0.,-1.,0.));
#2359=DIRECTION('',(1.,0.,6.12323399573676E-17));
#2360=DIRECTION('',(-0.419058177461746,0.,-0.907959384500452));
#2361=DIRECTION('',(-0.907959384500452,0.,0.419058177461746));
#2362=DIRECTION('',(0.907959384500452,0.,-0.419058177461746));
#2363=DIRECTION('',(0.,-1.,0.));
#2364=DIRECTION('',(0.907959384500452,0.,-0.419058177461746));
#2365=DIRECTION('',(-1.,0.,0.));
#2366=DIRECTION('',(0.,0.,1.));
#2367=DIRECTION('',(0.,0.,-1.));
#2368=DIRECTION('',(0.,0.,-1.));
#2369=DIRECTION('',(1.,0.,3.75856753128307E-16));
#2370=DIRECTION('',(3.75856753128307E-16,0.,-1.));
#2371=DIRECTION('',(-3.75856753128307E-16,0.,1.));
#2372=DIRECTION('',(-3.75856753128307E-16,0.,1.));
#2373=DIRECTION('',(0.,1.,0.));
#2374=DIRECTION('',(0.,0.,1.));
#2375=DIRECTION('',(0.,-1.,0.));
#2376=DIRECTION('',(1.,0.,0.));
#2377=DIRECTION('',(-1.,0.,0.));
#2378=DIRECTION('',(0.,0.,1.));
#2379=DIRECTION('',(0.,0.,1.));
#2380=DIRECTION('',(0.,1.,0.));
#2381=DIRECTION('',(0.,0.,1.));
#2382=DIRECTION('',(0.,1.,0.));
#2383=DIRECTION('',(0.,0.,1.));
#2384=DIRECTION('',(1.,0.,0.));
#2385=DIRECTION('',(1.,0.,0.));
#2386=DIRECTION('',(0.,1.,0.));
#2387=DIRECTION('',(1.,0.,0.));
#2388=DIRECTION('',(-1.,0.,0.));
#2389=DIRECTION('',(0.,0.,1.));
#2390=DIRECTION('',(0.,0.,1.));
#2391=DIRECTION('',(0.,1.,0.));
#2392=DIRECTION('',(0.,0.,1.));
#2393=DIRECTION('',(-0.419042400097757,0.,-0.907966666194476));
#2394=DIRECTION('',(-0.907966666194476,0.,0.419042400097757));
#2395=DIRECTION('',(-0.907966666194476,0.,0.419042400097757));
#2396=DIRECTION('',(0.,1.,0.));
#2397=DIRECTION('',(-0.907966666194476,0.,0.419042400097757));
#2398=DIRECTION('',(0.,0.,-1.));
#2399=DIRECTION('',(-1.,0.,0.));
#2400=DIRECTION('',(-1.,0.,0.));
#2401=DIRECTION('',(0.,1.,0.));
#2402=DIRECTION('',(-1.,0.,0.));
#2403=DIRECTION('',(0.419042421003456,0.,-0.907966656546133));
#2404=DIRECTION('',(-0.907966656546133,0.,-0.419042421003456));
#2405=DIRECTION('',(-0.907966656546133,0.,-0.419042421003456));
#2406=DIRECTION('',(0.,1.,0.));
#2407=DIRECTION('',(-0.907966656546133,0.,-0.419042421003456));
#2408=DIRECTION('',(1.,0.,0.));
#2409=DIRECTION('',(0.,0.,-1.));
#2410=DIRECTION('',(0.,0.,-1.));
#2411=DIRECTION('',(0.,1.,0.));
#2412=DIRECTION('',(0.,0.,-1.));
#2413=DIRECTION('',(0.,0.,1.));
#2414=DIRECTION('',(1.,0.,0.));
#2415=DIRECTION('',(1.,0.,0.));
#2416=DIRECTION('',(0.,1.,0.));
#2417=DIRECTION('',(1.,0.,0.));
#2418=DIRECTION('',(-1.,0.,0.));
#2419=DIRECTION('',(0.,0.,1.));
#2420=DIRECTION('',(0.,0.,1.));
#2421=DIRECTION('',(0.,1.,0.));
#2422=DIRECTION('',(0.,0.,1.));
#2423=DIRECTION('',(0.,1.,0.));
#2424=DIRECTION('',(0.,0.,1.));
#2425=DIRECTION('',(0.,-1.,0.));
#2426=DIRECTION('',(-1.,0.,-6.93889390390723E-16));
#2427=DIRECTION('',(0.,-1.,0.));
#2428=DIRECTION('',(-1.,0.,-6.93889390390723E-16));
#2429=DIRECTION('',(0.,-1.,0.));
#2430=DIRECTION('',(1.,0.,0.));
#2431=DIRECTION('',(0.,-1.,0.));
#2432=DIRECTION('',(1.,0.,0.));
#2433=DIRECTION('',(0.,0.,1.));
#2434=DIRECTION('',(1.,0.,0.));
#2435=DIRECTION('',(-0.98148947412023,0.,0.191516088596218));
#2436=DIRECTION('',(0.191516088596218,0.,0.98148947412023));
#2437=DIRECTION('',(-0.191516088596218,0.,-0.98148947412023));
#2438=DIRECTION('',(0.,-1.,0.));
#2439=DIRECTION('',(-0.191516088596218,0.,-0.98148947412023));
#2440=DIRECTION('',(0.,-1.,0.));
#2441=DIRECTION('',(-0.191516088596218,1.53515351856354E-16,-0.98148947412023));
#2442=DIRECTION('',(0.,-1.,0.));
#2443=DIRECTION('',(-0.191516088596218,1.91894189820443E-16,-0.98148947412023));
#2444=DIRECTION('',(0.,-1.,0.));
#2445=DIRECTION('',(2.31296463463574E-16,0.,1.));
#2446=DIRECTION('',(1.,0.,-2.31296463463574E-16));
#2447=DIRECTION('',(-1.,0.,2.31296463463574E-16));
#2448=DIRECTION('',(0.,-1.,0.));
#2449=DIRECTION('',(-1.,0.,2.31296463463574E-16));
#2450=DIRECTION('',(0.,-1.,0.));
#2451=DIRECTION('',(-0.98148947412023,0.,0.191516088596218));
#2452=DIRECTION('',(0.191516088596218,0.,0.98148947412023));
#2453=DIRECTION('',(0.,-1.,0.));
#2454=DIRECTION('',(-0.191516088596218,1.91894189820443E-16,-0.98148947412023));
#2455=DIRECTION('',(0.,-1.,0.));
#2456=DIRECTION('',(-0.191516088596218,1.53515351856354E-16,-0.98148947412023));
#2457=DIRECTION('',(0.,-1.,0.));
#2458=DIRECTION('',(-0.191516088596218,0.,-0.98148947412023));
#2459=DIRECTION('',(0.,-1.,0.));
#2460=DIRECTION('',(-0.191516088596218,0.,-0.98148947412023));
#2461=DIRECTION('',(0.,-1.,0.));
#2462=DIRECTION('',(0.191516088596219,0.,0.98148947412023));
#2463=DIRECTION('',(0.98148947412023,0.,-0.191516088596219));
#2464=DIRECTION('',(-0.98148947412023,0.,0.191516088596219));
#2465=DIRECTION('',(-0.98148947412023,0.,0.191516088596219));
#2466=DIRECTION('',(-0.318954479067487,0.,-0.947770035548069));
#2467=DIRECTION('',(-0.947770035548069,0.,0.318954479067487));
#2468=DIRECTION('',(0.947770035548069,0.,-0.318954479067487));
#2469=DIRECTION('',(0.947770035548069,0.,-0.318954479067487));
#2470=DIRECTION('',(0.,-1.,0.));
#2471=DIRECTION('',(1.,0.,0.));
#2472=DIRECTION('',(0.,-1.,0.));
#2473=DIRECTION('',(1.,0.,0.));
#2474=DIRECTION('',(2.1770288555046E-16,0.,1.));
#2475=DIRECTION('',(1.,0.,-2.1770288555046E-16));
#2476=DIRECTION('',(-1.,0.,2.1770288555046E-16));
#2477=DIRECTION('',(0.,-1.,0.));
#2478=DIRECTION('',(-1.,0.,2.1770288555046E-16));
#2479=DIRECTION('',(-1.,0.,0.));
#2480=DIRECTION('',(0.,0.,1.));
#2481=DIRECTION('',(0.,0.,-1.));
#2482=DIRECTION('',(0.,0.,-1.));
#2483=DIRECTION('',(0.,-1.,0.));
#2484=DIRECTION('',(1.,0.,0.));
#2485=DIRECTION('',(0.,-1.,0.));
#2486=DIRECTION('',(1.,0.,0.));
#2487=DIRECTION('',(-0.191516088596218,0.,-0.98148947412023));
#2488=DIRECTION('',(-0.98148947412023,0.,0.191516088596218));
#2489=DIRECTION('',(-0.98148947412023,0.,0.191516088596218));
#2490=DIRECTION('',(-0.98148947412023,0.,0.191516088596218));
#2491=DIRECTION('',(2.94006597270012E-17,1.,1.50673701962875E-16));
#2492=DIRECTION('',(0.,-1.50673701962875E-16,1.));
#2493=DIRECTION('',(-0.98148947412023,0.,0.191516088596218));
#2494=DIRECTION('',(3.67508246587515E-17,1.,1.88342127453594E-16));
#2495=DIRECTION('',(0.,-1.88342127453594E-16,1.));
#2496=DIRECTION('',(-0.98148947412023,0.,0.191516088596218));
#2497=DIRECTION('',(-0.191516088596218,0.,-0.98148947412023));
#2498=DIRECTION('',(-0.98148947412023,0.,0.191516088596218));
#2499=DIRECTION('',(0.,-1.,0.));
#2500=DIRECTION('',(-0.98148947412023,0.,0.191516088596218));
#2501=DIRECTION('',(0.,-1.,0.));
#2502=DIRECTION('',(0.,0.,1.));
#2503=DIRECTION('',(1.,0.,0.));
#2504=DIRECTION('',(0.,0.,-1.));
#2505=DIRECTION('',(-1.,0.,0.));
#2506=DIRECTION('',(0.,0.,1.));
#2507=DIRECTION('',(1.,0.,0.));
#2508=DIRECTION('',(0.,0.,1.));
#2509=DIRECTION('',(1.,0.,0.));
#2510=DIRECTION('',(0.,0.,1.));
#2511=DIRECTION('',(1.,0.,0.));
#2512=DIRECTION('',(0.,0.,1.));
#2513=DIRECTION('',(1.,0.,0.));
#2514=DIRECTION('',(0.,0.,1.));
#2515=DIRECTION('',(1.,0.,0.));
#2516=DIRECTION('',(0.,0.,-1.));
#2517=DIRECTION('',(-1.,0.,0.));
#2518=DIRECTION('',(0.,0.,1.));
#2519=DIRECTION('',(1.,0.,0.));
#2520=DIRECTION('',(0.,0.,-1.));
#2521=DIRECTION('',(-1.,0.,0.));
#2522=DIRECTION('',(0.,0.,1.));
#2523=DIRECTION('',(1.,0.,0.));
#2524=DIRECTION('',(0.,0.,-1.));
#2525=DIRECTION('',(-1.,0.,0.));
#2526=DIRECTION('',(0.,0.,1.));
#2527=DIRECTION('',(1.,0.,0.));
#2528=DIRECTION('',(0.,0.,1.));
#2529=DIRECTION('',(1.,0.,0.));
#2530=DIRECTION('',(0.,0.,1.));
#2531=DIRECTION('',(1.,0.,0.));
#2532=DIRECTION('',(0.,0.,1.));
#2533=DIRECTION('',(1.,0.,0.));
#2534=DIRECTION('',(0.,0.,1.));
#2535=DIRECTION('',(1.,0.,0.));
#2536=DIRECTION('',(0.,0.,-1.));
#2537=DIRECTION('',(-1.,0.,0.));
#2538=DIRECTION('',(0.,0.,1.));
#2539=DIRECTION('',(1.,0.,0.));
#2540=DIRECTION('',(0.,0.,1.));
#2541=DIRECTION('',(1.,0.,0.));
#2542=DIRECTION('',(0.,0.,1.));
#2543=DIRECTION('',(1.,0.,0.));
#2544=DIRECTION('',(0.,0.,1.));
#2545=DIRECTION('',(1.,0.,0.));
#2546=DIRECTION('',(0.,0.,-1.));
#2547=DIRECTION('',(-1.,0.,0.));
#2548=DIRECTION('',(0.,0.,1.));
#2549=DIRECTION('',(1.,0.,0.));
#2550=DIRECTION('',(0.,0.,-1.));
#2551=DIRECTION('',(-1.,0.,0.));
#2552=DIRECTION('',(0.,0.,1.));
#2553=DIRECTION('',(1.,0.,0.));
#2554=DIRECTION('',(0.,-1.,0.));
#2555=DIRECTION('',(1.,0.,0.));
#2556=DIRECTION('',(1.,0.,3.08395284618096E-16));
#2557=DIRECTION('',(-0.00118961581670466,0.,0.999999292406854));
#2558=DIRECTION('',(-0.999999999968991,0.,-7.87520586436691E-6));
#2559=DIRECTION('',(0.,0.,1.));
#2560=DIRECTION('',(-1.,0.,-1.7862499158573E-16));
#2561=DIRECTION('',(-1.7862499158573E-16,0.,1.));
#2562=DIRECTION('',(-1.,0.,-1.7862499158573E-16));
#2563=DIRECTION('',(0.,-0.935568690294038,0.353144765983442));
#2564=DIRECTION('',(0.,-1.,0.));
#2565=DIRECTION('',(1.7862499158573E-16,0.,-1.));
#2566=DIRECTION('',(0.,-1.,0.));
#2567=DIRECTION('',(1.7862499158573E-16,0.,-1.));
#2568=DIRECTION('',(1.7862499158573E-16,0.,-1.));
#2569=DIRECTION('',(0.,-1.,0.));
#2570=DIRECTION('',(1.7862499158573E-16,0.,-1.));
#2571=DIRECTION('',(0.,-1.,0.));
#2572=DIRECTION('',(1.,0.,0.));
#2573=DIRECTION('',(0.,0.,-1.));
#2574=DIRECTION('',(1.,0.,0.));
#2575=DIRECTION('',(0.,1.,0.));
#2576=DIRECTION('',(0.,-1.,0.));
#2577=DIRECTION('',(0.,0.,1.));
#2578=DIRECTION('',(0.,-1.,0.));
#2579=DIRECTION('',(0.,0.,1.));
#2580=DIRECTION('',(0.,-3.46944695195361E-16,-1.));
#2581=DIRECTION('',(0.,1.,0.));
#2582=DIRECTION('',(0.,0.,-1.));
#2583=DIRECTION('',(0.,1.,0.));
#2584=DIRECTION('',(1.,0.,0.));
#2585=DIRECTION('',(0.,0.,-1.));
#2586=DIRECTION('',(0.,-1.,0.));
#2587=DIRECTION('',(0.,0.,-1.));
#2588=DIRECTION('',(0.,-1.,0.));
#2589=DIRECTION('',(0.,0.,1.));
#2590=DIRECTION('',(3.38785496523282E-16,0.,-1.));
#2591=DIRECTION('',(-1.,0.,-3.38785496523282E-16));
#2592=DIRECTION('',(0.,-1.,0.));
#2593=DIRECTION('',(-1.,0.,-3.38785496523282E-16));
#2594=DIRECTION('',(1.,0.,3.38785496523282E-16));
#2595=DIRECTION('',(0.999999292406854,0.,0.00118961581670608));
#2596=DIRECTION('',(0.00118961581670608,0.,-0.999999292406854));
#2597=DIRECTION('',(0.00118961581670608,0.,-0.999999292406854));
#2598=DIRECTION('',(-0.00118961581670608,0.,0.999999292406854));
#2599=DIRECTION('',(0.,-1.,0.));
#2600=DIRECTION('',(0.,-1.,0.));
#2601=DIRECTION('',(1.,0.,0.));
#2602=DIRECTION('',(-1.98254111540207E-16,0.,1.));
#2603=DIRECTION('',(-0.907959384500482,0.,-0.419058177461681));
#2604=DIRECTION('',(-1.,0.,1.11022302462516E-14));
#2605=DIRECTION('',(-0.907959384500452,0.,0.419058177461747));
#2606=DIRECTION('',(0.,0.,1.));
#2607=DIRECTION('',(1.,0.,0.));
#2608=DIRECTION('',(-9.396418828208E-17,0.,1.));
#2609=DIRECTION('',(-0.907959384500452,0.,0.419058177461746));
#2610=DIRECTION('',(-1.,0.,5.9476233462062E-15));
#2611=DIRECTION('',(-0.907959384500482,0.,-0.419058177461681));
#2612=DIRECTION('',(4.69820941410384E-16,0.,-1.));
#2613=DIRECTION('',(1.,0.,3.83465189426449E-16));
#2614=DIRECTION('',(0.,1.,0.));
#2615=DIRECTION('',(-1.,0.,0.));
#2616=DIRECTION('',(-1.,0.,-3.08395284618096E-16));
#2617=DIRECTION('',(0.,0.,1.));
#2618=DIRECTION('',(-0.907959384500452,0.,0.419058177461747));
#2619=DIRECTION('',(-1.,0.,1.11022302462516E-14));
#2620=DIRECTION('',(-0.907959384500482,0.,-0.419058177461681));
#2621=DIRECTION('',(-1.98254111540207E-16,0.,1.));
#2622=DIRECTION('',(0.,1.,0.));
#2623=DIRECTION('',(-1.,0.,0.));
#2624=DIRECTION('',(1.,0.,0.));
#2625=DIRECTION('',(-1.98254111540207E-16,0.,1.));
#2626=DIRECTION('',(1.,0.,0.));
#2627=DIRECTION('',(0.,0.,1.));
#2628=DIRECTION('',(1.,0.,0.));
#2629=DIRECTION('',(0.,0.,-1.));
#2630=DIRECTION('',(1.,0.,0.));
#2631=DIRECTION('',(0.,0.,-1.));
#2632=DIRECTION('',(0.,1.,0.));
#2633=DIRECTION('',(0.,0.,1.));
#2634=DIRECTION('',(0.,1.,0.));
#2635=DIRECTION('',(0.,-1.,0.));
#2636=DIRECTION('',(0.,-1.,0.));
#2637=DIRECTION('',(-7.87520586436691E-6,0.,0.999999999968991));
#2638=DIRECTION('',(0.999999999968991,0.,7.87520586436691E-6));
#2639=DIRECTION('',(0.,-1.,0.));
#2640=DIRECTION('',(-0.999999999968991,0.,-7.87520586436691E-6));
#2641=DIRECTION('',(0.,-1.,0.));
#2642=DIRECTION('',(-0.419058177461681,0.,0.907959384500482));
#2643=DIRECTION('',(0.907959384500482,0.,0.419058177461681));
#2644=DIRECTION('',(-0.907959384500482,0.,-0.419058177461681));
#2645=DIRECTION('',(0.,-1.,0.));
#2646=DIRECTION('',(-0.907959384500482,0.,-0.419058177461681));
#2647=DIRECTION('',(3.08395284618096E-16,0.,-1.));
#2648=DIRECTION('',(-1.,0.,-3.08395284618096E-16));
#2649=DIRECTION('',(0.,1.,0.));
#2650=DIRECTION('',(1.,0.,3.08395284618096E-16));
#2651=DIRECTION('',(1.,0.,3.08395284618096E-16));
#2652=DIRECTION('',(1.,0.,3.1007527769958E-16));
#2653=DIRECTION('',(0.,1.,0.));
#2654=DIRECTION('',(-0.419058177461747,0.,-0.907959384500452));
#2655=DIRECTION('',(-0.907959384500452,0.,0.419058177461747));
#2656=DIRECTION('',(0.,-1.,0.));
#2657=DIRECTION('',(0.907959384500452,0.,-0.419058177461746));
#2658=DIRECTION('',(0.907959384500452,0.,-0.419058177461746));
#2659=DIRECTION('',(1.,0.,1.98254111540207E-16));
#2660=DIRECTION('',(1.98254111540207E-16,0.,-1.));
#2661=DIRECTION('',(1.,0.,1.98254111540207E-16));
#2662=DIRECTION('',(1.98254111540207E-16,0.,-1.));
#2663=DIRECTION('',(0.,1.,0.));
#2664=DIRECTION('',(-1.98254111540207E-16,0.,1.));
#2665=DIRECTION('',(0.,1.,0.));
#2666=DIRECTION('',(0.,-1.,0.));
#2667=DIRECTION('',(0.,-1.,0.));
#2668=DIRECTION('',(-0.419058177461681,0.,0.907959384500482));
#2669=DIRECTION('',(0.907959384500482,0.,0.419058177461681));
#2670=DIRECTION('',(0.,-1.,0.));
#2671=DIRECTION('',(1.11022302462516E-14,0.,1.));
#2672=DIRECTION('',(1.,0.,-1.11022302462516E-14));
#2673=DIRECTION('',(1.11022302462516E-14,0.,1.));
#2674=DIRECTION('',(1.,0.,-1.11022302462516E-14));
#2675=DIRECTION('',(0.,-1.,0.));
#2676=DIRECTION('',(0.419058177461747,0.,0.907959384500452));
#2677=DIRECTION('',(0.907959384500452,0.,-0.419058177461747));
#2678=DIRECTION('',(0.,0.,1.));
#2679=DIRECTION('',(1.,0.,0.));
#2680=DIRECTION('',(0.,0.,1.));
#2681=DIRECTION('',(1.,0.,0.));
#2682=DIRECTION('',(-1.,0.,0.));
#2683=DIRECTION('',(-1.,0.,0.));
#2684=DIRECTION('',(0.,0.,-1.));
#2685=DIRECTION('',(-1.,0.,0.));
#2686=DIRECTION('',(0.,-1.,0.));
#2687=DIRECTION('',(1.,0.,0.));
#2688=DIRECTION('',(0.999999916470623,0.,-0.000408728206076485));
#2689=DIRECTION('',(-0.907782239410107,0.,-0.419441778810326));
#2690=DIRECTION('',(-0.907959384500482,0.,-0.419058177461681));
#2691=DIRECTION('',(-1.,0.,5.9476233462062E-15));
#2692=DIRECTION('',(0.,1.,0.));
#2693=DIRECTION('',(-1.,0.,0.));
#2694=DIRECTION('',(0.,0.,1.));
#2695=DIRECTION('',(1.,0.,0.));
#2696=DIRECTION('',(0.,0.,1.));
#2697=DIRECTION('',(1.,0.,0.));
#2698=DIRECTION('',(1.,0.,0.));
#2699=DIRECTION('',(3.08395284618096E-16,0.,-1.));
#2700=DIRECTION('',(-1.,0.,-3.08395284618096E-16));
#2701=DIRECTION('',(-1.,0.,-3.08395284618096E-16));
#2702=DIRECTION('',(0.,-1.,0.));
#2703=DIRECTION('',(1.,0.,0.));
#2704=DIRECTION('',(3.83465189426449E-16,0.,-1.));
#2705=DIRECTION('',(-1.,0.,-3.83465189426449E-16));
#2706=DIRECTION('',(1.,0.,3.83465189426449E-16));
#2707=DIRECTION('',(0.,-1.,0.));
#2708=DIRECTION('',(1.,0.,3.83465189426449E-16));
#2709=DIRECTION('',(0.419058177461746,0.,0.907959384500452));
#2710=DIRECTION('',(0.907959384500452,0.,-0.419058177461746));
#2711=DIRECTION('',(-0.907959384500452,0.,0.419058177461746));
#2712=DIRECTION('',(0.,-1.,0.));
#2713=DIRECTION('',(-0.907959384500452,0.,0.419058177461746));
#2714=DIRECTION('',(0.,-1.,0.));
#2715=DIRECTION('',(1.,0.,9.396418828208E-17));
#2716=DIRECTION('',(9.396418828208E-17,0.,-1.));
#2717=DIRECTION('',(-9.396418828208E-17,0.,1.));
#2718=DIRECTION('',(-9.396418828208E-17,0.,1.));
#2719=DIRECTION('',(0.,-1.,0.));
#2720=DIRECTION('',(3.83465189426449E-16,0.,-1.));
#2721=DIRECTION('',(-1.,0.,-3.83465189426449E-16));
#2722=DIRECTION('',(1.,0.,3.83465189426449E-16));
#2723=DIRECTION('',(-1.,0.,-4.69820941410384E-16));
#2724=DIRECTION('',(-4.69820941410384E-16,0.,1.));
#2725=DIRECTION('',(4.69820941410384E-16,0.,-1.));
#2726=DIRECTION('',(4.69820941410384E-16,0.,-1.));
#2727=DIRECTION('',(0.,-1.,0.));
#2728=DIRECTION('',(-0.419058177461681,0.,0.907959384500482));
#2729=DIRECTION('',(0.907959384500482,0.,0.419058177461681));
#2730=DIRECTION('',(-0.907959384500482,0.,-0.419058177461681));
#2731=DIRECTION('',(0.,-1.,0.));
#2732=DIRECTION('',(0.419058177461746,0.,0.907959384500452));
#2733=DIRECTION('',(0.907959384500452,0.,-0.419058177461746));
#2734=DIRECTION('',(0.,-1.,0.));
#2735=DIRECTION('',(-0.907959384500452,0.,0.419058177461746));
#2736=DIRECTION('',(0.,-1.,0.));
#2737=DIRECTION('',(5.9476233462062E-15,0.,1.));
#2738=DIRECTION('',(1.,0.,-5.9476233462062E-15));
#2739=DIRECTION('',(-1.,0.,5.9476233462062E-15));
#2740=DIRECTION('',(0.,-1.,0.));
#2741=DIRECTION('',(-0.419058177461681,0.,0.907959384500482));
#2742=DIRECTION('',(0.907959384500482,0.,0.419058177461681));
#2743=DIRECTION('',(-0.907959384500482,0.,-0.419058177461681));
#2744=DIRECTION('',(0.,-1.,0.));
#2745=DIRECTION('',(-1.,0.,-4.69820941410384E-16));
#2746=DIRECTION('',(-4.69820941410384E-16,0.,1.));
#2747=DIRECTION('',(4.69820941410384E-16,0.,-1.));
#2748=DIRECTION('',(0.,-1.,0.));
#2749=DIRECTION('',(3.83465189426449E-16,0.,-1.));
#2750=DIRECTION('',(-1.,0.,-3.83465189426449E-16));
#2751=DIRECTION('',(1.,0.,3.83465189426449E-16));
#2752=DIRECTION('',(0.,-1.,0.));
#2753=DIRECTION('',(1.,0.,9.396418828208E-17));
#2754=DIRECTION('',(9.396418828208E-17,0.,-1.));
#2755=DIRECTION('',(-9.396418828208E-17,0.,1.));
#2756=DIRECTION('',(5.9476233462062E-15,0.,1.));
#2757=DIRECTION('',(1.,0.,-5.9476233462062E-15));
#2758=DIRECTION('',(-1.,0.,5.9476233462062E-15));
#2759=DIRECTION('',(0.,-1.,0.));
#2760=DIRECTION('',(0.,0.,-1.));
#2761=DIRECTION('',(0.,0.,-1.));
#2762=DIRECTION('',(-1.,0.,0.));
#2763=DIRECTION('',(1.,0.,0.));
#2764=DIRECTION('',(0.,1.,0.));
#2765=DIRECTION('',(1.,0.,0.));
#2766=DIRECTION('',(0.,-1.,3.46944695195361E-16));
#2767=DIRECTION('',(0.,-3.46944695195361E-16,-1.));
#2768=DIRECTION('',(1.,0.,0.));
#2769=DIRECTION('',(0.,-3.46944695195361E-16,-1.));
#2770=DIRECTION('',(0.,0.,-1.));
#2771=DIRECTION('',(-1.,0.,0.));
#2772=DIRECTION('',(1.,0.,0.));
#2773=DIRECTION('',(0.,1.,0.));
#2774=DIRECTION('',(0.,-1.,0.));
#2775=DIRECTION('',(0.,0.,-1.));
#2776=DIRECTION('',(0.,0.,-1.));
#2777=DIRECTION('',(1.,0.,0.));
#2778=DIRECTION('',(0.,1.,0.));
#2779=DIRECTION('',(1.7862499158573E-16,0.,-1.));
#2780=DIRECTION('',(-1.,0.,-1.7862499158573E-16));
#2781=DIRECTION('',(-1.,0.,-1.7862499158573E-16));
#2782=DIRECTION('',(0.,-1.,0.));
#2783=DIRECTION('',(-1.,0.,-1.7862499158573E-16));
#2784=DIRECTION('',(0.,1.,0.));
#2785=DIRECTION('',(0.,0.,1.));
#2786=DIRECTION('',(-1.,0.,-1.7862499158573E-16));
#2787=DIRECTION('',(1.7862499158573E-16,0.,-1.));
#2788=DIRECTION('',(1.7862499158573E-16,0.,-1.));
#2789=DIRECTION('',(-1.,0.,-1.7862499158573E-16));
#2790=DIRECTION('',(-1.,0.,-1.7862499158573E-16));
#2791=DIRECTION('',(0.,-1.,0.));
#2792=DIRECTION('',(0.,1.,0.));
#2793=DIRECTION('',(0.,0.,1.));
#2794=DIRECTION('',(1.7862499158573E-16,0.,-1.));
#2795=DIRECTION('',(-1.,0.,-1.7862499158573E-16));
#2796=DIRECTION('',(0.,-1.,0.));
#2797=DIRECTION('',(1.,0.,0.));
#2798=DIRECTION('',(0.,0.,-1.));
#2799=DIRECTION('',(-1.,0.,-1.7862499158573E-16));
#2800=DIRECTION('',(-1.7862499158573E-16,0.,1.));
#2801=DIRECTION('',(-0.999999292406854,0.,-0.00118961581670466));
#2802=DIRECTION('',(-0.00118961581670466,0.,0.999999292406854));
#2803=DIRECTION('',(-0.00118961581670466,0.,0.999999292406854));
#2804=DIRECTION('',(0.,1.,0.));
#2805=DIRECTION('',(-1.,0.,0.));
#2806=DIRECTION('',(0.,0.,1.));
#2807=DIRECTION('',(0.,1.,0.));
#2808=DIRECTION('',(0.,0.,1.));
#2809=DIRECTION('',(7.875205864391E-6,0.,-0.999999999968991));
#2810=DIRECTION('',(-0.999999999968991,0.,-7.875205864391E-6));
#2811=DIRECTION('',(0.,1.,0.));
#2812=DIRECTION('',(-0.999999999968991,0.,-7.875205864391E-6));
#2813=DIRECTION('',(1.,0.,0.));
#2814=DIRECTION('',(0.,0.,-1.));
#2815=DIRECTION('',(0.,1.,0.));
#2816=DIRECTION('',(0.,0.,-1.));
#2817=DIRECTION('',(0.419441778810326,0.,-0.907782239410107));
#2818=DIRECTION('',(-0.907782239410107,0.,-0.419441778810326));
#2819=DIRECTION('',(0.,1.,0.));
#2820=DIRECTION('',(-0.907782239410107,0.,-0.419441778810326));
#2821=DIRECTION('',(0.000408728206076484,0.,0.999999916470623));
#2822=DIRECTION('',(0.999999916470623,0.,-0.000408728206076485));
#2823=DIRECTION('',(0.,1.,0.));
#2824=DIRECTION('',(0.999999916470623,0.,-0.000408728206076485));
#2825=DIRECTION('',(0.419023938398902,0.,0.90797518636176));
#2826=DIRECTION('',(0.90797518636176,0.,-0.419023938398902));
#2827=DIRECTION('',(0.,1.,0.));
#2828=DIRECTION('',(0.90797518636176,0.,-0.419023938398902));
#2829=DIRECTION('',(1.,0.,0.));
#2830=DIRECTION('',(0.,0.,-1.));
#2831=DIRECTION('',(0.,1.,0.));
#2832=DIRECTION('',(0.,0.,-1.));
#2833=DIRECTION('',(7.87520586433739E-6,0.,-0.999999999968991));
#2834=DIRECTION('',(-0.999999999968991,0.,-7.87520586433739E-6));
#2835=DIRECTION('',(-0.999999999968991,0.,-7.87520586433739E-6));
#2836=DIRECTION('',(0.,-1.,0.));
#2837=DIRECTION('',(1.,0.,0.));
#2838=CARTESIAN_POINT('',(0.,0.,0.));
#2839=CARTESIAN_POINT('',(-3.82055498349132E-16,0.0018,-0.0142423076923055));
#2840=CARTESIAN_POINT('',(-3.82055498349132E-16,0.,-0.0142423076923055));
#2841=CARTESIAN_POINT('',(0.04655,0.,-0.0142423076923055));
#2842=CARTESIAN_POINT('',(-0.0465500000000008,0.,-0.0142423076923056));
#2843=CARTESIAN_POINT('',(0.04655,0.0018,-0.0142423076923055));
#2844=CARTESIAN_POINT('',(0.04655,0.0018,-0.0142423076923055));
#2845=CARTESIAN_POINT('',(-3.82055498349132E-16,0.0018,-0.0142423076923055));
#2846=CARTESIAN_POINT('',(-0.0465500000000008,0.0018,-0.0142423076923056));
#2847=CARTESIAN_POINT('',(-0.0465500000000008,0.0018,-0.0142423076923056));
#2848=CARTESIAN_POINT('',(0.04655,0.0018,0.0217307692307702));
#2849=CARTESIAN_POINT('',(0.04655,0.,0.0217307692307702));
#2850=CARTESIAN_POINT('',(0.04655,0.,0.0580460053838373));
#2851=CARTESIAN_POINT('',(0.04655,0.0018,0.0580460053838373));
#2852=CARTESIAN_POINT('',(0.04655,0.0018,0.0580460053838373));
#2853=CARTESIAN_POINT('',(0.04655,0.0018,0.0217307692307702));
#2854=CARTESIAN_POINT('',(0.0321018947314114,0.0018,0.0647143616616475));
#2855=CARTESIAN_POINT('',(0.0321018947314114,0.,0.0647143616616475));
#2856=CARTESIAN_POINT('',(0.0172913449983141,0.,0.07155));
#2857=CARTESIAN_POINT('',(0.0172913449983141,0.0018,0.07155));
#2858=CARTESIAN_POINT('',(0.0172913449983141,0.0018,0.07155));
#2859=CARTESIAN_POINT('',(0.0321018947314114,0.0018,0.0647143616616475));
#2860=CARTESIAN_POINT('',(1.792894198937E-18,0.0018,0.07155));
#2861=CARTESIAN_POINT('',(1.792894198937E-18,0.,0.07155));
#2862=CARTESIAN_POINT('',(-0.0172913449983146,0.,0.07155));
#2863=CARTESIAN_POINT('',(-0.0172913449983146,0.0018,0.07155));
#2864=CARTESIAN_POINT('',(-0.0172913449983146,0.0018,0.07155));
#2865=CARTESIAN_POINT('',(1.792894198937E-18,0.0018,0.07155));
#2866=CARTESIAN_POINT('',(-0.0321018947314118,0.0018,0.0647143616616488));
#2867=CARTESIAN_POINT('',(-0.0321018947314118,0.,0.0647143616616488));
#2868=CARTESIAN_POINT('',(-0.0465500000000008,0.,0.0580460053838397));
#2869=CARTESIAN_POINT('',(-0.0465500000000008,0.0018,0.0580460053838397));
#2870=CARTESIAN_POINT('',(-0.0465500000000008,0.0018,0.0580460053838397));
#2871=CARTESIAN_POINT('',(-0.0321018947314118,0.0018,0.0647143616616488));
#2872=CARTESIAN_POINT('',(-3.81222831080663E-16,0.0018,-0.0161423076923056));
#2873=CARTESIAN_POINT('',(-3.81222831080663E-16,0.,-0.0161423076923056));
#2874=CARTESIAN_POINT('',(0.04845,0.,-0.0161423076923055));
#2875=CARTESIAN_POINT('',(-0.0484500000000008,0.,-0.0161423076923056));
#2876=CARTESIAN_POINT('',(-0.0484500000000008,0.0018,-0.0161423076923056));
#2877=CARTESIAN_POINT('',(-0.0484500000000008,0.0018,-0.0161423076923056));
#2878=CARTESIAN_POINT('',(-3.81222831080663E-16,0.0018,-0.0161423076923056));
#2879=CARTESIAN_POINT('',(0.04845,0.0018,-0.0161423076923055));
#2880=CARTESIAN_POINT('',(0.04845,0.0018,-0.0161423076923055));
#2881=CARTESIAN_POINT('',(-0.0484500000000008,0.0018,0.0217307692307715));
#2882=CARTESIAN_POINT('',(-0.0484500000000008,0.,0.0217307692307715));
#2883=CARTESIAN_POINT('',(-0.0484500000000008,0.,0.0592616869238572));
#2884=CARTESIAN_POINT('',(-0.0484500000000008,0.0018,0.0592616869238572));
#2885=CARTESIAN_POINT('',(-0.0484500000000008,0.0018,0.0592616869238572));
#2886=CARTESIAN_POINT('',(-0.0484500000000008,0.0018,0.0217307692307715));
#2887=CARTESIAN_POINT('',(-0.032898105268589,0.0018,0.0664394844921997));
#2888=CARTESIAN_POINT('',(-0.032898105268589,0.,0.0664394844921997));
#2889=CARTESIAN_POINT('',(-0.0177086550016854,0.,0.07345));
#2890=CARTESIAN_POINT('',(-0.0177086550016854,0.0018,0.07345));
#2891=CARTESIAN_POINT('',(-0.0177086550016854,0.0018,0.07345));
#2892=CARTESIAN_POINT('',(-0.032898105268589,0.0018,0.0664394844921997));
#2893=CARTESIAN_POINT('',(1.676552753018E-18,0.0018,0.07345));
#2894=CARTESIAN_POINT('',(1.676552753018E-18,0.,0.07345));
#2895=CARTESIAN_POINT('',(0.0177086550016849,0.,0.07345));
#2896=CARTESIAN_POINT('',(0.0177086550016849,0.0018,0.07345));
#2897=CARTESIAN_POINT('',(0.0177086550016849,0.0018,0.07345));
#2898=CARTESIAN_POINT('',(1.676552753018E-18,0.0018,0.07345));
#2899=CARTESIAN_POINT('',(0.0328981052685886,0.0018,0.0664394844921983));
#2900=CARTESIAN_POINT('',(0.0328981052685886,0.,0.0664394844921983));
#2901=CARTESIAN_POINT('',(0.04845,0.,0.0592616869238546));
#2902=CARTESIAN_POINT('',(0.04845,0.0018,0.0592616869238546));
#2903=CARTESIAN_POINT('',(0.04845,0.0018,0.0592616869238546));
#2904=CARTESIAN_POINT('',(0.0328981052685886,0.0018,0.0664394844921983));
#2905=CARTESIAN_POINT('',(0.04845,0.0018,0.0217307692307702));
#2906=CARTESIAN_POINT('',(0.04845,0.,0.0217307692307702));
#2907=CARTESIAN_POINT('',(0.04845,0.0018,0.0217307692307702));
#2908=CARTESIAN_POINT('',(-0.0465500000000008,0.0018,0.0217307692307715));
#2909=CARTESIAN_POINT('',(-0.0465500000000008,0.,0.0217307692307715));
#2910=CARTESIAN_POINT('',(-0.0465500000000008,0.0018,0.0217307692307715));
#2911=CARTESIAN_POINT('',(0.,0.0018,0.));
#2912=CARTESIAN_POINT('',(-3.88578058618805E-16,0.,0.0261538461538472));
#2913=CARTESIAN_POINT('',(0.00499999999999961,-0.004,-0.0169427137506685));
#2914=CARTESIAN_POINT('',(0.00499999999999961,0.,-0.0169427137506685));
#2915=CARTESIAN_POINT('',(0.00499999999999961,0.,-0.0176923076923055));
#2916=CARTESIAN_POINT('',(0.00499999999999961,0.,-0.0161931198090315));
#2917=CARTESIAN_POINT('',(0.00499999999999961,-0.004,-0.0161931198090315));
#2918=CARTESIAN_POINT('',(0.00499999999999961,-0.004,-0.0161931198090315));
#2919=CARTESIAN_POINT('',(0.00499999999999961,-0.004,-0.0169427137506685));
#2920=CARTESIAN_POINT('',(0.00499999999999961,-0.004,-0.0176923076923055));
#2921=CARTESIAN_POINT('',(0.00499999999999961,-0.004,-0.0176923076923055));
#2922=CARTESIAN_POINT('',(0.0267500714957712,-0.004,-0.0161931198090315));
#2923=CARTESIAN_POINT('',(0.0267500714957712,0.,-0.0161931198090315));
#2924=CARTESIAN_POINT('',(0.0485001429915428,0.,-0.0161931198090315));
#2925=CARTESIAN_POINT('',(0.0485001429915428,-0.004,-0.0161931198090315));
#2926=CARTESIAN_POINT('',(0.0485001429915428,-0.004,-0.0161931198090315));
#2927=CARTESIAN_POINT('',(0.0267500714957712,-0.004,-0.0161931198090315));
#2928=CARTESIAN_POINT('',(0.0485001429915428,-0.004,0.0215509803965688));
#2929=CARTESIAN_POINT('',(0.0485001429915428,0.,0.0215509803965688));
#2930=CARTESIAN_POINT('',(0.0485001429915428,0.,0.059295080602169));
#2931=CARTESIAN_POINT('',(0.0485001429915428,-0.004,0.059295080602169));
#2932=CARTESIAN_POINT('',(0.0485001429915428,-0.004,0.059295080602169));
#2933=CARTESIAN_POINT('',(0.0485001429915428,-0.004,0.0215509803965688));
#2934=CARTESIAN_POINT('',(0.0331103336066007,-0.004,0.0663977451622486));
#2935=CARTESIAN_POINT('',(0.0331103336066007,0.,0.0663977451622486));
#2936=CARTESIAN_POINT('',(0.0177205242216587,0.,0.0735004097223282));
#2937=CARTESIAN_POINT('',(0.0177205242216587,-0.004,0.0735004097223282));
#2938=CARTESIAN_POINT('',(0.0177205242216587,-0.004,0.0735004097223282));
#2939=CARTESIAN_POINT('',(0.0331103336066007,-0.004,0.0663977451622486));
#2940=CARTESIAN_POINT('',(-4.12575900554657E-7,-0.004,0.0735004097223282));
#2941=CARTESIAN_POINT('',(-4.12575900554657E-7,0.,0.0735004097223282));
#2942=CARTESIAN_POINT('',(-0.0177213493734598,0.,0.0735004097223282));
#2943=CARTESIAN_POINT('',(-0.0177213493734598,-0.004,0.0735004097223282));
#2944=CARTESIAN_POINT('',(-0.0177213493734598,-0.004,0.0735004097223282));
#2945=CARTESIAN_POINT('',(-4.12575900554657E-7,-0.004,0.0735004097223282));
#2946=CARTESIAN_POINT('',(-0.0331111578270793,-0.004,0.0663977451622486));
#2947=CARTESIAN_POINT('',(-0.0331111578270793,0.,0.0663977451622486));
#2948=CARTESIAN_POINT('',(-0.0485009662806988,0.,0.059295080602169));
#2949=CARTESIAN_POINT('',(-0.0485009662806988,-0.004,0.059295080602169));
#2950=CARTESIAN_POINT('',(-0.0485009662806988,-0.004,0.059295080602169));
#2951=CARTESIAN_POINT('',(-0.0331111578270793,-0.004,0.0663977451622486));
#2952=CARTESIAN_POINT('',(-0.0485009662806988,-0.004,0.0215509803965688));
#2953=CARTESIAN_POINT('',(-0.0485009662806988,0.,0.0215509803965688));
#2954=CARTESIAN_POINT('',(-0.0485009662806988,0.,-0.0161931198090315));
#2955=CARTESIAN_POINT('',(-0.0485009662806988,-0.004,-0.0161931198090315));
#2956=CARTESIAN_POINT('',(-0.0485009662806988,-0.004,-0.0161931198090315));
#2957=CARTESIAN_POINT('',(-0.0485009662806988,-0.004,0.0215509803965688));
#2958=CARTESIAN_POINT('',(-0.0267504831403496,-0.004,-0.0161931198090315));
#2959=CARTESIAN_POINT('',(-0.0267504831403496,0.,-0.0161931198090315));
#2960=CARTESIAN_POINT('',(-0.00500000000000039,0.,-0.0161931198090315));
#2961=CARTESIAN_POINT('',(-0.00500000000000039,-0.004,-0.0161931198090315));
#2962=CARTESIAN_POINT('',(-0.00500000000000039,-0.004,-0.0161931198090315));
#2963=CARTESIAN_POINT('',(-0.0267504831403496,-0.004,-0.0161931198090315));
#2964=CARTESIAN_POINT('',(-0.00500000000000039,-0.004,-0.0169427137506685));
#2965=CARTESIAN_POINT('',(-0.00500000000000039,0.,-0.0169427137506685));
#2966=CARTESIAN_POINT('',(-0.00500000000000039,0.,-0.0176923076923056));
#2967=CARTESIAN_POINT('',(-0.00500000000000039,-0.004,-0.0176923076923056));
#2968=CARTESIAN_POINT('',(-0.00500000000000039,-0.004,-0.0176923076923056));
#2969=CARTESIAN_POINT('',(-0.00500000000000039,-0.004,-0.0169427137506685));
#2970=CARTESIAN_POINT('',(-3.88661750529659E-16,-0.004,-0.0176923076923055));
#2971=CARTESIAN_POINT('',(-3.88661750529659E-16,0.,-0.0176923076923055));
#2972=CARTESIAN_POINT('',(-3.88661750529659E-16,-0.004,-0.0176923076923055));
#2973=CARTESIAN_POINT('',(-3.88578058618805E-16,-0.004,0.0261538461538472));
#2974=CARTESIAN_POINT('',(-3.88578058618805E-16,0.,0.0261538461538472));
#2975=CARTESIAN_POINT('',(0.,0.,0.));
#2976=CARTESIAN_POINT('',(-0.0642198219137603,0.035,0.037972044634089));
#2977=CARTESIAN_POINT('',(-0.0642198219137603,0.,0.037972044634089));
#2978=CARTESIAN_POINT('',(-0.0568104123825574,0.,0.075944089268178));
#2979=CARTESIAN_POINT('',(-0.0716292314449632,0.,0.));
#2980=CARTESIAN_POINT('',(-0.0568104123825574,0.035,0.075944089268178));
#2981=CARTESIAN_POINT('',(-0.0568104123825574,0.035,0.075944089268178));
#2982=CARTESIAN_POINT('',(-0.0642198219137603,0.035,0.037972044634089));
#2983=CARTESIAN_POINT('',(-0.0716292314449632,0.035,0.));
#2984=CARTESIAN_POINT('',(-0.0716292314449632,0.035,0.));
#2985=CARTESIAN_POINT('',(-0.0648016828865081,0.0288,0.0349900997523862));
#2986=CARTESIAN_POINT('',(-0.0626375510853708,0.0288,0.0460809308099448));
#2987=CARTESIAN_POINT('',(-0.0669658146876453,0.0288,0.0238992686948276));
#2988=CARTESIAN_POINT('',(-0.0626375510853708,0.0175,0.0460809308099448));
#2989=CARTESIAN_POINT('',(-0.0626375510853708,0.0062,0.0460809308099448));
#2990=CARTESIAN_POINT('',(-0.0648016828865081,0.0062,0.0349900997523862));
#2991=CARTESIAN_POINT('',(-0.0669658146876453,0.0062,0.0238992686948275));
#2992=CARTESIAN_POINT('',(-0.0669658146876453,0.0175,0.0238992686948276));
#2993=CARTESIAN_POINT('',(-0.0575,0.0198,0.0235307692307702));
#2994=CARTESIAN_POINT('',(-0.0575,0.0198,0.0235307692307702));
#2995=CARTESIAN_POINT('',(-0.05,0.0198,0.0235307692307702));
#2996=CARTESIAN_POINT('',(-0.0599057018624909,0.0198,0.0235307692307702));
#2997=CARTESIAN_POINT('',(-0.0599057018624885,0.0198,0.0235307692307702));
#2998=CARTESIAN_POINT('',(-0.0604894338544269,0.0198,0.0235307692307702));
#2999=CARTESIAN_POINT('',(-0.061643494870342,0.0198537477317765,0.0235307692307702));
#3000=CARTESIAN_POINT('',(-0.0633153841896725,0.0205331578074124,0.0235307692307702));
#3001=CARTESIAN_POINT('',(-0.0645140974375093,0.0218865663736837,0.0235307692307702));
#3002=CARTESIAN_POINT('',(-0.0648577958725072,0.0230253303544528,0.0235307692307702));
#3003=CARTESIAN_POINT('',(-0.0649388684223502,0.0236105952105575,0.0235307692307702));
#3004=CARTESIAN_POINT('',(-0.0649414073966542,0.0236105952105568,0.0235177573915448));
#3005=CARTESIAN_POINT('',(-0.0649388684223508,0.0198,0.0235307692307702));
#3006=CARTESIAN_POINT('',(-0.0649414073966542,0.0111894047894291,0.0235177573915448));
#3007=CARTESIAN_POINT('',(-0.0649388684223502,0.0111894047894283,0.0235307692307703));
#3008=CARTESIAN_POINT('',(-0.0648581099251431,0.0117724024913321,0.0235307692307703));
#3009=CARTESIAN_POINT('',(-0.0645169285887657,0.0129065905678115,0.0235307692307702));
#3010=CARTESIAN_POINT('',(-0.0633250021503731,0.0142577759473392,0.0235307692307702));
#3011=CARTESIAN_POINT('',(-0.0616709717403687,0.0149414475728627,0.0235307692307702));
#3012=CARTESIAN_POINT('',(-0.0604928613424354,0.0149999999999997,0.0235307692307702));
#3013=CARTESIAN_POINT('',(-0.0599057018624873,0.015,0.0235307692307703));
#3014=CARTESIAN_POINT('',(-0.0599057018624863,0.015,0.0235307692307702));
#3015=CARTESIAN_POINT('',(-0.0575,0.015,0.0235307692307702));
#3016=CARTESIAN_POINT('',(-0.05,0.015,0.0235307692307702));
#3017=CARTESIAN_POINT('',(-0.05,0.0198,0.0235307692307702));
#3018=CARTESIAN_POINT('',(-0.065468307225651,0.035,0.0211307692307702));
#3019=CARTESIAN_POINT('',(-0.0667254037378291,0.0248000000000077,0.0146883496737513));
#3020=CARTESIAN_POINT('',(-0.0667254037378291,0.0198666666666718,0.0146883496737513));
#3021=CARTESIAN_POINT('',(-0.0667254037378291,0.0149333333333359,0.0146883496737513));
#3022=CARTESIAN_POINT('',(-0.0667254037378291,0.01,0.0146883496737513));
#3023=CARTESIAN_POINT('',(-0.0667254037378253,0.0248,0.014688349673771));
#3024=CARTESIAN_POINT('',(-0.0667254037378291,0.01,0.0146883496737513));
#3025=CARTESIAN_POINT('',(-0.0667254037378297,0.01,0.0146883496737482));
#3026=CARTESIAN_POINT('',(-0.0661512144050211,0.01,0.0176309786217104));
#3027=CARTESIAN_POINT('',(-0.0655770250722125,0.01,0.0205736075696727));
#3028=CARTESIAN_POINT('',(-0.065002835739404,0.01,0.023516236517635));
#3029=CARTESIAN_POINT('',(-0.065002835739404,0.01,0.023516236517635));
#3030=CARTESIAN_POINT('',(-0.065002835739404,0.035,0.023516236517635));
#3031=CARTESIAN_POINT('',(-0.065002835739404,0.0062,0.023516236517635));
#3032=CARTESIAN_POINT('',(-0.065468307225651,0.0062,0.0211307692307702));
#3033=CARTESIAN_POINT('',(-0.0606745721371295,0.0062,0.0456978986327522));
#3034=CARTESIAN_POINT('',(-0.0606745721371295,0.035,0.0456978986327522));
#3035=CARTESIAN_POINT('',(-0.0606745721371295,0.0288,0.0456978986327522));
#3036=CARTESIAN_POINT('',(-0.065468307225651,0.0288,0.0211307692307702));
#3037=CARTESIAN_POINT('',(-0.065002835739404,0.0288,0.023516236517635));
#3038=CARTESIAN_POINT('',(-0.065002835739404,0.035,0.023516236517635));
#3039=CARTESIAN_POINT('',(-0.065002835739404,0.0248,0.023516236517635));
#3040=CARTESIAN_POINT('',(-0.0650028357394018,0.0248,0.0235162365176462));
#3041=CARTESIAN_POINT('',(-0.0655770250722096,0.0248,0.0205736075696878));
#3042=CARTESIAN_POINT('',(-0.0661512144050174,0.0248,0.0176309786217294));
#3043=CARTESIAN_POINT('',(-0.0667254037378252,0.0248,0.0146883496737711));
#3044=CARTESIAN_POINT('',(-0.065468307225651,0.,0.0211307692307702));
#3045=CARTESIAN_POINT('',(-0.0548474334343161,0.,0.0755610570909854));
#3046=CARTESIAN_POINT('',(-0.0697170771008335,0.,-0.000643500184489105));
#3047=CARTESIAN_POINT('',(-0.0697170771008335,0.035,-0.000643500184489105));
#3048=CARTESIAN_POINT('',(-0.0697170771008335,0.035,-0.000643500184489105));
#3049=CARTESIAN_POINT('',(-0.065468307225651,0.035,0.0211307692307702));
#3050=CARTESIAN_POINT('',(-0.0548474334343161,0.035,0.0755610570909854));
#3051=CARTESIAN_POINT('',(-0.0548474334343161,0.035,0.0755610570909854));
#3052=CARTESIAN_POINT('',(-0.0558289229084368,0.035,0.0757525731795817));
#3053=CARTESIAN_POINT('',(-0.0558289229084368,0.,0.0757525731795817));
#3054=CARTESIAN_POINT('',(-0.0558289229084368,0.035,0.0757525731795817));
#3055=CARTESIAN_POINT('',(-0.0706731542728983,0.035,-0.000321750092244518));
#3056=CARTESIAN_POINT('',(-0.0706731542728983,0.,-0.000321750092244518));
#3057=CARTESIAN_POINT('',(-0.0706731542728983,0.035,-0.000321750092244518));
#3058=CARTESIAN_POINT('',(-0.000750000000000056,0.035,0.0376502945418445));
#3059=CARTESIAN_POINT('',(-0.000750000000000056,0.,0.0376502945418445));
#3060=CARTESIAN_POINT('',(-0.057968307225651,0.0198,0.0187307692307702));
#3061=CARTESIAN_POINT('',(-0.0608423163137867,0.015,0.0187307692307702));
#3062=CARTESIAN_POINT('',(-0.0611679072483353,0.0149999999999917,0.0187307692307702));
#3063=CARTESIAN_POINT('',(-0.0614934021759853,0.0149971823945461,0.0187307692307702));
#3064=CARTESIAN_POINT('',(-0.0618179563672284,0.014966756106266,0.0187307692307702));
#3065=CARTESIAN_POINT('',(-0.0608423163137873,0.015,0.0187307692307702));
#3066=CARTESIAN_POINT('',(-0.0618179563672284,0.014966756106266,0.0187307692307702));
#3067=CARTESIAN_POINT('',(-0.061817956367228,0.00926,0.0187307692307702));
#3068=CARTESIAN_POINT('',(-0.061817956367228,0.00942444444444444,0.0187307692307702));
#3069=CARTESIAN_POINT('',(-0.0618179563672279,0.0113155555555556,0.0187307692307702));
#3070=CARTESIAN_POINT('',(-0.0618179563672288,0.0148511111111108,0.0187307692307705));
#3071=CARTESIAN_POINT('',(-0.0618179563672279,0.0199488888889344,0.0187307692307703));
#3072=CARTESIAN_POINT('',(-0.061817956367228,0.0234844444444429,0.0187307692307702));
#3073=CARTESIAN_POINT('',(-0.061817956367228,0.0253755555555553,0.0187307692307702));
#3074=CARTESIAN_POINT('',(-0.061817956367228,0.02554,0.0187307692307702));
#3075=CARTESIAN_POINT('',(-0.0618179563672284,0.015,0.0187307692307702));
#3076=CARTESIAN_POINT('',(-0.0618179563672284,0.0149999999999748,0.0187307692307702));
#3077=CARTESIAN_POINT('',(-0.0618179563672283,0.016599999999969,0.0187307692307702));
#3078=CARTESIAN_POINT('',(-0.0618179563672282,0.0181999999999632,0.0187307692307702));
#3079=CARTESIAN_POINT('',(-0.0618179563672281,0.0197999999999575,0.0187307692307702));
#3080=CARTESIAN_POINT('',(-0.0618179563672281,0.0198,0.0187307692307702));
#3081=CARTESIAN_POINT('',(-0.061817956367228,0.00926,0.0187307692307702));
#3082=CARTESIAN_POINT('',(-0.061817956367228,0.00942444444444444,0.0187307692307702));
#3083=CARTESIAN_POINT('',(-0.0618179563672279,0.0113155555555556,0.0187307692307702));
#3084=CARTESIAN_POINT('',(-0.0618179563672288,0.0148511111111108,0.0187307692307705));
#3085=CARTESIAN_POINT('',(-0.0618179563672279,0.0199488888889344,0.0187307692307703));
#3086=CARTESIAN_POINT('',(-0.061817956367228,0.0234844444444429,0.0187307692307702));
#3087=CARTESIAN_POINT('',(-0.061817956367228,0.0253755555555553,0.0187307692307702));
#3088=CARTESIAN_POINT('',(-0.061817956367228,0.02554,0.0187307692307702));
#3089=CARTESIAN_POINT('',(-0.0618179563672281,0.0198332438937108,0.0187307692307703));
#3090=CARTESIAN_POINT('',(-0.0618179563672281,0.0198332438937108,0.0187307692307702));
#3091=CARTESIAN_POINT('',(-0.0614934021759816,0.0198028176054375,0.0187307692307702));
#3092=CARTESIAN_POINT('',(-0.0611679072483289,0.0198000000000003,0.0187307692307702));
#3093=CARTESIAN_POINT('',(-0.0608423163137776,0.0198000000000003,0.0187307692307702));
#3094=CARTESIAN_POINT('',(-0.0608423163137796,0.0198,0.0187307692307702));
#3095=CARTESIAN_POINT('',(-0.057968307225651,0.0198,0.0187307692307702));
#3096=CARTESIAN_POINT('',(-0.05,0.0198,0.0187307692307702));
#3097=CARTESIAN_POINT('',(-0.05,0.0198,0.0187307692307702));
#3098=CARTESIAN_POINT('',(-0.05,0.015,0.0187307692307702));
#3099=CARTESIAN_POINT('',(-0.057968307225651,0.015,0.0187307692307702));
#3100=CARTESIAN_POINT('',(-0.05,0.0198,0.0211307692307702));
#3101=CARTESIAN_POINT('',(-0.05,0.015,0.0211307692307702));
#3102=CARTESIAN_POINT('',(-0.05,0.0198,0.0211307692307702));
#3103=CARTESIAN_POINT('',(-0.000750000000000056,0.0198,0.0376502945418445));
#3104=CARTESIAN_POINT('',(-0.0608423163137796,0.0198,0.0187307692307603));
#3105=CARTESIAN_POINT('',(-0.0605301114966832,0.0198,0.02033076923076));
#3106=CARTESIAN_POINT('',(-0.060217906679587,0.0198,0.0219307692307596));
#3107=CARTESIAN_POINT('',(-0.0599057018624907,0.0198,0.0235307692307592));
#3108=CARTESIAN_POINT('',(-0.000750000000000056,0.015,0.0376502945418445));
#3109=CARTESIAN_POINT('',(-0.0599057018624859,0.015,0.023530769230778));
#3110=CARTESIAN_POINT('',(-0.0602179066795863,0.015,0.0219307692307744));
#3111=CARTESIAN_POINT('',(-0.0605301114966868,0.015,0.0203307692307707));
#3112=CARTESIAN_POINT('',(-0.0608423163137873,0.015,0.0187307692307671));
#3113=CARTESIAN_POINT('',(-0.0606156827686831,0.0175,0.0456864076674366));
#3114=CARTESIAN_POINT('',(-0.0606156827686831,0.0062,0.0456864076674366));
#3115=CARTESIAN_POINT('',(-0.0606156827686831,0.0288,0.0456864076674366));
#3116=CARTESIAN_POINT('',(-0.0627798145698204,0.0288,0.034595576609878));
#3117=CARTESIAN_POINT('',(-0.0649439463709576,0.0288,0.0235047455523194));
#3118=CARTESIAN_POINT('',(-0.0627798145698204,0.0062,0.034595576609878));
#3119=CARTESIAN_POINT('',(-0.0649439463709576,0.0062,0.0235047455523194));
#3120=CARTESIAN_POINT('',(-0.0649439463709576,0.0175,0.0235047455523194));
#3121=CARTESIAN_POINT('',(-0.065002835739404,0.01,0.023516236517635));
#3122=CARTESIAN_POINT('',(-0.0650028357394087,0.0103974771711374,0.0235162365176359));
#3123=CARTESIAN_POINT('',(-0.0649966252387153,0.0107946351425296,0.0235150246749902));
#3124=CARTESIAN_POINT('',(-0.0649439463709571,0.0111894047894299,0.0235047455523193));
#3125=CARTESIAN_POINT('',(-0.0649439463709576,0.0175,0.0235047455523194));
#3126=CARTESIAN_POINT('',(-0.0649439463709571,0.0236105952105561,0.0235047455523193));
#3127=CARTESIAN_POINT('',(-0.0649966252387145,0.0240053648574611,0.0235150246749901));
#3128=CARTESIAN_POINT('',(-0.0650028357394078,0.024402522828858,0.0235162365176357));
#3129=CARTESIAN_POINT('',(-0.0650028357394041,0.0248,0.023516236517635));
#3130=CARTESIAN_POINT('',(-0.0621979535970727,0.0175,0.0375775214915808));
#3131=CARTESIAN_POINT('',(-0.0598942283354474,0.0198000000000003,0.0235895692307677));
#3132=CARTESIAN_POINT('',(-0.0618294298942441,0.0198000000000003,0.0136719692307765));
#3133=CARTESIAN_POINT('',(-0.0606303454409915,0.0198000000000003,0.023733206297227));
#3134=CARTESIAN_POINT('',(-0.0625655469997882,0.0198000000000003,0.0138156062972358));
#3135=CARTESIAN_POINT('',(-0.0613664625464889,0.0197999999999991,0.0238768433637042));
#3136=CARTESIAN_POINT('',(-0.0633016641052855,0.0197999999999991,0.013959243363713));
#3137=CARTESIAN_POINT('',(-0.0631658599158097,0.0202999999999246,0.0242279561927812));
#3138=CARTESIAN_POINT('',(-0.0651010614746063,0.0202999999999246,0.01431035619279));
#3139=CARTESIAN_POINT('',(-0.0643109309691308,0.0214666666666938,0.0244513916295199));
#3140=CARTESIAN_POINT('',(-0.0662461325279274,0.0214666666666938,0.0145337916295287));
#3141=CARTESIAN_POINT('',(-0.064801675706093,0.0232999999999959,0.0245471496737644));
#3142=CARTESIAN_POINT('',(-0.0667368772648897,0.0232999999999959,0.0146295496737732));
#3143=CARTESIAN_POINT('',(-0.0648016757060929,0.0240499999999982,0.0245471496737489));
#3144=CARTESIAN_POINT('',(-0.0667368772648896,0.0240499999999982,0.0146295496737577));
#3145=CARTESIAN_POINT('',(-0.0648016757060614,0.0248000000000006,0.0245471496737427));
#3146=CARTESIAN_POINT('',(-0.0667368772648581,0.0248000000000006,0.0146295496737515));
#3147=CARTESIAN_POINT('',(-0.0618179563672281,0.0198332438937108,0.0187307692307703));
#3148=CARTESIAN_POINT('',(-0.0620281355617361,0.0198529477611499,0.0187307692307703));
#3149=CARTESIAN_POINT('',(-0.0623184548771642,0.0198959845073393,0.0187245822814048));
#3150=CARTESIAN_POINT('',(-0.0626579506713064,0.0199715758552554,0.0187001308042249));
#3151=CARTESIAN_POINT('',(-0.0629315161897087,0.0200431304177299,0.0186696114618604));
#3152=CARTESIAN_POINT('',(-0.0632980945227089,0.0201636847373747,0.018598996017028));
#3153=CARTESIAN_POINT('',(-0.0636319396164087,0.0203036014424764,0.01850498602886));
#3154=CARTESIAN_POINT('',(-0.0639040244059849,0.0204355280167722,0.0184107196295752));
#3155=CARTESIAN_POINT('',(-0.0641001497086257,0.020543524166109,0.0183306012613085));
#3156=CARTESIAN_POINT('',(-0.0643812486902228,0.0207140995050575,0.0182013520464763));
#3157=CARTESIAN_POINT('',(-0.064709398533833,0.0209490684304301,0.0180172175881516));
#3158=CARTESIAN_POINT('',(-0.0650213364455578,0.0212265776155027,0.0177924123221441));
#3159=CARTESIAN_POINT('',(-0.0652485653329655,0.0214616504006774,0.0175986763213869));
#3160=CARTESIAN_POINT('',(-0.0654308183319258,0.0216732839101396,0.0174213058339126));
#3161=CARTESIAN_POINT('',(-0.0655310329811065,0.0218010540281737,0.0173132104016293));
#3162=CARTESIAN_POINT('',(-0.0656458200823461,0.0219551802300234,0.0171826731347384));
#3163=CARTESIAN_POINT('',(-0.065754297084955,0.0221143341220545,0.0170467145693431));
#3164=CARTESIAN_POINT('',(-0.0658428226979607,0.0222508728707528,0.0169288600441358));
#3165=CARTESIAN_POINT('',(-0.0659863401447556,0.0224937073196915,0.016717889227882));
#3166=CARTESIAN_POINT('',(-0.0661019954590527,0.0227150158081664,0.0165245488004711));
#3167=CARTESIAN_POINT('',(-0.0662083879973253,0.0229376911965839,0.0163281718279846));
#3168=CARTESIAN_POINT('',(-0.0663144526572491,0.0231893536378954,0.0161007727071123));
#3169=CARTESIAN_POINT('',(-0.0663671425470778,0.0233284162108908,0.0159752129012196));
#3170=CARTESIAN_POINT('',(-0.0664530869537636,0.0235738714126398,0.0157582868228298));
#3171=CARTESIAN_POINT('',(-0.0665466227826097,0.0238945174136605,0.0154789803465157));
#3172=CARTESIAN_POINT('',(-0.0666438245638443,0.0243259252643068,0.0151029047862827));
#3173=CARTESIAN_POINT('',(-0.0666977496282259,0.0246367376104692,0.0148300725843336));
#3174=CARTESIAN_POINT('',(-0.0667254037378296,0.024800000000002,0.0146883496737514));
#3175=CARTESIAN_POINT('',(-0.0618179563672274,0.0248888000000077,0.0187307692307704));
#3176=CARTESIAN_POINT('',(-0.0618179563672291,0.00991119999999994,0.0187307692307704));
#3177=CARTESIAN_POINT('',(-0.0624357550798386,0.0248888000000077,0.0187307692307704));
#3178=CARTESIAN_POINT('',(-0.0624357550798403,0.00991119999999994,0.0187307692307704));
#3179=CARTESIAN_POINT('',(-0.0630535537924499,0.0248888000000077,0.0187307692307704));
#3180=CARTESIAN_POINT('',(-0.0630535537924516,0.00991119999999994,0.0187307692307704));
#3181=CARTESIAN_POINT('',(-0.0646426073519304,0.0248888000000077,0.0183265272750684));
#3182=CARTESIAN_POINT('',(-0.0646426073519321,0.00991119999999994,0.0183265272750684));
#3183=CARTESIAN_POINT('',(-0.0657876784050703,0.0248888000000077,0.0173832960450973));
#3184=CARTESIAN_POINT('',(-0.065787678405072,0.00991119999999994,0.0173832960450973));
#3185=CARTESIAN_POINT('',(-0.0664887669518707,0.0248888000000077,0.0159010755408568));
#3186=CARTESIAN_POINT('',(-0.0664887669518724,0.00991119999999994,0.0159010755408568));
#3187=CARTESIAN_POINT('',(-0.0666070853448499,0.0248888000000077,0.0152947126073039));
#3188=CARTESIAN_POINT('',(-0.0666070853448516,0.00991119999999994,0.0152947126073039));
#3189=CARTESIAN_POINT('',(-0.066725403737829,0.0248888000000077,0.0146883496737512));
#3190=CARTESIAN_POINT('',(-0.0667254037378307,0.00991119999999994,0.0146883496737512));
#3191=CARTESIAN_POINT('',(-0.0618179563672285,0.014966756106266,0.0187307692307704));
#3192=CARTESIAN_POINT('',(-0.0621727406718598,0.0149334958069964,0.0187307692307704));
#3193=CARTESIAN_POINT('',(-0.0626969264232955,0.0148319732793376,0.0187176055155288));
#3194=CARTESIAN_POINT('',(-0.0633902893556777,0.0146040877816586,0.0185815534325124));
#3195=CARTESIAN_POINT('',(-0.0639162512527571,0.0143654285345826,0.0184124289346183));
#3196=CARTESIAN_POINT('',(-0.0642928925821855,0.0141449604040227,0.0182471966375134));
#3197=CARTESIAN_POINT('',(-0.0646997055932791,0.0138577891250113,0.0180231677450311));
#3198=CARTESIAN_POINT('',(-0.0650097340506918,0.0135845823179721,0.0178024950593523));
#3199=CARTESIAN_POINT('',(-0.0652198030212894,0.0133671367015619,0.0176226776159617));
#3200=CARTESIAN_POINT('',(-0.0653306018866028,0.0132437235876101,0.0175195918948394));
#3201=CARTESIAN_POINT('',(-0.0654273186904254,0.0131290034158414,0.0174230200746898));
#3202=CARTESIAN_POINT('',(-0.0654629949933597,0.0130844226793733,0.0173854378650992));
#3203=CARTESIAN_POINT('',(-0.0655350442852438,0.0129928646672107,0.0173083682052909));
#3204=CARTESIAN_POINT('',(-0.0656568886361584,0.0128287036435758,0.0171697499762956));
#3205=CARTESIAN_POINT('',(-0.065849462773209,0.0125433325733302,0.0169253903371832));
#3206=CARTESIAN_POINT('',(-0.0660474273850989,0.0121955190936243,0.0166196559226365));
#3207=CARTESIAN_POINT('',(-0.0661971035762194,0.0118891279595737,0.0163476615299296));
#3208=CARTESIAN_POINT('',(-0.0663124641849177,0.011617206312509,0.0161069319593606));
#3209=CARTESIAN_POINT('',(-0.0663863808573492,0.0114185248313202,0.0159310861901486));
#3210=CARTESIAN_POINT('',(-0.0664826010369539,0.011132779994762,0.0156772391825903));
#3211=CARTESIAN_POINT('',(-0.0666134999458274,0.01065406244156,0.0152535995464344));
#3212=CARTESIAN_POINT('',(-0.0666819378241045,0.0102566110073916,0.0149111055639637));
#3213=CARTESIAN_POINT('',(-0.0667254037378309,0.01,0.01468834967375));
#3214=CARTESIAN_POINT('',(-0.0618294298942536,0.0149999999999999,0.0136719692307754));
#3215=CARTESIAN_POINT('',(-0.0598942283354547,0.0149999999999999,0.0235895692307775));
#3216=CARTESIAN_POINT('',(-0.0625655469998028,0.0149999999999802,0.0138156062972226));
#3217=CARTESIAN_POINT('',(-0.0606303454410038,0.0149999999999802,0.0237332062972247));
#3218=CARTESIAN_POINT('',(-0.0633016641053052,0.0149999999999607,0.0139592433636687));
#3219=CARTESIAN_POINT('',(-0.0613664625465062,0.0149999999999607,0.0238768433636708));
#3220=CARTESIAN_POINT('',(-0.0651010614746074,0.0145000000000095,0.0143103561927427));
#3221=CARTESIAN_POINT('',(-0.0631658599158084,0.0145000000000095,0.0242279561927448));
#3222=CARTESIAN_POINT('',(-0.0662461325279219,0.0133333333332362,0.0145337916294399));
#3223=CARTESIAN_POINT('',(-0.0643109309691229,0.0133333333332362,0.024451391629442));
#3224=CARTESIAN_POINT('',(-0.0667368772649022,0.0114999999999843,0.0146295496737567));
#3225=CARTESIAN_POINT('',(-0.0648016757061033,0.0114999999999843,0.0245471496737588));
#3226=CARTESIAN_POINT('',(-0.0667368772649022,0.0107500000000001,0.0146295496737567));
#3227=CARTESIAN_POINT('',(-0.0648016757061033,0.0107500000000001,0.0245471496737588));
#3228=CARTESIAN_POINT('',(-0.0667368772648584,0.0100000000000001,0.0146295496737482));
#3229=CARTESIAN_POINT('',(-0.0648016757060595,0.0100000000000001,0.0245471496737503));
#3230=CARTESIAN_POINT('',(0.,0.,0.));
#3231=CARTESIAN_POINT('',(0.,0.0175,0.078));
#3232=CARTESIAN_POINT('',(0.,0.0175,0.078));
#3233=CARTESIAN_POINT('',(0.00950143914884432,0.0175,0.078));
#3234=CARTESIAN_POINT('',(0.,0.0175,0.075));
#3235=CARTESIAN_POINT('',(0.00950143914884432,0.0175,0.075));
#3236=CARTESIAN_POINT('',(0.,0.0175,0.078));
#3237=CARTESIAN_POINT('',(0.,0.0175,0.078));
#3238=CARTESIAN_POINT('',(0.007,0.0175,0.078));
#3239=CARTESIAN_POINT('',(0.,0.0175,0.075));
#3240=CARTESIAN_POINT('',(0.,0.0175,0.118));
#3241=CARTESIAN_POINT('',(0.,0.0175,0.118));
#3242=CARTESIAN_POINT('',(0.007,0.0175,0.118));
#3243=CARTESIAN_POINT('',(0.,0.0175,0.15));
#3244=CARTESIAN_POINT('',(0.,0.0175,0.15));
#3245=CARTESIAN_POINT('',(0.0029729356144755,0.0175,0.15));
#3246=CARTESIAN_POINT('',(0.,0.0175,0.2));
#3247=CARTESIAN_POINT('',(0.,0.0175,0.2));
#3248=CARTESIAN_POINT('',(0.0029729356144755,0.0175,0.2));
#3249=CARTESIAN_POINT('',(0.,0.0175,0.2));
#3250=CARTESIAN_POINT('',(0.,0.0175,0.2));
#3251=CARTESIAN_POINT('',(0.00295,0.0175,0.2));
#3252=CARTESIAN_POINT('',(0.,0.0175,0.202));
#3253=CARTESIAN_POINT('',(0.,0.0175,0.202));
#3254=CARTESIAN_POINT('',(0.00295,0.0175,0.202));
#3255=CARTESIAN_POINT('',(0.,0.0175,0.202));
#3256=CARTESIAN_POINT('',(0.,0.0175,0.2));
#3257=CARTESIAN_POINT('',(0.,0.0175,0.2));
#3258=CARTESIAN_POINT('',(0.000957160670861653,0.0175,0.2));
#3259=CARTESIAN_POINT('',(0.,0.0175,0.118));
#3260=CARTESIAN_POINT('',(0.,0.0175,0.118));
#3261=CARTESIAN_POINT('',(0.00498422505638615,0.0175,0.118));
#3262=CARTESIAN_POINT('',(0.,0.0175,0.149750278149956));
#3263=CARTESIAN_POINT('',(0.,0.0175,0.15));
#3264=CARTESIAN_POINT('',(0.000957160670861653,0.0175,0.15));
#3265=CARTESIAN_POINT('',(0.,0.0175,0.2));
#3266=CARTESIAN_POINT('',(0.,0.,0.));
#3267=CARTESIAN_POINT('',(-3.81639164714898E-16,0.,0.0261508721143054));
#3268=CARTESIAN_POINT('',(-0.0275000000000006,0.,-0.0176923076923056));
#3269=CARTESIAN_POINT('',(-0.00500000000000037,0.,-0.0176923076923056));
#3270=CARTESIAN_POINT('',(0.00524381075855995,0.,-0.0176923076923056));
#3271=CARTESIAN_POINT('',(0.00524291879829636,0.,-0.0169425197188048));
#3272=CARTESIAN_POINT('',(0.0052420265858025,0.,-0.0161925197188048));
#3273=CARTESIAN_POINT('',(0.000121013419016194,0.,-0.016192772074339));
#3274=CARTESIAN_POINT('',(-0.00500000000000037,0.,-0.0161925600478398));
#3275=CARTESIAN_POINT('',(-0.00500000000000036,0.,-0.0169425600478397));
#3276=CARTESIAN_POINT('',(-0.0500000000000008,0.03,0.0211538461538485));
#3277=CARTESIAN_POINT('',(-0.0500000000000008,0.015,0.0136538461538485));
#3278=CARTESIAN_POINT('',(-0.0500000000000008,0.0131288626194119,0.0143601356858154));
#3279=CARTESIAN_POINT('',(-0.0500000000000008,0.03,-0.0176923076923056));
#3280=CARTESIAN_POINT('',(-0.0500000000000008,0.035,-0.0176923076923056));
#3281=CARTESIAN_POINT('',(-0.0500000000000008,-0.004,-0.0176923076923056));
#3282=CARTESIAN_POINT('',(-0.0500000000000008,-0.004,0.0211538461538485));
#3283=CARTESIAN_POINT('',(-0.0500000000000008,-0.004,0.0600000000000025));
#3284=CARTESIAN_POINT('',(-0.0500000000000008,0.03,0.0600000000000025));
#3285=CARTESIAN_POINT('',(-0.0500000000000008,0.035,0.0600000000000025));
#3286=CARTESIAN_POINT('',(-0.0500000000000008,0.035,0.0211538461538485));
#3287=CARTESIAN_POINT('',(-0.0500000000000008,0.02,0.0211538461538485));
#3288=CARTESIAN_POINT('',(-0.0500000000000008,0.02,0.0236538461538485));
#3289=CARTESIAN_POINT('',(-0.0500000000000008,0.02,0.0186538461538485));
#3290=CARTESIAN_POINT('',(-0.0500000000000008,0.0175,0.0236538461538485));
#3291=CARTESIAN_POINT('',(-0.0500000000000008,0.015,0.0236538461538485));
#3292=CARTESIAN_POINT('',(-0.0500000000000008,0.015,0.0211538461538485));
#3293=CARTESIAN_POINT('',(-0.0500000000000008,0.015,0.0186538461538485));
#3294=CARTESIAN_POINT('',(-0.0500000000000008,0.0175,0.0186538461538485));
#3295=CARTESIAN_POINT('',(0.05,0.03,0.0211538461538472));
#3296=CARTESIAN_POINT('',(0.05,0.0175,0.0136538461538472));
#3297=CARTESIAN_POINT('',(0.05,0.0195,0.0136538461538472));
#3298=CARTESIAN_POINT('',(0.05,0.03,0.06));
#3299=CARTESIAN_POINT('',(0.05,0.035,0.06));
#3300=CARTESIAN_POINT('',(0.05,-0.004,0.06));
#3301=CARTESIAN_POINT('',(0.05,-0.004,0.0211538461538472));
#3302=CARTESIAN_POINT('',(0.05,-0.004,-0.0176923076923055));
#3303=CARTESIAN_POINT('',(0.05,0.03,-0.0176923076923055));
#3304=CARTESIAN_POINT('',(0.05,0.035,-0.0176923076923055));
#3305=CARTESIAN_POINT('',(0.05,0.035,0.0211538461538472));
#3306=CARTESIAN_POINT('',(0.05,0.015,0.0211538461538472));
#3307=CARTESIAN_POINT('',(0.05,0.015,0.0236538461538473));
#3308=CARTESIAN_POINT('',(0.05,0.015,0.0186538461538472));
#3309=CARTESIAN_POINT('',(0.05,0.0175,0.0236538461538473));
#3310=CARTESIAN_POINT('',(0.05,0.02,0.0236538461538473));
#3311=CARTESIAN_POINT('',(0.05,0.02,0.0211538461538472));
#3312=CARTESIAN_POINT('',(0.05,0.02,0.0186538461538472));
#3313=CARTESIAN_POINT('',(0.05,0.0175,0.0186538461538472));
#3314=CARTESIAN_POINT('',(-0.00500000000000036,0.03,-0.0156925600478398));
#3315=CARTESIAN_POINT('',(-0.00500000000000036,0.03,-0.0151923076923056));
#3316=CARTESIAN_POINT('',(-0.00500000000000036,0.035,-0.0151923076923056));
#3317=CARTESIAN_POINT('',(-0.00500000000000036,0.002,-0.0151923076923056));
#3318=CARTESIAN_POINT('',(-0.00500000000000036,0.002,-0.0156925600478398));
#3319=CARTESIAN_POINT('',(-0.00500000000000037,0.002,-0.0161925600478398));
#3320=CARTESIAN_POINT('',(-0.00500000000000037,0.03,-0.016192812403374));
#3321=CARTESIAN_POINT('',(-0.00500000000000037,0.035,-0.016192812403374));
#3322=CARTESIAN_POINT('',(-0.00500000000000036,0.035,-0.0156925600478398));
#3323=CARTESIAN_POINT('',(0.000120418358456707,0.03,-0.0151923076923056));
#3324=CARTESIAN_POINT('',(0.00524083671691378,0.03,-0.0151923076923056));
#3325=CARTESIAN_POINT('',(0.00524083671691378,0.035,-0.0151923076923056));
#3326=CARTESIAN_POINT('',(0.00524083671691378,0.002,-0.0151923076923056));
#3327=CARTESIAN_POINT('',(0.000120418358456707,0.002,-0.0151923076923056));
#3328=CARTESIAN_POINT('',(0.000120418358456707,0.035,-0.0151923076923056));
#3329=CARTESIAN_POINT('',(0.00524143177747327,0.03,-0.0156925197188048));
#3330=CARTESIAN_POINT('',(0.00524143177747327,0.002,-0.0156925197188048));
#3331=CARTESIAN_POINT('',(0.0052420265858025,0.002,-0.0161925197188048));
#3332=CARTESIAN_POINT('',(0.00524143177747327,0.035,-0.0156925197188048));
#3333=CARTESIAN_POINT('',(0.00524202683803276,0.035,-0.0161927317453042));
#3334=CARTESIAN_POINT('',(0.00524202683803276,0.03,-0.0161927317453042));
#3335=CARTESIAN_POINT('',(-3.81639164714898E-16,0.,0.0261508721143054));
#3336=CARTESIAN_POINT('',(-0.0450000000000008,0.,0.0223076923076945));
#3337=CARTESIAN_POINT('',(-0.0450000000000008,0.,-0.0126923076923055));
#3338=CARTESIAN_POINT('',(-0.0450000000000008,0.,0.0573076923076944));
#3339=CARTESIAN_POINT('',(-0.0312500000000004,0.,0.0636538461538472));
#3340=CARTESIAN_POINT('',(-0.0175,0.,0.07));
#3341=CARTESIAN_POINT('',(0.,0.,0.07));
#3342=CARTESIAN_POINT('',(0.0175,0.,0.07));
#3343=CARTESIAN_POINT('',(0.03125,0.,0.0636538461538458));
#3344=CARTESIAN_POINT('',(0.045,0.,0.0573076923076919));
#3345=CARTESIAN_POINT('',(0.045,0.,0.0223076923076932));
#3346=CARTESIAN_POINT('',(0.045,0.,-0.0126923076923055));
#3347=CARTESIAN_POINT('',(-4.02455846426619E-16,0.,-0.0126923076923055));
#3348=CARTESIAN_POINT('',(0.0465,0.,0.0217307692307702));
#3349=CARTESIAN_POINT('',(0.0465,0.,-0.0141923076923055));
#3350=CARTESIAN_POINT('',(0.0465,0.,0.0580140137643632));
#3351=CARTESIAN_POINT('',(0.0320809418225382,0.,0.0646689636924224));
#3352=CARTESIAN_POINT('',(0.0172803631561206,0.,0.0715));
#3353=CARTESIAN_POINT('',(-4.21289987022939E-18,0.,0.0715));
#3354=CARTESIAN_POINT('',(-0.0172803631561206,0.,0.0715));
#3355=CARTESIAN_POINT('',(-0.0320809418225387,0.,0.0646689636924237));
#3356=CARTESIAN_POINT('',(-0.0465000000000008,0.,0.0580140137643656));
#3357=CARTESIAN_POINT('',(-0.0465000000000008,0.,0.0217307692307715));
#3358=CARTESIAN_POINT('',(-0.0465000000000008,0.,-0.0141923076923056));
#3359=CARTESIAN_POINT('',(-3.82022629904324E-16,0.,-0.0141923076923055));
#3360=CARTESIAN_POINT('',(-3.81639164714898E-16,0.03,0.0286538461538473));
#3361=CARTESIAN_POINT('',(-4.09394740330527E-16,0.03,0.0325900142043829));
#3362=CARTESIAN_POINT('',(0.045,0.03,0.0325900142043829));
#3363=CARTESIAN_POINT('',(-0.0450000000000008,0.03,0.0325900142043829));
#3364=CARTESIAN_POINT('',(0.045,0.03,0.0223076923076932));
#3365=CARTESIAN_POINT('',(0.045,0.03,0.0573076923076919));
#3366=CARTESIAN_POINT('',(0.03125,0.03,0.0636538461538458));
#3367=CARTESIAN_POINT('',(0.0175,0.03,0.07));
#3368=CARTESIAN_POINT('',(0.,0.03,0.07));
#3369=CARTESIAN_POINT('',(-0.0175,0.03,0.07));
#3370=CARTESIAN_POINT('',(-0.0312500000000004,0.03,0.0636538461538472));
#3371=CARTESIAN_POINT('',(-0.0450000000000008,0.03,0.0573076923076944));
#3372=CARTESIAN_POINT('',(-0.0450000000000008,0.03,0.0223076923076945));
#3373=CARTESIAN_POINT('',(-3.81639164714898E-16,0.03,0.0286538461538473));
#3374=CARTESIAN_POINT('',(-1.38777878078145E-17,0.03,0.0285900142043829));
#3375=CARTESIAN_POINT('',(-0.0450000000000008,0.03,0.0285900142043829));
#3376=CARTESIAN_POINT('',(0.045,0.03,0.0285900142043829));
#3377=CARTESIAN_POINT('',(-0.0450000000000008,0.03,0.0223076923076945));
#3378=CARTESIAN_POINT('',(-0.0450000000000008,0.03,-0.0126923076923055));
#3379=CARTESIAN_POINT('',(-4.02455846426619E-16,0.03,-0.0126923076923055));
#3380=CARTESIAN_POINT('',(0.045,0.03,-0.0126923076923055));
#3381=CARTESIAN_POINT('',(0.045,0.03,0.0223076923076932));
#3382=CARTESIAN_POINT('',(0.045,0.03,0.0223076923076932));
#3383=CARTESIAN_POINT('',(0.045,0.0175,0.0136538461538472));
#3384=CARTESIAN_POINT('',(0.045,0.0175,0.0116538461538472));
#3385=CARTESIAN_POINT('',(0.045,0.005,0.0325900142043829));
#3386=CARTESIAN_POINT('',(0.045,0.005,0.0325900142043829));
#3387=CARTESIAN_POINT('',(0.045,0.005,0.0223076923076932));
#3388=CARTESIAN_POINT('',(0.045,0.005,0.0285900142043829));
#3389=CARTESIAN_POINT('',(0.045,0.005,0.0285900142043829));
#3390=CARTESIAN_POINT('',(0.045,0.03,-0.0126923076923055));
#3391=CARTESIAN_POINT('',(0.045,0.03,0.0573076923076919));
#3392=CARTESIAN_POINT('',(0.000121013419016194,0.03,-0.016192772074339));
#3393=CARTESIAN_POINT('',(0.00524202683803276,0.03,-0.0161927317453042));
#3394=CARTESIAN_POINT('',(0.000121013419016194,0.035,-0.016192772074339));
#3395=CARTESIAN_POINT('',(-0.00500000000000037,0.03,-0.016192812403374));
#3396=CARTESIAN_POINT('',(-0.0337500000000004,0.03,0.0675000000000013));
#3397=CARTESIAN_POINT('',(-0.0337500000000004,-0.004,0.0675000000000013));
#3398=CARTESIAN_POINT('',(-0.0175,-0.004,0.075));
#3399=CARTESIAN_POINT('',(-0.0175,0.03,0.075));
#3400=CARTESIAN_POINT('',(-0.0175,0.035,0.075));
#3401=CARTESIAN_POINT('',(-0.0337500000000004,0.035,0.0675000000000013));
#3402=CARTESIAN_POINT('',(-0.0275000000000006,0.03,-0.0176923076923056));
#3403=CARTESIAN_POINT('',(-0.00500000000000036,-0.004,-0.0176923076923056));
#3404=CARTESIAN_POINT('',(-0.00500000000000036,-0.004,-0.0176923076923056));
#3405=CARTESIAN_POINT('',(-0.0275000000000006,-0.004,-0.0176923076923056));
#3406=CARTESIAN_POINT('',(-0.0275000000000006,0.035,-0.0176923076923056));
#3407=CARTESIAN_POINT('',(0.02762190537928,-0.004,-0.0176923076923056));
#3408=CARTESIAN_POINT('',(0.00524381075855995,-0.004,-0.0176923076923056));
#3409=CARTESIAN_POINT('',(0.00524381075855995,-0.004,-0.0176923076923056));
#3410=CARTESIAN_POINT('',(0.03375,0.03,0.0675));
#3411=CARTESIAN_POINT('',(0.0175,0.03,0.075));
#3412=CARTESIAN_POINT('',(0.0175,0.035,0.075));
#3413=CARTESIAN_POINT('',(0.0175,-0.004,0.075));
#3414=CARTESIAN_POINT('',(0.03375,-0.004,0.0675));
#3415=CARTESIAN_POINT('',(0.03375,0.035,0.0675));
#3416=CARTESIAN_POINT('',(-0.0450000000000008,0.03,0.0223076923076945));
#3417=CARTESIAN_POINT('',(-0.0450000000000008,0.015,0.0136538461538485));
#3418=CARTESIAN_POINT('',(-0.0450000000000008,0.015,0.0116538461538485));
#3419=CARTESIAN_POINT('',(-0.0450000000000008,0.005,0.0285900142043829));
#3420=CARTESIAN_POINT('',(-0.0450000000000008,0.005,0.0285900142043829));
#3421=CARTESIAN_POINT('',(-0.0450000000000008,0.005,0.0223076923076945));
#3422=CARTESIAN_POINT('',(-0.0450000000000008,0.005,0.0325900142043829));
#3423=CARTESIAN_POINT('',(-0.0450000000000008,0.005,0.0325900142043829));
#3424=CARTESIAN_POINT('',(-0.0450000000000008,0.03,0.0573076923076944));
#3425=CARTESIAN_POINT('',(-0.0450000000000008,0.03,-0.0126923076923055));
#3426=CARTESIAN_POINT('',(-0.0312500000000004,0.03,0.0636538461538472));
#3427=CARTESIAN_POINT('',(-0.0175,0.03,0.07));
#3428=CARTESIAN_POINT('',(0.,0.03,0.07));
#3429=CARTESIAN_POINT('',(0.,0.0175,0.07));
#3430=CARTESIAN_POINT('',(0.0104,0.0175,0.0699999999999999));
#3431=CARTESIAN_POINT('',(0.0175,0.03,0.07));
#3432=CARTESIAN_POINT('',(0.03125,0.03,0.0636538461538458));
#3433=CARTESIAN_POINT('',(3.46944695195361E-18,0.03,0.075));
#3434=CARTESIAN_POINT('',(0.,0.0175,0.075));
#3435=CARTESIAN_POINT('',(0.0104,0.0175,0.075));
#3436=CARTESIAN_POINT('',(3.46944695195361E-18,-0.004,0.075));
#3437=CARTESIAN_POINT('',(3.46944695195361E-18,0.035,0.075));
#3438=CARTESIAN_POINT('',(-4.02455846426619E-16,0.03,-0.0126923076923055));
#3439=CARTESIAN_POINT('',(-3.81639164714898E-16,0.,0.0261508721143054));
#3440=CARTESIAN_POINT('',(0.0176074886322022,0.,0.0735023535540199));
#3441=CARTESIAN_POINT('',(-0.0177215971052646,0.,0.0735167935490608));
#3442=CARTESIAN_POINT('',(0.0177173070541418,0.,0.0735011548101901));
#3443=CARTESIAN_POINT('',(-0.0331112221972307,0.,0.06640600040555));
#3444=CARTESIAN_POINT('',(-0.0485004236445989,0.,0.0592944429026852));
#3445=CARTESIAN_POINT('',(-0.0329190581774621,0.,0.0664848824614247));
#3446=CARTESIAN_POINT('',(-0.0177196368438794,0.,0.0735));
#3447=CARTESIAN_POINT('',(7.682346822183E-18,0.,0.0735));
#3448=CARTESIAN_POINT('',(-3.81639164714898E-16,0.035,0.0286538461538473));
#3449=CARTESIAN_POINT('',(0.,0.0175,0.0696));
#3450=CARTESIAN_POINT('',(-1.38777878078145E-17,0.005,0.0285900142043829));
#3451=CARTESIAN_POINT('',(-1.38777878078145E-17,0.005,0.0285900142043829));
#3452=CARTESIAN_POINT('',(-4.09394740330527E-16,0.005,0.0325900142043829));
#3453=CARTESIAN_POINT('',(-4.09394740330527E-16,0.005,0.0325900142043829));
#3454=CARTESIAN_POINT('',(-4.09394740330527E-16,0.005,0.0286538461538473));
#3455=CARTESIAN_POINT('',(-3.81255699525471E-16,0.002,-0.0161923076923056));
#3456=CARTESIAN_POINT('',(-3.81255699525471E-16,0.002,-0.0161923076923056));
#3457=CARTESIAN_POINT('',(-0.0485000000000008,0.002,-0.0161923076923056));
#3458=CARTESIAN_POINT('',(-0.0485000000000008,0.002,-0.0161923076923056));
#3459=CARTESIAN_POINT('',(-0.0485004236445988,0.,-0.0161927313369036));
#3460=CARTESIAN_POINT('',(-3.81255699525471E-16,0.,-0.0161923076923056));
#3461=CARTESIAN_POINT('',(0.0329190581774618,0.002,0.0664848824614233));
#3462=CARTESIAN_POINT('',(0.0329190581774618,0.,0.0664848824614233));
#3463=CARTESIAN_POINT('',(0.048500041693449,0.,0.059294442902684));
#3464=CARTESIAN_POINT('',(0.0177196368438794,0.002,0.0735));
#3465=CARTESIAN_POINT('',(0.0177196368438794,0.002,0.0735));
#3466=CARTESIAN_POINT('',(0.0329190581774618,0.002,0.0664848824614233));
#3467=CARTESIAN_POINT('',(0.0485,0.002,0.0592936785433288));
#3468=CARTESIAN_POINT('',(0.0485,0.002,0.0592936785433288));
#3469=CARTESIAN_POINT('',(0.0485,0.002,0.0217307692307702));
#3470=CARTESIAN_POINT('',(0.0485,0.,0.0217307692307702));
#3471=CARTESIAN_POINT('',(0.048500041693449,0.,-0.0161923493857545));
#3472=CARTESIAN_POINT('',(0.0485,0.002,0.0217307692307702));
#3473=CARTESIAN_POINT('',(0.0485,0.002,-0.0161923076923055));
#3474=CARTESIAN_POINT('',(0.0485,0.002,-0.0161923076923055));
#3475=CARTESIAN_POINT('',(-3.81255699525471E-16,0.002,-0.0161923076923056));
#3476=CARTESIAN_POINT('',(0.00524202658580249,0.,-0.0161923076923056));
#3477=CARTESIAN_POINT('',(0.0196613510572015,0.,-0.0161923076923056));
#3478=CARTESIAN_POINT('',(0.0340806755286006,0.,-0.0161923076923056));
#3479=CARTESIAN_POINT('',(0.0484999999999996,0.,-0.0161923076923056));
#3480=CARTESIAN_POINT('',(-3.81255699525471E-16,0.002,-0.0161923076923056));
#3481=CARTESIAN_POINT('',(-0.0485000000000008,0.002,0.0217307692307715));
#3482=CARTESIAN_POINT('',(-0.0485000000000008,0.,0.0217307692307715));
#3483=CARTESIAN_POINT('',(-0.0485000000000008,0.002,0.0217307692307715));
#3484=CARTESIAN_POINT('',(-0.0485000000000008,0.002,0.0592936785433313));
#3485=CARTESIAN_POINT('',(-0.0485000000000008,0.002,0.0592936785433313));
#3486=CARTESIAN_POINT('',(-0.0329190581774621,0.002,0.0664848824614247));
#3487=CARTESIAN_POINT('',(-0.0329190581774621,0.002,0.0664848824614247));
#3488=CARTESIAN_POINT('',(-0.0177196368438794,0.002,0.0735));
#3489=CARTESIAN_POINT('',(-0.0177196368438794,0.002,0.0735));
#3490=CARTESIAN_POINT('',(0.0320809418225382,0.002,0.0646689636924224));
#3491=CARTESIAN_POINT('',(0.0465,0.002,0.0580140137643632));
#3492=CARTESIAN_POINT('',(0.0465,0.002,0.0580140137643632));
#3493=CARTESIAN_POINT('',(0.0320809418225382,0.002,0.0646689636924224));
#3494=CARTESIAN_POINT('',(0.0172803631561206,0.002,0.0715));
#3495=CARTESIAN_POINT('',(0.0172803631561206,0.002,0.0715));
#3496=CARTESIAN_POINT('',(-4.21289987022939E-18,0.002,0.0715));
#3497=CARTESIAN_POINT('',(-4.21289987022939E-18,0.002,0.0715));
#3498=CARTESIAN_POINT('',(-0.0172803631561206,0.002,0.0715));
#3499=CARTESIAN_POINT('',(-0.0172803631561206,0.002,0.0715));
#3500=CARTESIAN_POINT('',(-0.0320809418225387,0.002,0.0646689636924237));
#3501=CARTESIAN_POINT('',(-0.0320809418225387,0.002,0.0646689636924237));
#3502=CARTESIAN_POINT('',(-0.0465000000000008,0.002,0.0580140137643656));
#3503=CARTESIAN_POINT('',(-0.0465000000000008,0.002,0.0580140137643656));
#3504=CARTESIAN_POINT('',(-0.0465000000000008,0.002,0.0217307692307715));
#3505=CARTESIAN_POINT('',(-0.0465000000000008,0.002,0.0217307692307715));
#3506=CARTESIAN_POINT('',(-0.0465000000000008,0.002,-0.0141923076923056));
#3507=CARTESIAN_POINT('',(-0.0465000000000008,0.002,-0.0141923076923056));
#3508=CARTESIAN_POINT('',(-3.82022629904324E-16,0.002,-0.0141923076923055));
#3509=CARTESIAN_POINT('',(-3.82022629904324E-16,0.002,-0.0141923076923055));
#3510=CARTESIAN_POINT('',(0.0465,0.002,-0.0141923076923055));
#3511=CARTESIAN_POINT('',(0.0465,0.002,-0.0141923076923055));
#3512=CARTESIAN_POINT('',(0.0465,0.002,0.0217307692307702));
#3513=CARTESIAN_POINT('',(0.0465,0.002,0.0217307692307702));
#3514=CARTESIAN_POINT('',(7.682346822183E-18,0.002,0.0735));
#3515=CARTESIAN_POINT('',(7.682346822183E-18,0.002,0.0735));
#3516=CARTESIAN_POINT('',(0.,0.002,0.));
#3517=CARTESIAN_POINT('',(0.048,0.0175,0.0236538461538473));
#3518=CARTESIAN_POINT('',(0.048,0.015,0.0236538461538473));
#3519=CARTESIAN_POINT('',(0.048,0.015,0.0236538461538473));
#3520=CARTESIAN_POINT('',(0.048,0.0175,0.0236538461538473));
#3521=CARTESIAN_POINT('',(0.048,0.02,0.0236538461538473));
#3522=CARTESIAN_POINT('',(0.048,0.02,0.0236538461538473));
#3523=CARTESIAN_POINT('',(0.048,0.015,0.0211538461538472));
#3524=CARTESIAN_POINT('',(0.048,0.015,0.0186538461538472));
#3525=CARTESIAN_POINT('',(0.048,0.015,0.0186538461538472));
#3526=CARTESIAN_POINT('',(0.048,0.015,0.0211538461538472));
#3527=CARTESIAN_POINT('',(0.048,0.0175,0.0186538461538472));
#3528=CARTESIAN_POINT('',(0.048,0.02,0.0186538461538472));
#3529=CARTESIAN_POINT('',(0.048,0.02,0.0186538461538472));
#3530=CARTESIAN_POINT('',(0.048,0.0175,0.0186538461538472));
#3531=CARTESIAN_POINT('',(0.048,0.02,0.0211538461538472));
#3532=CARTESIAN_POINT('',(0.048,0.02,0.0211538461538472));
#3533=CARTESIAN_POINT('',(0.048,0.0175,0.0211538461538472));
#3534=CARTESIAN_POINT('',(-0.0480000000000008,0.0175,0.0236538461538485));
#3535=CARTESIAN_POINT('',(-0.0480000000000008,0.02,0.0236538461538485));
#3536=CARTESIAN_POINT('',(-0.0480000000000008,0.02,0.0236538461538485));
#3537=CARTESIAN_POINT('',(-0.0480000000000008,0.0175,0.0236538461538485));
#3538=CARTESIAN_POINT('',(-0.0480000000000008,0.015,0.0236538461538485));
#3539=CARTESIAN_POINT('',(-0.0480000000000008,0.015,0.0236538461538485));
#3540=CARTESIAN_POINT('',(-0.0480000000000008,0.02,0.0211538461538485));
#3541=CARTESIAN_POINT('',(-0.0480000000000008,0.02,0.0186538461538485));
#3542=CARTESIAN_POINT('',(-0.0480000000000008,0.02,0.0186538461538485));
#3543=CARTESIAN_POINT('',(-0.0480000000000008,0.02,0.0211538461538485));
#3544=CARTESIAN_POINT('',(-0.0480000000000008,0.0175,0.0186538461538485));
#3545=CARTESIAN_POINT('',(-0.0480000000000008,0.015,0.0186538461538485));
#3546=CARTESIAN_POINT('',(-0.0480000000000008,0.015,0.0186538461538485));
#3547=CARTESIAN_POINT('',(-0.0480000000000008,0.0175,0.0186538461538485));
#3548=CARTESIAN_POINT('',(-0.0480000000000008,0.015,0.0211538461538485));
#3549=CARTESIAN_POINT('',(-0.0480000000000008,0.015,0.0211538461538485));
#3550=CARTESIAN_POINT('',(-0.0480000000000008,0.0175,0.0211538461538485));
#3551=CARTESIAN_POINT('',(0.0428,0.0175,0.0136538461538472));
#3552=CARTESIAN_POINT('',(-0.0445000000000008,0.015,0.0136538461538485));
#3553=CARTESIAN_POINT('',(0.00524291879829636,-0.004,-0.0169425197188048));
#3554=CARTESIAN_POINT('',(0.00524291879829636,-0.004,-0.0169425197188048));
#3555=CARTESIAN_POINT('',(0.00524202683803276,-0.004,-0.0161927317453042));
#3556=CARTESIAN_POINT('',(0.00524202683803276,-0.004,-0.0161927317453042));
#3557=CARTESIAN_POINT('',(-0.00500000000000036,-0.004,-0.0169425600478397));
#3558=CARTESIAN_POINT('',(-0.00500000000000037,-0.004,-0.016192812403374));
#3559=CARTESIAN_POINT('',(-0.00500000000000037,-0.004,-0.016192812403374));
#3560=CARTESIAN_POINT('',(-0.00500000000000036,-0.004,-0.0169425600478397));
#3561=CARTESIAN_POINT('',(-0.0267504236445986,-0.004,-0.0161929836924378));
#3562=CARTESIAN_POINT('',(-0.0485008472891969,-0.004,-0.0161931549815016));
#3563=CARTESIAN_POINT('',(-0.0485008472891969,-0.004,-0.0161931549815016));
#3564=CARTESIAN_POINT('',(-0.0267504236445986,-0.004,-0.0161929836924378));
#3565=CARTESIAN_POINT('',(-0.0485008472891969,-0.004,0.0214998044717262));
#3566=CARTESIAN_POINT('',(-0.0485008472891969,-0.004,0.0592952072620392));
#3567=CARTESIAN_POINT('',(-0.0485008472891969,-0.004,0.0592952072620392));
#3568=CARTESIAN_POINT('',(-0.0485008472891969,-0.004,0.0214998044717262));
#3569=CARTESIAN_POINT('',(-0.0331112221972307,-0.004,0.06640600040555));
#3570=CARTESIAN_POINT('',(-0.0177215971052646,-0.004,0.0735167935490608));
#3571=CARTESIAN_POINT('',(-0.0177215971052646,-0.004,0.0735167935490608));
#3572=CARTESIAN_POINT('',(-0.0331112221972307,-0.004,0.06640600040555));
#3573=CARTESIAN_POINT('',(0.0176074886322022,-0.004,0.0735023535540199));
#3574=CARTESIAN_POINT('',(0.0177149772644043,-0.004,0.0735023096203804));
#3575=CARTESIAN_POINT('',(0.0177149772644043,-0.004,0.0735023096203804));
#3576=CARTESIAN_POINT('',(0.0176074886322022,-0.004,0.0735023535540199));
#3577=CARTESIAN_POINT('',(0.0331075303256511,-0.004,0.0663987584412098));
#3578=CARTESIAN_POINT('',(0.048500083386898,-0.004,0.0592952072620392));
#3579=CARTESIAN_POINT('',(0.048500083386898,-0.004,0.0592952072620392));
#3580=CARTESIAN_POINT('',(0.0331075303256511,-0.004,0.0663987584412098));
#3581=CARTESIAN_POINT('',(0.048500083386898,-0.004,0.0214999807568708));
#3582=CARTESIAN_POINT('',(0.048500083386898,-0.004,-0.0161923910792036));
#3583=CARTESIAN_POINT('',(0.048500083386898,-0.004,-0.0161923910792036));
#3584=CARTESIAN_POINT('',(0.048500083386898,-0.004,0.0214999807568708));
#3585=CARTESIAN_POINT('',(0.0268710551124654,-0.004,-0.0161925614122539));
#3586=CARTESIAN_POINT('',(0.0268710551124654,-0.004,-0.0161925614122539));
#3587=CARTESIAN_POINT('',(-3.81639164714898E-16,-0.004,0.0261508721143054));
#3588=MECHANICAL_DESIGN_GEOMETRIC_PRESENTATION_REPRESENTATION('',(#2128),
#3592);
#3589=MECHANICAL_DESIGN_GEOMETRIC_PRESENTATION_REPRESENTATION('',(#2129),
#3593);
#3590=MECHANICAL_DESIGN_GEOMETRIC_PRESENTATION_REPRESENTATION('',(#2130),
#3594);
#3591=MECHANICAL_DESIGN_GEOMETRIC_PRESENTATION_REPRESENTATION('',(#2131),
#3595);
#3592=(
GEOMETRIC_REPRESENTATION_CONTEXT(3)
GLOBAL_UNCERTAINTY_ASSIGNED_CONTEXT((#3596))
GLOBAL_UNIT_ASSIGNED_CONTEXT((#3608,#3604,#3600))
REPRESENTATION_CONTEXT('Part 2','TOP_LEVEL_ASSEMBLY_PART')
);
#3593=(
GEOMETRIC_REPRESENTATION_CONTEXT(3)
GLOBAL_UNCERTAINTY_ASSIGNED_CONTEXT((#3597))
GLOBAL_UNIT_ASSIGNED_CONTEXT((#3609,#3605,#3601))
REPRESENTATION_CONTEXT('Part 4','TOP_LEVEL_ASSEMBLY_PART')
);
#3594=(
GEOMETRIC_REPRESENTATION_CONTEXT(3)
GLOBAL_UNCERTAINTY_ASSIGNED_CONTEXT((#3598))
GLOBAL_UNIT_ASSIGNED_CONTEXT((#3610,#3606,#3602))
REPRESENTATION_CONTEXT('Part 3','TOP_LEVEL_ASSEMBLY_PART')
);
#3595=(
GEOMETRIC_REPRESENTATION_CONTEXT(3)
GLOBAL_UNCERTAINTY_ASSIGNED_CONTEXT((#3599))
GLOBAL_UNIT_ASSIGNED_CONTEXT((#3611,#3607,#3603))
REPRESENTATION_CONTEXT('Part 1','TOP_LEVEL_ASSEMBLY_PART')
);
#3596=UNCERTAINTY_MEASURE_WITH_UNIT(LENGTH_MEASURE(1.E-8),#3608,
'DISTANCE_ACCURACY_VALUE','Maximum Tolerance applied to model');
#3597=UNCERTAINTY_MEASURE_WITH_UNIT(LENGTH_MEASURE(2.91659228661616E-5),
#3609,'DISTANCE_ACCURACY_VALUE','Maximum Tolerance applied to model');
#3598=UNCERTAINTY_MEASURE_WITH_UNIT(LENGTH_MEASURE(1.E-8),#3610,
'DISTANCE_ACCURACY_VALUE','Maximum Tolerance applied to model');
#3599=UNCERTAINTY_MEASURE_WITH_UNIT(LENGTH_MEASURE(2.52005795049411E-5),
#3611,'DISTANCE_ACCURACY_VALUE','Maximum Tolerance applied to model');
#3600=(
NAMED_UNIT(*)
SI_UNIT($,.STERADIAN.)
SOLID_ANGLE_UNIT()
);
#3601=(
NAMED_UNIT(*)
SI_UNIT($,.STERADIAN.)
SOLID_ANGLE_UNIT()
);
#3602=(
NAMED_UNIT(*)
SI_UNIT($,.STERADIAN.)
SOLID_ANGLE_UNIT()
);
#3603=(
NAMED_UNIT(*)
SI_UNIT($,.STERADIAN.)
SOLID_ANGLE_UNIT()
);
#3604=(
NAMED_UNIT(*)
PLANE_ANGLE_UNIT()
SI_UNIT($,.RADIAN.)
);
#3605=(
NAMED_UNIT(*)
PLANE_ANGLE_UNIT()
SI_UNIT($,.RADIAN.)
);
#3606=(
NAMED_UNIT(*)
PLANE_ANGLE_UNIT()
SI_UNIT($,.RADIAN.)
);
#3607=(
NAMED_UNIT(*)
PLANE_ANGLE_UNIT()
SI_UNIT($,.RADIAN.)
);
#3608=(
LENGTH_UNIT()
NAMED_UNIT(*)
SI_UNIT($,.METRE.)
);
#3609=(
LENGTH_UNIT()
NAMED_UNIT(*)
SI_UNIT($,.METRE.)
);
#3610=(
LENGTH_UNIT()
NAMED_UNIT(*)
SI_UNIT($,.METRE.)
);
#3611=(
LENGTH_UNIT()
NAMED_UNIT(*)
SI_UNIT($,.METRE.)
);
#3612=PRODUCT_DEFINITION_SHAPE('','',#3616);
#3613=PRODUCT_DEFINITION_SHAPE('','',#3617);
#3614=PRODUCT_DEFINITION_SHAPE('','',#3618);
#3615=PRODUCT_DEFINITION_SHAPE('','',#3619);
#3616=PRODUCT_DEFINITION('','',#3624,#3620);
#3617=PRODUCT_DEFINITION('','',#3625,#3621);
#3618=PRODUCT_DEFINITION('','',#3626,#3622);
#3619=PRODUCT_DEFINITION('','',#3627,#3623);
#3620=PRODUCT_DEFINITION_CONTEXT('',#3648,'design');
#3621=PRODUCT_DEFINITION_CONTEXT('',#3649,'design');
#3622=PRODUCT_DEFINITION_CONTEXT('',#3650,'design');
#3623=PRODUCT_DEFINITION_CONTEXT('',#3651,'design');
#3624=PRODUCT_DEFINITION_FORMATION_WITH_SPECIFIED_SOURCE('','',#3632,
 .NOT_KNOWN.);
#3625=PRODUCT_DEFINITION_FORMATION_WITH_SPECIFIED_SOURCE('','',#3633,
 .NOT_KNOWN.);
#3626=PRODUCT_DEFINITION_FORMATION_WITH_SPECIFIED_SOURCE('','',#3634,
 .NOT_KNOWN.);
#3627=PRODUCT_DEFINITION_FORMATION_WITH_SPECIFIED_SOURCE('','',#3635,
 .NOT_KNOWN.);
#3628=PRODUCT_RELATED_PRODUCT_CATEGORY('','',(#3632));
#3629=PRODUCT_RELATED_PRODUCT_CATEGORY('','',(#3633));
#3630=PRODUCT_RELATED_PRODUCT_CATEGORY('','',(#3634));
#3631=PRODUCT_RELATED_PRODUCT_CATEGORY('','',(#3635));
#3632=PRODUCT('Part 2','Part 2','Part 2',(#3640));
#3633=PRODUCT('Part 4','Part 4','Part 4',(#3641));
#3634=PRODUCT('Part 3','Part 3','Part 3',(#3642));
#3635=PRODUCT('Part 1','Part 1','Part 1',(#3643));
#3636=PRODUCT_CATEGORY('','');
#3637=PRODUCT_CATEGORY('','');
#3638=PRODUCT_CATEGORY('','');
#3639=PRODUCT_CATEGORY('','');
#3640=PRODUCT_CONTEXT('',#3648,'mechanical');
#3641=PRODUCT_CONTEXT('',#3649,'mechanical');
#3642=PRODUCT_CONTEXT('',#3650,'mechanical');
#3643=PRODUCT_CONTEXT('',#3651,'mechanical');
#3644=APPLICATION_PROTOCOL_DEFINITION('international standard',
'ap242_managed_model_based_3d_engineering',2020,#3648);
#3645=APPLICATION_PROTOCOL_DEFINITION('international standard',
'ap242_managed_model_based_3d_engineering',2020,#3649);
#3646=APPLICATION_PROTOCOL_DEFINITION('international standard',
'ap242_managed_model_based_3d_engineering',2020,#3650);
#3647=APPLICATION_PROTOCOL_DEFINITION('international standard',
'ap242_managed_model_based_3d_engineering',2020,#3651);
#3648=APPLICATION_CONTEXT('managed model based 3d engineering');
#3649=APPLICATION_CONTEXT('managed model based 3d engineering');
#3650=APPLICATION_CONTEXT('managed model based 3d engineering');
#3651=APPLICATION_CONTEXT('managed model based 3d engineering');
ENDSEC;
END-ISO-10303-21;
