ISO-10303-21;
HEADER;
/* Generated by software containing ST-Developer
 * from STEP Tools, Inc. (www.steptools.com) 
 */
/* OPTION: using custom renumber hook */

FILE_DESCRIPTION(
/* description */ ('STEP AP242 Edition 2',
'CAx-IF Rec.Pracs.---Representation and Presentation of Product Manufa
cturing Information (PMI)---4.0---2014-10-13',
'CAx-IF Rec.Pracs.---3D Tessellated Geometry---0.4---2014-09-14','2;1',
'CAx-IF Rec.Pracs.---User Defined Attributes---1.5---2016-08-15'),
/* implementation_level */ '2;1');

FILE_NAME(
/* name */ 'Part Studio 1',
/* time_stamp */ '2026-10-04T00:05:11Z',
/* author */ (''),
/* organization */ (''),
/* preprocessor_version */ 'ST-DEVELOPER v20',
/* originating_system */ 'ONSHAPE BY PTC INC, 1.221',
/* authorisation */ '  ');

FILE_SCHEMA (('AP242_MANAGED_MODEL_BASED_3D_ENGINEERING_MIM_LF { 1 0 10303 442 3 1 4 }'));
ENDSEC;

DATA;
#10=ORIENTED_CLOSED_SHELL('',*,#1766,.F.);
#11=CONICAL_SURFACE('',#1867,0.0029729356144755,0.12518765800304);
#12=CONICAL_SURFACE('',#1880,0.000988587107380323,0.12518765800304);
#13=CIRCLE('',#1860,0.00950143914884432);
#14=CIRCLE('',#1861,0.00950143914884432);
#15=CIRCLE('',#1863,0.007);
#16=CIRCLE('',#1866,0.007);
#17=CIRCLE('',#1868,0.0029729356144755);
#18=CIRCLE('',#1870,0.0029729356144755);
#19=CIRCLE('',#1872,0.00295);
#20=CIRCLE('',#1874,0.00295);
#21=CIRCLE('',#1877,0.000957160670861653);
#22=CIRCLE('',#1879,0.00498422505638615);
#23=CIRCLE('',#1881,0.000957160670861653);
#24=CIRCLE('',#1885,0.0015);
#25=CIRCLE('',#1887,0.0015);
#26=CIRCLE('',#1892,0.0015);
#27=CIRCLE('',#1894,0.0104);
#28=CIRCLE('',#1899,0.0015);
#29=CIRCLE('',#1902,0.0104);
#30=CYLINDRICAL_SURFACE('',#1859,0.00950143914884432);
#31=CYLINDRICAL_SURFACE('',#1865,0.007);
#32=CYLINDRICAL_SURFACE('',#1869,0.0029729356144755);
#33=CYLINDRICAL_SURFACE('',#1875,0.00295);
#34=CYLINDRICAL_SURFACE('',#1882,0.000957160670861653);
#35=CYLINDRICAL_SURFACE('',#1907,0.0104);
#36=CYLINDRICAL_SURFACE('',#1934,0.0015);
#37=CYLINDRICAL_SURFACE('',#1935,0.0015);
#38=BREP_WITH_VOIDS('Part 3',#1765,(#10));
#39=SHAPE_REPRESENTATION_RELATIONSHIP('','',#1818,#44);
#40=SHAPE_REPRESENTATION_RELATIONSHIP('','',#1819,#45);
#41=SHAPE_REPRESENTATION_RELATIONSHIP('','',#1820,#46);
#42=SHAPE_REPRESENTATION_RELATIONSHIP('','',#1821,#47);
#43=SHAPE_REPRESENTATION_RELATIONSHIP('','',#1822,#48);
#44=ADVANCED_BREP_SHAPE_REPRESENTATION('',(#1809),#2905);
#45=ADVANCED_BREP_SHAPE_REPRESENTATION('',(#1810),#2906);
#46=ADVANCED_BREP_SHAPE_REPRESENTATION('',(#38),#2907);
#47=ADVANCED_BREP_SHAPE_REPRESENTATION('',(#1811),#2908);
#48=ADVANCED_BREP_SHAPE_REPRESENTATION('',(#1812),#2909);
#49=ORIENTED_EDGE('',*,*,#503,.F.);
#50=ORIENTED_EDGE('',*,*,#504,.F.);
#51=ORIENTED_EDGE('',*,*,#505,.T.);
#52=ORIENTED_EDGE('',*,*,#506,.T.);
#53=ORIENTED_EDGE('',*,*,#507,.F.);
#54=ORIENTED_EDGE('',*,*,#508,.F.);
#55=ORIENTED_EDGE('',*,*,#509,.T.);
#56=ORIENTED_EDGE('',*,*,#504,.T.);
#57=ORIENTED_EDGE('',*,*,#510,.F.);
#58=ORIENTED_EDGE('',*,*,#511,.F.);
#59=ORIENTED_EDGE('',*,*,#512,.T.);
#60=ORIENTED_EDGE('',*,*,#508,.T.);
#61=ORIENTED_EDGE('',*,*,#513,.F.);
#62=ORIENTED_EDGE('',*,*,#514,.F.);
#63=ORIENTED_EDGE('',*,*,#515,.T.);
#64=ORIENTED_EDGE('',*,*,#511,.T.);
#65=ORIENTED_EDGE('',*,*,#516,.F.);
#66=ORIENTED_EDGE('',*,*,#517,.F.);
#67=ORIENTED_EDGE('',*,*,#518,.T.);
#68=ORIENTED_EDGE('',*,*,#514,.T.);
#69=ORIENTED_EDGE('',*,*,#519,.T.);
#70=ORIENTED_EDGE('',*,*,#520,.F.);
#71=ORIENTED_EDGE('',*,*,#521,.F.);
#72=ORIENTED_EDGE('',*,*,#522,.T.);
#73=ORIENTED_EDGE('',*,*,#523,.T.);
#74=ORIENTED_EDGE('',*,*,#524,.F.);
#75=ORIENTED_EDGE('',*,*,#525,.F.);
#76=ORIENTED_EDGE('',*,*,#520,.T.);
#77=ORIENTED_EDGE('',*,*,#526,.T.);
#78=ORIENTED_EDGE('',*,*,#527,.F.);
#79=ORIENTED_EDGE('',*,*,#528,.F.);
#80=ORIENTED_EDGE('',*,*,#524,.T.);
#81=ORIENTED_EDGE('',*,*,#529,.T.);
#82=ORIENTED_EDGE('',*,*,#530,.F.);
#83=ORIENTED_EDGE('',*,*,#531,.F.);
#84=ORIENTED_EDGE('',*,*,#527,.T.);
#85=ORIENTED_EDGE('',*,*,#532,.T.);
#86=ORIENTED_EDGE('',*,*,#533,.F.);
#87=ORIENTED_EDGE('',*,*,#534,.F.);
#88=ORIENTED_EDGE('',*,*,#530,.T.);
#89=ORIENTED_EDGE('',*,*,#535,.T.);
#90=ORIENTED_EDGE('',*,*,#522,.F.);
#91=ORIENTED_EDGE('',*,*,#536,.F.);
#92=ORIENTED_EDGE('',*,*,#533,.T.);
#93=ORIENTED_EDGE('',*,*,#537,.F.);
#94=ORIENTED_EDGE('',*,*,#506,.F.);
#95=ORIENTED_EDGE('',*,*,#538,.T.);
#96=ORIENTED_EDGE('',*,*,#517,.T.);
#97=ORIENTED_EDGE('',*,*,#521,.T.);
#98=ORIENTED_EDGE('',*,*,#525,.T.);
#99=ORIENTED_EDGE('',*,*,#528,.T.);
#100=ORIENTED_EDGE('',*,*,#531,.T.);
#101=ORIENTED_EDGE('',*,*,#534,.T.);
#102=ORIENTED_EDGE('',*,*,#536,.T.);
#103=ORIENTED_EDGE('',*,*,#505,.F.);
#104=ORIENTED_EDGE('',*,*,#509,.F.);
#105=ORIENTED_EDGE('',*,*,#512,.F.);
#106=ORIENTED_EDGE('',*,*,#515,.F.);
#107=ORIENTED_EDGE('',*,*,#518,.F.);
#108=ORIENTED_EDGE('',*,*,#538,.F.);
#109=ORIENTED_EDGE('',*,*,#507,.T.);
#110=ORIENTED_EDGE('',*,*,#503,.T.);
#111=ORIENTED_EDGE('',*,*,#537,.T.);
#112=ORIENTED_EDGE('',*,*,#516,.T.);
#113=ORIENTED_EDGE('',*,*,#513,.T.);
#114=ORIENTED_EDGE('',*,*,#510,.T.);
#115=ORIENTED_EDGE('',*,*,#539,.T.);
#116=ORIENTED_EDGE('',*,*,#540,.F.);
#117=ORIENTED_EDGE('',*,*,#541,.F.);
#118=ORIENTED_EDGE('',*,*,#542,.T.);
#119=ORIENTED_EDGE('',*,*,#543,.T.);
#120=ORIENTED_EDGE('',*,*,#544,.F.);
#121=ORIENTED_EDGE('',*,*,#545,.F.);
#122=ORIENTED_EDGE('',*,*,#540,.T.);
#123=ORIENTED_EDGE('',*,*,#546,.F.);
#124=ORIENTED_EDGE('',*,*,#547,.F.);
#125=ORIENTED_EDGE('',*,*,#548,.T.);
#126=ORIENTED_EDGE('',*,*,#544,.T.);
#127=ORIENTED_EDGE('',*,*,#549,.F.);
#128=ORIENTED_EDGE('',*,*,#550,.F.);
#129=ORIENTED_EDGE('',*,*,#551,.T.);
#130=ORIENTED_EDGE('',*,*,#547,.T.);
#131=ORIENTED_EDGE('',*,*,#552,.F.);
#132=ORIENTED_EDGE('',*,*,#553,.F.);
#133=ORIENTED_EDGE('',*,*,#554,.T.);
#134=ORIENTED_EDGE('',*,*,#550,.T.);
#135=ORIENTED_EDGE('',*,*,#555,.F.);
#136=ORIENTED_EDGE('',*,*,#542,.F.);
#137=ORIENTED_EDGE('',*,*,#556,.T.);
#138=ORIENTED_EDGE('',*,*,#553,.T.);
#139=ORIENTED_EDGE('',*,*,#541,.T.);
#140=ORIENTED_EDGE('',*,*,#545,.T.);
#141=ORIENTED_EDGE('',*,*,#548,.F.);
#142=ORIENTED_EDGE('',*,*,#551,.F.);
#143=ORIENTED_EDGE('',*,*,#554,.F.);
#144=ORIENTED_EDGE('',*,*,#556,.F.);
#145=ORIENTED_EDGE('',*,*,#519,.F.);
#146=ORIENTED_EDGE('',*,*,#535,.F.);
#147=ORIENTED_EDGE('',*,*,#532,.F.);
#148=ORIENTED_EDGE('',*,*,#529,.F.);
#149=ORIENTED_EDGE('',*,*,#526,.F.);
#150=ORIENTED_EDGE('',*,*,#523,.F.);
#151=ORIENTED_EDGE('',*,*,#539,.F.);
#152=ORIENTED_EDGE('',*,*,#555,.T.);
#153=ORIENTED_EDGE('',*,*,#552,.T.);
#154=ORIENTED_EDGE('',*,*,#549,.T.);
#155=ORIENTED_EDGE('',*,*,#546,.T.);
#156=ORIENTED_EDGE('',*,*,#543,.F.);
#157=ORIENTED_EDGE('',*,*,#557,.F.);
#158=ORIENTED_EDGE('',*,*,#558,.T.);
#159=ORIENTED_EDGE('',*,*,#559,.T.);
#160=ORIENTED_EDGE('',*,*,#560,.F.);
#161=ORIENTED_EDGE('',*,*,#561,.T.);
#162=ORIENTED_EDGE('',*,*,#562,.F.);
#163=ORIENTED_EDGE('',*,*,#563,.F.);
#164=ORIENTED_EDGE('',*,*,#564,.T.);
#165=ORIENTED_EDGE('',*,*,#565,.F.);
#166=ORIENTED_EDGE('',*,*,#564,.F.);
#167=ORIENTED_EDGE('',*,*,#566,.T.);
#168=ORIENTED_EDGE('',*,*,#567,.T.);
#169=ORIENTED_EDGE('',*,*,#568,.F.);
#170=ORIENTED_EDGE('',*,*,#567,.F.);
#171=ORIENTED_EDGE('',*,*,#569,.T.);
#172=ORIENTED_EDGE('',*,*,#570,.T.);
#173=ORIENTED_EDGE('',*,*,#571,.F.);
#174=ORIENTED_EDGE('',*,*,#570,.F.);
#175=ORIENTED_EDGE('',*,*,#572,.T.);
#176=ORIENTED_EDGE('',*,*,#562,.T.);
#177=ORIENTED_EDGE('',*,*,#563,.T.);
#178=ORIENTED_EDGE('',*,*,#572,.F.);
#179=ORIENTED_EDGE('',*,*,#569,.F.);
#180=ORIENTED_EDGE('',*,*,#566,.F.);
#181=ORIENTED_EDGE('',*,*,#561,.F.);
#182=ORIENTED_EDGE('',*,*,#565,.T.);
#183=ORIENTED_EDGE('',*,*,#568,.T.);
#184=ORIENTED_EDGE('',*,*,#571,.T.);
#185=ORIENTED_EDGE('',*,*,#573,.F.);
#186=ORIENTED_EDGE('',*,*,#574,.F.);
#187=ORIENTED_EDGE('',*,*,#575,.T.);
#188=ORIENTED_EDGE('',*,*,#557,.T.);
#189=ORIENTED_EDGE('',*,*,#576,.T.);
#190=ORIENTED_EDGE('',*,*,#559,.F.);
#191=ORIENTED_EDGE('',*,*,#577,.F.);
#192=ORIENTED_EDGE('',*,*,#578,.T.);
#193=ORIENTED_EDGE('',*,*,#579,.T.);
#194=ORIENTED_EDGE('',*,*,#578,.F.);
#195=ORIENTED_EDGE('',*,*,#580,.F.);
#196=ORIENTED_EDGE('',*,*,#574,.T.);
#197=ORIENTED_EDGE('',*,*,#575,.F.);
#198=ORIENTED_EDGE('',*,*,#580,.T.);
#199=ORIENTED_EDGE('',*,*,#577,.T.);
#200=ORIENTED_EDGE('',*,*,#558,.F.);
#201=ORIENTED_EDGE('',*,*,#573,.T.);
#202=ORIENTED_EDGE('',*,*,#560,.T.);
#203=ORIENTED_EDGE('',*,*,#576,.F.);
#204=ORIENTED_EDGE('',*,*,#579,.F.);
#205=ORIENTED_EDGE('',*,*,#581,.F.);
#206=ORIENTED_EDGE('',*,*,#582,.T.);
#207=ORIENTED_EDGE('',*,*,#583,.F.);
#208=ORIENTED_EDGE('',*,*,#581,.T.);
#209=ORIENTED_EDGE('',*,*,#582,.F.);
#210=ORIENTED_EDGE('',*,*,#584,.F.);
#211=ORIENTED_EDGE('',*,*,#583,.T.);
#212=ORIENTED_EDGE('',*,*,#584,.T.);
#213=ORIENTED_EDGE('',*,*,#585,.T.);
#214=ORIENTED_EDGE('',*,*,#586,.T.);
#215=ORIENTED_EDGE('',*,*,#585,.F.);
#216=ORIENTED_EDGE('',*,*,#587,.F.);
#217=ORIENTED_EDGE('',*,*,#586,.F.);
#218=ORIENTED_EDGE('',*,*,#588,.T.);
#219=ORIENTED_EDGE('',*,*,#588,.F.);
#220=ORIENTED_EDGE('',*,*,#587,.T.);
#221=ORIENTED_EDGE('',*,*,#589,.T.);
#222=ORIENTED_EDGE('',*,*,#590,.F.);
#223=ORIENTED_EDGE('',*,*,#590,.T.);
#224=ORIENTED_EDGE('',*,*,#591,.F.);
#225=ORIENTED_EDGE('',*,*,#589,.F.);
#226=ORIENTED_EDGE('',*,*,#591,.T.);
#227=ORIENTED_EDGE('',*,*,#592,.F.);
#228=ORIENTED_EDGE('',*,*,#593,.F.);
#229=ORIENTED_EDGE('',*,*,#594,.F.);
#230=ORIENTED_EDGE('',*,*,#595,.T.);
#231=ORIENTED_EDGE('',*,*,#596,.T.);
#232=ORIENTED_EDGE('',*,*,#597,.F.);
#233=ORIENTED_EDGE('',*,*,#598,.T.);
#234=ORIENTED_EDGE('',*,*,#599,.T.);
#235=ORIENTED_EDGE('',*,*,#600,.F.);
#236=ORIENTED_EDGE('',*,*,#601,.F.);
#237=ORIENTED_EDGE('',*,*,#602,.F.);
#238=ORIENTED_EDGE('',*,*,#603,.F.);
#239=ORIENTED_EDGE('',*,*,#604,.T.);
#240=ORIENTED_EDGE('',*,*,#605,.T.);
#241=ORIENTED_EDGE('',*,*,#606,.F.);
#242=ORIENTED_EDGE('',*,*,#607,.T.);
#243=ORIENTED_EDGE('',*,*,#608,.T.);
#244=ORIENTED_EDGE('',*,*,#609,.F.);
#245=ORIENTED_EDGE('',*,*,#610,.F.);
#246=ORIENTED_EDGE('',*,*,#611,.F.);
#247=ORIENTED_EDGE('',*,*,#612,.T.);
#248=ORIENTED_EDGE('',*,*,#613,.F.);
#249=ORIENTED_EDGE('',*,*,#614,.F.);
#250=ORIENTED_EDGE('',*,*,#615,.F.);
#251=ORIENTED_EDGE('',*,*,#616,.T.);
#252=ORIENTED_EDGE('',*,*,#617,.T.);
#253=ORIENTED_EDGE('',*,*,#618,.T.);
#254=ORIENTED_EDGE('',*,*,#619,.T.);
#255=ORIENTED_EDGE('',*,*,#620,.T.);
#256=ORIENTED_EDGE('',*,*,#621,.T.);
#257=ORIENTED_EDGE('',*,*,#622,.F.);
#258=ORIENTED_EDGE('',*,*,#623,.T.);
#259=ORIENTED_EDGE('',*,*,#624,.T.);
#260=ORIENTED_EDGE('',*,*,#625,.T.);
#261=ORIENTED_EDGE('',*,*,#626,.T.);
#262=ORIENTED_EDGE('',*,*,#627,.F.);
#263=ORIENTED_EDGE('',*,*,#628,.F.);
#264=ORIENTED_EDGE('',*,*,#629,.F.);
#265=ORIENTED_EDGE('',*,*,#630,.T.);
#266=ORIENTED_EDGE('',*,*,#631,.T.);
#267=ORIENTED_EDGE('',*,*,#632,.T.);
#268=ORIENTED_EDGE('',*,*,#633,.F.);
#269=ORIENTED_EDGE('',*,*,#634,.F.);
#270=ORIENTED_EDGE('',*,*,#635,.T.);
#271=ORIENTED_EDGE('',*,*,#631,.F.);
#272=ORIENTED_EDGE('',*,*,#636,.T.);
#273=ORIENTED_EDGE('',*,*,#610,.T.);
#274=ORIENTED_EDGE('',*,*,#637,.F.);
#275=ORIENTED_EDGE('',*,*,#623,.F.);
#276=ORIENTED_EDGE('',*,*,#638,.F.);
#277=ORIENTED_EDGE('',*,*,#639,.F.);
#278=ORIENTED_EDGE('',*,*,#640,.F.);
#279=ORIENTED_EDGE('',*,*,#641,.T.);
#280=ORIENTED_EDGE('',*,*,#642,.T.);
#281=ORIENTED_EDGE('',*,*,#643,.F.);
#282=ORIENTED_EDGE('',*,*,#642,.F.);
#283=ORIENTED_EDGE('',*,*,#644,.T.);
#284=ORIENTED_EDGE('',*,*,#594,.T.);
#285=ORIENTED_EDGE('',*,*,#645,.F.);
#286=ORIENTED_EDGE('',*,*,#596,.F.);
#287=ORIENTED_EDGE('',*,*,#646,.T.);
#288=ORIENTED_EDGE('',*,*,#603,.T.);
#289=ORIENTED_EDGE('',*,*,#611,.T.);
#290=ORIENTED_EDGE('',*,*,#636,.F.);
#291=ORIENTED_EDGE('',*,*,#630,.F.);
#292=ORIENTED_EDGE('',*,*,#647,.T.);
#293=ORIENTED_EDGE('',*,*,#648,.F.);
#294=ORIENTED_EDGE('',*,*,#649,.F.);
#295=ORIENTED_EDGE('',*,*,#650,.T.);
#296=ORIENTED_EDGE('',*,*,#651,.T.);
#297=ORIENTED_EDGE('',*,*,#627,.T.);
#298=ORIENTED_EDGE('',*,*,#652,.T.);
#299=ORIENTED_EDGE('',*,*,#612,.F.);
#300=ORIENTED_EDGE('',*,*,#647,.F.);
#301=ORIENTED_EDGE('',*,*,#629,.T.);
#302=ORIENTED_EDGE('',*,*,#613,.T.);
#303=ORIENTED_EDGE('',*,*,#652,.F.);
#304=ORIENTED_EDGE('',*,*,#626,.F.);
#305=ORIENTED_EDGE('',*,*,#653,.T.);
#306=ORIENTED_EDGE('',*,*,#654,.T.);
#307=ORIENTED_EDGE('',*,*,#614,.T.);
#308=ORIENTED_EDGE('',*,*,#653,.F.);
#309=ORIENTED_EDGE('',*,*,#625,.F.);
#310=ORIENTED_EDGE('',*,*,#655,.T.);
#311=ORIENTED_EDGE('',*,*,#615,.T.);
#312=ORIENTED_EDGE('',*,*,#655,.F.);
#313=ORIENTED_EDGE('',*,*,#624,.F.);
#314=ORIENTED_EDGE('',*,*,#637,.T.);
#315=ORIENTED_EDGE('',*,*,#656,.T.);
#316=ORIENTED_EDGE('',*,*,#605,.F.);
#317=ORIENTED_EDGE('',*,*,#657,.F.);
#318=ORIENTED_EDGE('',*,*,#640,.T.);
#319=ORIENTED_EDGE('',*,*,#658,.F.);
#320=ORIENTED_EDGE('',*,*,#659,.F.);
#321=ORIENTED_EDGE('',*,*,#660,.F.);
#322=ORIENTED_EDGE('',*,*,#661,.F.);
#323=ORIENTED_EDGE('',*,*,#662,.F.);
#324=ORIENTED_EDGE('',*,*,#663,.F.);
#325=ORIENTED_EDGE('',*,*,#639,.T.);
#326=ORIENTED_EDGE('',*,*,#643,.T.);
#327=ORIENTED_EDGE('',*,*,#593,.T.);
#328=ORIENTED_EDGE('',*,*,#645,.T.);
#329=ORIENTED_EDGE('',*,*,#602,.T.);
#330=ORIENTED_EDGE('',*,*,#656,.F.);
#331=ORIENTED_EDGE('',*,*,#641,.F.);
#332=ORIENTED_EDGE('',*,*,#657,.T.);
#333=ORIENTED_EDGE('',*,*,#604,.F.);
#334=ORIENTED_EDGE('',*,*,#646,.F.);
#335=ORIENTED_EDGE('',*,*,#595,.F.);
#336=ORIENTED_EDGE('',*,*,#644,.F.);
#337=ORIENTED_EDGE('',*,*,#638,.T.);
#338=ORIENTED_EDGE('',*,*,#654,.F.);
#339=ORIENTED_EDGE('',*,*,#628,.T.);
#340=ORIENTED_EDGE('',*,*,#635,.F.);
#341=ORIENTED_EDGE('',*,*,#664,.F.);
#342=ORIENTED_EDGE('',*,*,#649,.T.);
#343=ORIENTED_EDGE('',*,*,#622,.T.);
#344=ORIENTED_EDGE('',*,*,#651,.F.);
#345=ORIENTED_EDGE('',*,*,#665,.F.);
#346=ORIENTED_EDGE('',*,*,#633,.T.);
#347=ORIENTED_EDGE('',*,*,#650,.F.);
#348=ORIENTED_EDGE('',*,*,#664,.T.);
#349=ORIENTED_EDGE('',*,*,#634,.T.);
#350=ORIENTED_EDGE('',*,*,#665,.T.);
#351=ORIENTED_EDGE('',*,*,#658,.T.);
#352=ORIENTED_EDGE('',*,*,#666,.F.);
#353=ORIENTED_EDGE('',*,*,#667,.F.);
#354=ORIENTED_EDGE('',*,*,#668,.T.);
#355=ORIENTED_EDGE('',*,*,#659,.T.);
#356=ORIENTED_EDGE('',*,*,#668,.F.);
#357=ORIENTED_EDGE('',*,*,#669,.F.);
#358=ORIENTED_EDGE('',*,*,#670,.T.);
#359=ORIENTED_EDGE('',*,*,#660,.T.);
#360=ORIENTED_EDGE('',*,*,#670,.F.);
#361=ORIENTED_EDGE('',*,*,#671,.F.);
#362=ORIENTED_EDGE('',*,*,#672,.T.);
#363=ORIENTED_EDGE('',*,*,#661,.T.);
#364=ORIENTED_EDGE('',*,*,#672,.F.);
#365=ORIENTED_EDGE('',*,*,#673,.F.);
#366=ORIENTED_EDGE('',*,*,#674,.T.);
#367=ORIENTED_EDGE('',*,*,#662,.T.);
#368=ORIENTED_EDGE('',*,*,#674,.F.);
#369=ORIENTED_EDGE('',*,*,#675,.F.);
#370=ORIENTED_EDGE('',*,*,#676,.T.);
#371=ORIENTED_EDGE('',*,*,#617,.F.);
#372=ORIENTED_EDGE('',*,*,#677,.F.);
#373=ORIENTED_EDGE('',*,*,#678,.T.);
#374=ORIENTED_EDGE('',*,*,#679,.T.);
#375=ORIENTED_EDGE('',*,*,#618,.F.);
#376=ORIENTED_EDGE('',*,*,#679,.F.);
#377=ORIENTED_EDGE('',*,*,#680,.T.);
#378=ORIENTED_EDGE('',*,*,#681,.T.);
#379=ORIENTED_EDGE('',*,*,#619,.F.);
#380=ORIENTED_EDGE('',*,*,#681,.F.);
#381=ORIENTED_EDGE('',*,*,#682,.T.);
#382=ORIENTED_EDGE('',*,*,#683,.T.);
#383=ORIENTED_EDGE('',*,*,#620,.F.);
#384=ORIENTED_EDGE('',*,*,#683,.F.);
#385=ORIENTED_EDGE('',*,*,#684,.T.);
#386=ORIENTED_EDGE('',*,*,#685,.T.);
#387=ORIENTED_EDGE('',*,*,#621,.F.);
#388=ORIENTED_EDGE('',*,*,#685,.F.);
#389=ORIENTED_EDGE('',*,*,#686,.T.);
#390=ORIENTED_EDGE('',*,*,#687,.T.);
#391=ORIENTED_EDGE('',*,*,#616,.F.);
#392=ORIENTED_EDGE('',*,*,#687,.F.);
#393=ORIENTED_EDGE('',*,*,#688,.T.);
#394=ORIENTED_EDGE('',*,*,#677,.T.);
#395=ORIENTED_EDGE('',*,*,#663,.T.);
#396=ORIENTED_EDGE('',*,*,#676,.F.);
#397=ORIENTED_EDGE('',*,*,#689,.F.);
#398=ORIENTED_EDGE('',*,*,#666,.T.);
#399=ORIENTED_EDGE('',*,*,#678,.F.);
#400=ORIENTED_EDGE('',*,*,#688,.F.);
#401=ORIENTED_EDGE('',*,*,#686,.F.);
#402=ORIENTED_EDGE('',*,*,#684,.F.);
#403=ORIENTED_EDGE('',*,*,#682,.F.);
#404=ORIENTED_EDGE('',*,*,#680,.F.);
#405=ORIENTED_EDGE('',*,*,#667,.T.);
#406=ORIENTED_EDGE('',*,*,#689,.T.);
#407=ORIENTED_EDGE('',*,*,#675,.T.);
#408=ORIENTED_EDGE('',*,*,#673,.T.);
#409=ORIENTED_EDGE('',*,*,#671,.T.);
#410=ORIENTED_EDGE('',*,*,#669,.T.);
#411=ORIENTED_EDGE('',*,*,#607,.F.);
#412=ORIENTED_EDGE('',*,*,#690,.F.);
#413=ORIENTED_EDGE('',*,*,#691,.T.);
#414=ORIENTED_EDGE('',*,*,#692,.T.);
#415=ORIENTED_EDGE('',*,*,#606,.T.);
#416=ORIENTED_EDGE('',*,*,#693,.F.);
#417=ORIENTED_EDGE('',*,*,#694,.F.);
#418=ORIENTED_EDGE('',*,*,#690,.T.);
#419=ORIENTED_EDGE('',*,*,#609,.T.);
#420=ORIENTED_EDGE('',*,*,#695,.F.);
#421=ORIENTED_EDGE('',*,*,#696,.F.);
#422=ORIENTED_EDGE('',*,*,#693,.T.);
#423=ORIENTED_EDGE('',*,*,#608,.F.);
#424=ORIENTED_EDGE('',*,*,#692,.F.);
#425=ORIENTED_EDGE('',*,*,#697,.T.);
#426=ORIENTED_EDGE('',*,*,#695,.T.);
#427=ORIENTED_EDGE('',*,*,#691,.F.);
#428=ORIENTED_EDGE('',*,*,#694,.T.);
#429=ORIENTED_EDGE('',*,*,#696,.T.);
#430=ORIENTED_EDGE('',*,*,#697,.F.);
#431=ORIENTED_EDGE('',*,*,#598,.F.);
#432=ORIENTED_EDGE('',*,*,#698,.F.);
#433=ORIENTED_EDGE('',*,*,#699,.T.);
#434=ORIENTED_EDGE('',*,*,#700,.T.);
#435=ORIENTED_EDGE('',*,*,#597,.T.);
#436=ORIENTED_EDGE('',*,*,#701,.F.);
#437=ORIENTED_EDGE('',*,*,#702,.F.);
#438=ORIENTED_EDGE('',*,*,#698,.T.);
#439=ORIENTED_EDGE('',*,*,#600,.T.);
#440=ORIENTED_EDGE('',*,*,#703,.F.);
#441=ORIENTED_EDGE('',*,*,#704,.F.);
#442=ORIENTED_EDGE('',*,*,#701,.T.);
#443=ORIENTED_EDGE('',*,*,#599,.F.);
#444=ORIENTED_EDGE('',*,*,#700,.F.);
#445=ORIENTED_EDGE('',*,*,#705,.T.);
#446=ORIENTED_EDGE('',*,*,#703,.T.);
#447=ORIENTED_EDGE('',*,*,#699,.F.);
#448=ORIENTED_EDGE('',*,*,#702,.T.);
#449=ORIENTED_EDGE('',*,*,#704,.T.);
#450=ORIENTED_EDGE('',*,*,#705,.F.);
#451=ORIENTED_EDGE('',*,*,#601,.T.);
#452=ORIENTED_EDGE('',*,*,#632,.F.);
#453=ORIENTED_EDGE('',*,*,#648,.T.);
#454=ORIENTED_EDGE('',*,*,#592,.T.);
#455=ORIENTED_EDGE('',*,*,#706,.F.);
#456=ORIENTED_EDGE('',*,*,#707,.T.);
#457=ORIENTED_EDGE('',*,*,#708,.T.);
#458=ORIENTED_EDGE('',*,*,#709,.F.);
#459=ORIENTED_EDGE('',*,*,#710,.F.);
#460=ORIENTED_EDGE('',*,*,#711,.F.);
#461=ORIENTED_EDGE('',*,*,#712,.T.);
#462=ORIENTED_EDGE('',*,*,#713,.T.);
#463=ORIENTED_EDGE('',*,*,#714,.T.);
#464=ORIENTED_EDGE('',*,*,#713,.F.);
#465=ORIENTED_EDGE('',*,*,#715,.F.);
#466=ORIENTED_EDGE('',*,*,#716,.T.);
#467=ORIENTED_EDGE('',*,*,#717,.T.);
#468=ORIENTED_EDGE('',*,*,#716,.F.);
#469=ORIENTED_EDGE('',*,*,#718,.F.);
#470=ORIENTED_EDGE('',*,*,#719,.T.);
#471=ORIENTED_EDGE('',*,*,#720,.T.);
#472=ORIENTED_EDGE('',*,*,#719,.F.);
#473=ORIENTED_EDGE('',*,*,#721,.F.);
#474=ORIENTED_EDGE('',*,*,#711,.T.);
#475=ORIENTED_EDGE('',*,*,#712,.F.);
#476=ORIENTED_EDGE('',*,*,#721,.T.);
#477=ORIENTED_EDGE('',*,*,#718,.T.);
#478=ORIENTED_EDGE('',*,*,#715,.T.);
#479=ORIENTED_EDGE('',*,*,#710,.T.);
#480=ORIENTED_EDGE('',*,*,#714,.F.);
#481=ORIENTED_EDGE('',*,*,#717,.F.);
#482=ORIENTED_EDGE('',*,*,#720,.F.);
#483=ORIENTED_EDGE('',*,*,#722,.T.);
#484=ORIENTED_EDGE('',*,*,#707,.F.);
#485=ORIENTED_EDGE('',*,*,#723,.F.);
#486=ORIENTED_EDGE('',*,*,#724,.T.);
#487=ORIENTED_EDGE('',*,*,#725,.F.);
#488=ORIENTED_EDGE('',*,*,#724,.F.);
#489=ORIENTED_EDGE('',*,*,#726,.T.);
#490=ORIENTED_EDGE('',*,*,#727,.T.);
#491=ORIENTED_EDGE('',*,*,#728,.F.);
#492=ORIENTED_EDGE('',*,*,#727,.F.);
#493=ORIENTED_EDGE('',*,*,#729,.T.);
#494=ORIENTED_EDGE('',*,*,#709,.T.);
#495=ORIENTED_EDGE('',*,*,#723,.T.);
#496=ORIENTED_EDGE('',*,*,#706,.T.);
#497=ORIENTED_EDGE('',*,*,#729,.F.);
#498=ORIENTED_EDGE('',*,*,#726,.F.);
#499=ORIENTED_EDGE('',*,*,#722,.F.);
#500=ORIENTED_EDGE('',*,*,#725,.T.);
#501=ORIENTED_EDGE('',*,*,#728,.T.);
#502=ORIENTED_EDGE('',*,*,#708,.F.);
#503=EDGE_CURVE('',#730,#731,#887,.T.);
#504=EDGE_CURVE('',#732,#730,#888,.T.);
#505=EDGE_CURVE('',#732,#733,#889,.T.);
#506=EDGE_CURVE('',#733,#731,#890,.T.);
#507=EDGE_CURVE('',#734,#730,#891,.T.);
#508=EDGE_CURVE('',#735,#734,#892,.T.);
#509=EDGE_CURVE('',#735,#732,#893,.T.);
#510=EDGE_CURVE('',#736,#734,#894,.T.);
#511=EDGE_CURVE('',#737,#736,#895,.T.);
#512=EDGE_CURVE('',#737,#735,#896,.T.);
#513=EDGE_CURVE('',#738,#736,#897,.T.);
#514=EDGE_CURVE('',#739,#738,#898,.T.);
#515=EDGE_CURVE('',#739,#737,#899,.T.);
#516=EDGE_CURVE('',#740,#738,#900,.T.);
#517=EDGE_CURVE('',#741,#740,#901,.T.);
#518=EDGE_CURVE('',#741,#739,#902,.T.);
#519=EDGE_CURVE('',#742,#743,#903,.T.);
#520=EDGE_CURVE('',#744,#743,#904,.T.);
#521=EDGE_CURVE('',#745,#744,#905,.T.);
#522=EDGE_CURVE('',#745,#742,#906,.T.);
#523=EDGE_CURVE('',#743,#746,#907,.T.);
#524=EDGE_CURVE('',#747,#746,#908,.T.);
#525=EDGE_CURVE('',#744,#747,#909,.T.);
#526=EDGE_CURVE('',#746,#748,#910,.T.);
#527=EDGE_CURVE('',#749,#748,#911,.T.);
#528=EDGE_CURVE('',#747,#749,#912,.T.);
#529=EDGE_CURVE('',#748,#750,#913,.T.);
#530=EDGE_CURVE('',#751,#750,#914,.T.);
#531=EDGE_CURVE('',#749,#751,#915,.T.);
#532=EDGE_CURVE('',#750,#752,#916,.T.);
#533=EDGE_CURVE('',#753,#752,#917,.T.);
#534=EDGE_CURVE('',#751,#753,#918,.T.);
#535=EDGE_CURVE('',#752,#742,#919,.T.);
#536=EDGE_CURVE('',#753,#745,#920,.T.);
#537=EDGE_CURVE('',#731,#740,#921,.T.);
#538=EDGE_CURVE('',#733,#741,#922,.T.);
#539=EDGE_CURVE('',#754,#755,#923,.T.);
#540=EDGE_CURVE('',#756,#755,#924,.T.);
#541=EDGE_CURVE('',#757,#756,#925,.T.);
#542=EDGE_CURVE('',#757,#754,#926,.T.);
#543=EDGE_CURVE('',#755,#758,#927,.T.);
#544=EDGE_CURVE('',#759,#758,#928,.T.);
#545=EDGE_CURVE('',#756,#759,#929,.T.);
#546=EDGE_CURVE('',#760,#758,#930,.T.);
#547=EDGE_CURVE('',#761,#760,#931,.T.);
#548=EDGE_CURVE('',#761,#759,#932,.T.);
#549=EDGE_CURVE('',#762,#760,#933,.T.);
#550=EDGE_CURVE('',#763,#762,#934,.T.);
#551=EDGE_CURVE('',#763,#761,#935,.T.);
#552=EDGE_CURVE('',#764,#762,#936,.T.);
#553=EDGE_CURVE('',#765,#764,#937,.T.);
#554=EDGE_CURVE('',#765,#763,#938,.T.);
#555=EDGE_CURVE('',#754,#764,#939,.T.);
#556=EDGE_CURVE('',#757,#765,#940,.T.);
#557=EDGE_CURVE('',#766,#767,#941,.T.);
#558=EDGE_CURVE('',#766,#768,#942,.T.);
#559=EDGE_CURVE('',#768,#769,#943,.T.);
#560=EDGE_CURVE('',#767,#769,#944,.T.);
#561=EDGE_CURVE('',#770,#771,#945,.T.);
#562=EDGE_CURVE('',#772,#771,#946,.T.);
#563=EDGE_CURVE('',#773,#772,#947,.T.);
#564=EDGE_CURVE('',#773,#770,#948,.T.);
#565=EDGE_CURVE('',#770,#774,#949,.T.);
#566=EDGE_CURVE('',#773,#775,#950,.T.);
#567=EDGE_CURVE('',#775,#774,#951,.T.);
#568=EDGE_CURVE('',#774,#776,#952,.T.);
#569=EDGE_CURVE('',#775,#777,#953,.T.);
#570=EDGE_CURVE('',#777,#776,#954,.T.);
#571=EDGE_CURVE('',#776,#771,#955,.T.);
#572=EDGE_CURVE('',#777,#772,#956,.T.);
#573=EDGE_CURVE('',#778,#767,#957,.T.);
#574=EDGE_CURVE('',#779,#778,#958,.T.);
#575=EDGE_CURVE('',#779,#766,#959,.T.);
#576=EDGE_CURVE('',#780,#769,#960,.T.);
#577=EDGE_CURVE('',#781,#768,#961,.T.);
#578=EDGE_CURVE('',#781,#780,#962,.T.);
#579=EDGE_CURVE('',#778,#780,#963,.T.);
#580=EDGE_CURVE('',#779,#781,#964,.T.);
#581=EDGE_CURVE('',#782,#782,#13,.T.);
#582=EDGE_CURVE('',#783,#783,#14,.T.);
#583=EDGE_CURVE('',#784,#784,#15,.T.);
#584=EDGE_CURVE('',#785,#785,#16,.T.);
#585=EDGE_CURVE('',#786,#786,#17,.F.);
#586=EDGE_CURVE('',#787,#787,#18,.F.);
#587=EDGE_CURVE('',#788,#788,#19,.T.);
#588=EDGE_CURVE('',#789,#789,#20,.T.);
#589=EDGE_CURVE('',#790,#790,#21,.F.);
#590=EDGE_CURVE('',#791,#791,#22,.F.);
#591=EDGE_CURVE('',#792,#792,#23,.F.);
#592=EDGE_CURVE('',#793,#793,#24,.T.);
#593=EDGE_CURVE('',#794,#795,#965,.T.);
#594=EDGE_CURVE('',#796,#794,#966,.T.);
#595=EDGE_CURVE('',#796,#797,#967,.T.);
#596=EDGE_CURVE('',#797,#795,#968,.T.);
#597=EDGE_CURVE('',#798,#799,#969,.T.);
#598=EDGE_CURVE('',#798,#800,#970,.T.);
#599=EDGE_CURVE('',#800,#801,#971,.T.);
#600=EDGE_CURVE('',#799,#801,#972,.T.);
#601=EDGE_CURVE('',#802,#802,#25,.T.);
#602=EDGE_CURVE('',#803,#804,#973,.T.);
#603=EDGE_CURVE('',#805,#803,#974,.T.);
#604=EDGE_CURVE('',#805,#806,#975,.T.);
#605=EDGE_CURVE('',#806,#804,#976,.T.);
#606=EDGE_CURVE('',#807,#808,#977,.T.);
#607=EDGE_CURVE('',#807,#809,#978,.T.);
#608=EDGE_CURVE('',#809,#810,#979,.T.);
#609=EDGE_CURVE('',#808,#810,#980,.T.);
#610=EDGE_CURVE('',#811,#812,#981,.T.);
#611=EDGE_CURVE('',#813,#811,#982,.T.);
#612=EDGE_CURVE('',#813,#814,#983,.T.);
#613=EDGE_CURVE('',#815,#814,#984,.T.);
#614=EDGE_CURVE('',#816,#815,#985,.T.);
#615=EDGE_CURVE('',#812,#816,#986,.T.);
#616=EDGE_CURVE('',#817,#818,#987,.T.);
#617=EDGE_CURVE('',#818,#819,#988,.T.);
#618=EDGE_CURVE('',#819,#820,#989,.T.);
#619=EDGE_CURVE('',#820,#821,#990,.T.);
#620=EDGE_CURVE('',#821,#822,#991,.T.);
#621=EDGE_CURVE('',#822,#817,#992,.T.);
#622=EDGE_CURVE('',#823,#824,#993,.T.);
#623=EDGE_CURVE('',#823,#825,#994,.T.);
#624=EDGE_CURVE('',#825,#826,#995,.T.);
#625=EDGE_CURVE('',#826,#827,#996,.T.);
#626=EDGE_CURVE('',#827,#828,#997,.T.);
#627=EDGE_CURVE('',#824,#828,#998,.T.);
#628=EDGE_CURVE('',#829,#830,#999,.T.);
#629=EDGE_CURVE('',#831,#829,#1000,.T.);
#630=EDGE_CURVE('',#831,#832,#1001,.T.);
#631=EDGE_CURVE('',#832,#830,#1002,.T.);
#632=EDGE_CURVE('',#833,#833,#26,.T.);
#633=EDGE_CURVE('',#834,#823,#1003,.T.);
#634=EDGE_CURVE('',#835,#834,#1004,.T.);
#635=EDGE_CURVE('',#835,#830,#1005,.T.);
#636=EDGE_CURVE('',#832,#811,#1006,.T.);
#637=EDGE_CURVE('',#825,#812,#1007,.T.);
#638=EDGE_CURVE('',#836,#836,#27,.T.);
#639=EDGE_CURVE('',#837,#838,#1008,.T.);
#640=EDGE_CURVE('',#839,#837,#1009,.T.);
#641=EDGE_CURVE('',#839,#840,#1010,.T.);
#642=EDGE_CURVE('',#840,#838,#1011,.T.);
#643=EDGE_CURVE('',#838,#794,#1012,.T.);
#644=EDGE_CURVE('',#840,#796,#1013,.T.);
#645=EDGE_CURVE('',#795,#803,#1014,.T.);
#646=EDGE_CURVE('',#797,#805,#1015,.T.);
#647=EDGE_CURVE('',#831,#813,#1016,.T.);
#648=EDGE_CURVE('',#841,#841,#28,.T.);
#649=EDGE_CURVE('',#842,#829,#1017,.T.);
#650=EDGE_CURVE('',#842,#843,#1018,.T.);
#651=EDGE_CURVE('',#843,#824,#1019,.T.);
#652=EDGE_CURVE('',#828,#814,#1020,.T.);
#653=EDGE_CURVE('',#827,#815,#1021,.T.);
#654=EDGE_CURVE('',#844,#844,#29,.T.);
#655=EDGE_CURVE('',#826,#816,#1022,.T.);
#656=EDGE_CURVE('',#837,#804,#1023,.T.);
#657=EDGE_CURVE('',#839,#806,#1024,.T.);
#658=EDGE_CURVE('',#845,#846,#1025,.T.);
#659=EDGE_CURVE('',#847,#845,#1026,.T.);
#660=EDGE_CURVE('',#848,#847,#1027,.T.);
#661=EDGE_CURVE('',#849,#848,#1028,.T.);
#662=EDGE_CURVE('',#850,#849,#1029,.T.);
#663=EDGE_CURVE('',#846,#850,#1030,.T.);
#664=EDGE_CURVE('',#842,#835,#1031,.T.);
#665=EDGE_CURVE('',#834,#843,#1032,.T.);
#666=EDGE_CURVE('',#851,#846,#1033,.T.);
#667=EDGE_CURVE('',#852,#851,#1034,.T.);
#668=EDGE_CURVE('',#852,#845,#1035,.T.);
#669=EDGE_CURVE('',#853,#852,#1036,.T.);
#670=EDGE_CURVE('',#853,#847,#1037,.T.);
#671=EDGE_CURVE('',#854,#853,#1038,.T.);
#672=EDGE_CURVE('',#854,#848,#1039,.T.);
#673=EDGE_CURVE('',#855,#854,#1040,.T.);
#674=EDGE_CURVE('',#855,#849,#1041,.T.);
#675=EDGE_CURVE('',#856,#855,#1042,.T.);
#676=EDGE_CURVE('',#856,#850,#1043,.T.);
#677=EDGE_CURVE('',#857,#818,#1044,.T.);
#678=EDGE_CURVE('',#857,#858,#1045,.T.);
#679=EDGE_CURVE('',#858,#819,#1046,.T.);
#680=EDGE_CURVE('',#858,#859,#1047,.T.);
#681=EDGE_CURVE('',#859,#820,#1048,.T.);
#682=EDGE_CURVE('',#859,#860,#1049,.T.);
#683=EDGE_CURVE('',#860,#821,#1050,.T.);
#684=EDGE_CURVE('',#860,#861,#1051,.T.);
#685=EDGE_CURVE('',#861,#822,#1052,.T.);
#686=EDGE_CURVE('',#861,#862,#1053,.T.);
#687=EDGE_CURVE('',#862,#817,#1054,.T.);
#688=EDGE_CURVE('',#862,#857,#1055,.T.);
#689=EDGE_CURVE('',#851,#856,#1056,.T.);
#690=EDGE_CURVE('',#863,#807,#1057,.T.);
#691=EDGE_CURVE('',#863,#864,#1058,.T.);
#692=EDGE_CURVE('',#864,#809,#1059,.T.);
#693=EDGE_CURVE('',#865,#808,#1060,.T.);
#694=EDGE_CURVE('',#863,#865,#1061,.T.);
#695=EDGE_CURVE('',#866,#810,#1062,.T.);
#696=EDGE_CURVE('',#865,#866,#1063,.T.);
#697=EDGE_CURVE('',#864,#866,#1064,.T.);
#698=EDGE_CURVE('',#867,#798,#1065,.T.);
#699=EDGE_CURVE('',#867,#868,#1066,.T.);
#700=EDGE_CURVE('',#868,#800,#1067,.T.);
#701=EDGE_CURVE('',#869,#799,#1068,.T.);
#702=EDGE_CURVE('',#867,#869,#1069,.T.);
#703=EDGE_CURVE('',#870,#801,#1070,.T.);
#704=EDGE_CURVE('',#869,#870,#1071,.T.);
#705=EDGE_CURVE('',#868,#870,#1072,.T.);
#706=EDGE_CURVE('',#871,#872,#1073,.T.);
#707=EDGE_CURVE('',#871,#873,#1074,.T.);
#708=EDGE_CURVE('',#873,#874,#1075,.T.);
#709=EDGE_CURVE('',#872,#874,#1076,.T.);
#710=EDGE_CURVE('',#875,#876,#1077,.T.);
#711=EDGE_CURVE('',#877,#875,#1078,.T.);
#712=EDGE_CURVE('',#877,#878,#1079,.T.);
#713=EDGE_CURVE('',#878,#876,#1080,.T.);
#714=EDGE_CURVE('',#879,#876,#1081,.T.);
#715=EDGE_CURVE('',#880,#878,#1082,.T.);
#716=EDGE_CURVE('',#880,#879,#1083,.T.);
#717=EDGE_CURVE('',#881,#879,#1084,.T.);
#718=EDGE_CURVE('',#882,#880,#1085,.T.);
#719=EDGE_CURVE('',#882,#881,#1086,.T.);
#720=EDGE_CURVE('',#875,#881,#1087,.T.);
#721=EDGE_CURVE('',#877,#882,#1088,.T.);
#722=EDGE_CURVE('',#883,#873,#1089,.T.);
#723=EDGE_CURVE('',#884,#871,#1090,.T.);
#724=EDGE_CURVE('',#884,#883,#1091,.T.);
#725=EDGE_CURVE('',#883,#885,#1092,.T.);
#726=EDGE_CURVE('',#884,#886,#1093,.T.);
#727=EDGE_CURVE('',#886,#885,#1094,.T.);
#728=EDGE_CURVE('',#885,#874,#1095,.T.);
#729=EDGE_CURVE('',#886,#872,#1096,.T.);
#730=VERTEX_POINT('',#2411);
#731=VERTEX_POINT('',#2412);
#732=VERTEX_POINT('',#2414);
#733=VERTEX_POINT('',#2416);
#734=VERTEX_POINT('',#2420);
#735=VERTEX_POINT('',#2422);
#736=VERTEX_POINT('',#2426);
#737=VERTEX_POINT('',#2428);
#738=VERTEX_POINT('',#2432);
#739=VERTEX_POINT('',#2434);
#740=VERTEX_POINT('',#2438);
#741=VERTEX_POINT('',#2440);
#742=VERTEX_POINT('',#2444);
#743=VERTEX_POINT('',#2445);
#744=VERTEX_POINT('',#2447);
#745=VERTEX_POINT('',#2449);
#746=VERTEX_POINT('',#2453);
#747=VERTEX_POINT('',#2455);
#748=VERTEX_POINT('',#2459);
#749=VERTEX_POINT('',#2461);
#750=VERTEX_POINT('',#2465);
#751=VERTEX_POINT('',#2467);
#752=VERTEX_POINT('',#2471);
#753=VERTEX_POINT('',#2473);
#754=VERTEX_POINT('',#2485);
#755=VERTEX_POINT('',#2486);
#756=VERTEX_POINT('',#2488);
#757=VERTEX_POINT('',#2490);
#758=VERTEX_POINT('',#2494);
#759=VERTEX_POINT('',#2496);
#760=VERTEX_POINT('',#2500);
#761=VERTEX_POINT('',#2502);
#762=VERTEX_POINT('',#2506);
#763=VERTEX_POINT('',#2508);
#764=VERTEX_POINT('',#2512);
#765=VERTEX_POINT('',#2514);
#766=VERTEX_POINT('',#2524);
#767=VERTEX_POINT('',#2525);
#768=VERTEX_POINT('',#2527);
#769=VERTEX_POINT('',#2529);
#770=VERTEX_POINT('',#2532);
#771=VERTEX_POINT('',#2533);
#772=VERTEX_POINT('',#2535);
#773=VERTEX_POINT('',#2537);
#774=VERTEX_POINT('',#2541);
#775=VERTEX_POINT('',#2543);
#776=VERTEX_POINT('',#2547);
#777=VERTEX_POINT('',#2549);
#778=VERTEX_POINT('',#2558);
#779=VERTEX_POINT('',#2560);
#780=VERTEX_POINT('',#2564);
#781=VERTEX_POINT('',#2566);
#782=VERTEX_POINT('',#2576);
#783=VERTEX_POINT('',#2578);
#784=VERTEX_POINT('',#2581);
#785=VERTEX_POINT('',#2585);
#786=VERTEX_POINT('',#2588);
#787=VERTEX_POINT('',#2591);
#788=VERTEX_POINT('',#2594);
#789=VERTEX_POINT('',#2597);
#790=VERTEX_POINT('',#2601);
#791=VERTEX_POINT('',#2604);
#792=VERTEX_POINT('',#2607);
#793=VERTEX_POINT('',#2612);
#794=VERTEX_POINT('',#2614);
#795=VERTEX_POINT('',#2615);
#796=VERTEX_POINT('',#2617);
#797=VERTEX_POINT('',#2619);
#798=VERTEX_POINT('',#2622);
#799=VERTEX_POINT('',#2623);
#800=VERTEX_POINT('',#2625);
#801=VERTEX_POINT('',#2627);
#802=VERTEX_POINT('',#2631);
#803=VERTEX_POINT('',#2633);
#804=VERTEX_POINT('',#2634);
#805=VERTEX_POINT('',#2636);
#806=VERTEX_POINT('',#2638);
#807=VERTEX_POINT('',#2641);
#808=VERTEX_POINT('',#2642);
#809=VERTEX_POINT('',#2644);
#810=VERTEX_POINT('',#2646);
#811=VERTEX_POINT('',#2650);
#812=VERTEX_POINT('',#2651);
#813=VERTEX_POINT('',#2653);
#814=VERTEX_POINT('',#2655);
#815=VERTEX_POINT('',#2657);
#816=VERTEX_POINT('',#2659);
#817=VERTEX_POINT('',#2662);
#818=VERTEX_POINT('',#2663);
#819=VERTEX_POINT('',#2665);
#820=VERTEX_POINT('',#2667);
#821=VERTEX_POINT('',#2669);
#822=VERTEX_POINT('',#2671);
#823=VERTEX_POINT('',#2675);
#824=VERTEX_POINT('',#2676);
#825=VERTEX_POINT('',#2678);
#826=VERTEX_POINT('',#2680);
#827=VERTEX_POINT('',#2682);
#828=VERTEX_POINT('',#2684);
#829=VERTEX_POINT('',#2688);
#830=VERTEX_POINT('',#2689);
#831=VERTEX_POINT('',#2691);
#832=VERTEX_POINT('',#2693);
#833=VERTEX_POINT('',#2697);
#834=VERTEX_POINT('',#2699);
#835=VERTEX_POINT('',#2701);
#836=VERTEX_POINT('',#2707);
#837=VERTEX_POINT('',#2709);
#838=VERTEX_POINT('',#2710);
#839=VERTEX_POINT('',#2712);
#840=VERTEX_POINT('',#2714);
#841=VERTEX_POINT('',#2726);
#842=VERTEX_POINT('',#2728);
#843=VERTEX_POINT('',#2730);
#844=VERTEX_POINT('',#2737);
#845=VERTEX_POINT('',#2745);
#846=VERTEX_POINT('',#2746);
#847=VERTEX_POINT('',#2748);
#848=VERTEX_POINT('',#2750);
#849=VERTEX_POINT('',#2752);
#850=VERTEX_POINT('',#2754);
#851=VERTEX_POINT('',#2765);
#852=VERTEX_POINT('',#2767);
#853=VERTEX_POINT('',#2771);
#854=VERTEX_POINT('',#2775);
#855=VERTEX_POINT('',#2779);
#856=VERTEX_POINT('',#2783);
#857=VERTEX_POINT('',#2787);
#858=VERTEX_POINT('',#2789);
#859=VERTEX_POINT('',#2793);
#860=VERTEX_POINT('',#2797);
#861=VERTEX_POINT('',#2801);
#862=VERTEX_POINT('',#2805);
#863=VERTEX_POINT('',#2814);
#864=VERTEX_POINT('',#2816);
#865=VERTEX_POINT('',#2820);
#866=VERTEX_POINT('',#2824);
#867=VERTEX_POINT('',#2831);
#868=VERTEX_POINT('',#2833);
#869=VERTEX_POINT('',#2837);
#870=VERTEX_POINT('',#2841);
#871=VERTEX_POINT('',#2851);
#872=VERTEX_POINT('',#2852);
#873=VERTEX_POINT('',#2854);
#874=VERTEX_POINT('',#2856);
#875=VERTEX_POINT('',#2859);
#876=VERTEX_POINT('',#2860);
#877=VERTEX_POINT('',#2862);
#878=VERTEX_POINT('',#2864);
#879=VERTEX_POINT('',#2868);
#880=VERTEX_POINT('',#2870);
#881=VERTEX_POINT('',#2874);
#882=VERTEX_POINT('',#2876);
#883=VERTEX_POINT('',#2885);
#884=VERTEX_POINT('',#2887);
#885=VERTEX_POINT('',#2891);
#886=VERTEX_POINT('',#2893);
#887=LINE('',#2410,#1097);
#888=LINE('',#2413,#1098);
#889=LINE('',#2415,#1099);
#890=LINE('',#2417,#1100);
#891=LINE('',#2419,#1101);
#892=LINE('',#2421,#1102);
#893=LINE('',#2423,#1103);
#894=LINE('',#2425,#1104);
#895=LINE('',#2427,#1105);
#896=LINE('',#2429,#1106);
#897=LINE('',#2431,#1107);
#898=LINE('',#2433,#1108);
#899=LINE('',#2435,#1109);
#900=LINE('',#2437,#1110);
#901=LINE('',#2439,#1111);
#902=LINE('',#2441,#1112);
#903=LINE('',#2443,#1113);
#904=LINE('',#2446,#1114);
#905=LINE('',#2448,#1115);
#906=LINE('',#2450,#1116);
#907=LINE('',#2452,#1117);
#908=LINE('',#2454,#1118);
#909=LINE('',#2456,#1119);
#910=LINE('',#2458,#1120);
#911=LINE('',#2460,#1121);
#912=LINE('',#2462,#1122);
#913=LINE('',#2464,#1123);
#914=LINE('',#2466,#1124);
#915=LINE('',#2468,#1125);
#916=LINE('',#2470,#1126);
#917=LINE('',#2472,#1127);
#918=LINE('',#2474,#1128);
#919=LINE('',#2476,#1129);
#920=LINE('',#2477,#1130);
#921=LINE('',#2479,#1131);
#922=LINE('',#2480,#1132);
#923=LINE('',#2484,#1133);
#924=LINE('',#2487,#1134);
#925=LINE('',#2489,#1135);
#926=LINE('',#2491,#1136);
#927=LINE('',#2493,#1137);
#928=LINE('',#2495,#1138);
#929=LINE('',#2497,#1139);
#930=LINE('',#2499,#1140);
#931=LINE('',#2501,#1141);
#932=LINE('',#2503,#1142);
#933=LINE('',#2505,#1143);
#934=LINE('',#2507,#1144);
#935=LINE('',#2509,#1145);
#936=LINE('',#2511,#1146);
#937=LINE('',#2513,#1147);
#938=LINE('',#2515,#1148);
#939=LINE('',#2517,#1149);
#940=LINE('',#2518,#1150);
#941=LINE('',#2523,#1151);
#942=LINE('',#2526,#1152);
#943=LINE('',#2528,#1153);
#944=LINE('',#2530,#1154);
#945=LINE('',#2531,#1155);
#946=LINE('',#2534,#1156);
#947=LINE('',#2536,#1157);
#948=LINE('',#2538,#1158);
#949=LINE('',#2540,#1159);
#950=LINE('',#2542,#1160);
#951=LINE('',#2544,#1161);
#952=LINE('',#2546,#1162);
#953=LINE('',#2548,#1163);
#954=LINE('',#2550,#1164);
#955=LINE('',#2552,#1165);
#956=LINE('',#2553,#1166);
#957=LINE('',#2557,#1167);
#958=LINE('',#2559,#1168);
#959=LINE('',#2561,#1169);
#960=LINE('',#2563,#1170);
#961=LINE('',#2565,#1171);
#962=LINE('',#2567,#1172);
#963=LINE('',#2569,#1173);
#964=LINE('',#2570,#1174);
#965=LINE('',#2613,#1175);
#966=LINE('',#2616,#1176);
#967=LINE('',#2618,#1177);
#968=LINE('',#2620,#1178);
#969=LINE('',#2621,#1179);
#970=LINE('',#2624,#1180);
#971=LINE('',#2626,#1181);
#972=LINE('',#2628,#1182);
#973=LINE('',#2632,#1183);
#974=LINE('',#2635,#1184);
#975=LINE('',#2637,#1185);
#976=LINE('',#2639,#1186);
#977=LINE('',#2640,#1187);
#978=LINE('',#2643,#1188);
#979=LINE('',#2645,#1189);
#980=LINE('',#2647,#1190);
#981=LINE('',#2649,#1191);
#982=LINE('',#2652,#1192);
#983=LINE('',#2654,#1193);
#984=LINE('',#2656,#1194);
#985=LINE('',#2658,#1195);
#986=LINE('',#2660,#1196);
#987=LINE('',#2661,#1197);
#988=LINE('',#2664,#1198);
#989=LINE('',#2666,#1199);
#990=LINE('',#2668,#1200);
#991=LINE('',#2670,#1201);
#992=LINE('',#2672,#1202);
#993=LINE('',#2674,#1203);
#994=LINE('',#2677,#1204);
#995=LINE('',#2679,#1205);
#996=LINE('',#2681,#1206);
#997=LINE('',#2683,#1207);
#998=LINE('',#2685,#1208);
#999=LINE('',#2687,#1209);
#1000=LINE('',#2690,#1210);
#1001=LINE('',#2692,#1211);
#1002=LINE('',#2694,#1212);
#1003=LINE('',#2698,#1213);
#1004=LINE('',#2700,#1214);
#1005=LINE('',#2702,#1215);
#1006=LINE('',#2703,#1216);
#1007=LINE('',#2704,#1217);
#1008=LINE('',#2708,#1218);
#1009=LINE('',#2711,#1219);
#1010=LINE('',#2713,#1220);
#1011=LINE('',#2715,#1221);
#1012=LINE('',#2717,#1222);
#1013=LINE('',#2718,#1223);
#1014=LINE('',#2720,#1224);
#1015=LINE('',#2721,#1225);
#1016=LINE('',#2723,#1226);
#1017=LINE('',#2727,#1227);
#1018=LINE('',#2729,#1228);
#1019=LINE('',#2731,#1229);
#1020=LINE('',#2732,#1230);
#1021=LINE('',#2734,#1231);
#1022=LINE('',#2738,#1232);
#1023=LINE('',#2741,#1233);
#1024=LINE('',#2742,#1234);
#1025=LINE('',#2744,#1235);
#1026=LINE('',#2747,#1236);
#1027=LINE('',#2749,#1237);
#1028=LINE('',#2751,#1238);
#1029=LINE('',#2753,#1239);
#1030=LINE('',#2755,#1240);
#1031=LINE('',#2759,#1241);
#1032=LINE('',#2761,#1242);
#1033=LINE('',#2764,#1243);
#1034=LINE('',#2766,#1244);
#1035=LINE('',#2768,#1245);
#1036=LINE('',#2770,#1246);
#1037=LINE('',#2772,#1247);
#1038=LINE('',#2774,#1248);
#1039=LINE('',#2776,#1249);
#1040=LINE('',#2778,#1250);
#1041=LINE('',#2780,#1251);
#1042=LINE('',#2782,#1252);
#1043=LINE('',#2784,#1253);
#1044=LINE('',#2786,#1254);
#1045=LINE('',#2788,#1255);
#1046=LINE('',#2790,#1256);
#1047=LINE('',#2792,#1257);
#1048=LINE('',#2794,#1258);
#1049=LINE('',#2796,#1259);
#1050=LINE('',#2798,#1260);
#1051=LINE('',#2800,#1261);
#1052=LINE('',#2802,#1262);
#1053=LINE('',#2804,#1263);
#1054=LINE('',#2806,#1264);
#1055=LINE('',#2808,#1265);
#1056=LINE('',#2810,#1266);
#1057=LINE('',#2813,#1267);
#1058=LINE('',#2815,#1268);
#1059=LINE('',#2817,#1269);
#1060=LINE('',#2819,#1270);
#1061=LINE('',#2821,#1271);
#1062=LINE('',#2823,#1272);
#1063=LINE('',#2825,#1273);
#1064=LINE('',#2827,#1274);
#1065=LINE('',#2830,#1275);
#1066=LINE('',#2832,#1276);
#1067=LINE('',#2834,#1277);
#1068=LINE('',#2836,#1278);
#1069=LINE('',#2838,#1279);
#1070=LINE('',#2840,#1280);
#1071=LINE('',#2842,#1281);
#1072=LINE('',#2844,#1282);
#1073=LINE('',#2850,#1283);
#1074=LINE('',#2853,#1284);
#1075=LINE('',#2855,#1285);
#1076=LINE('',#2857,#1286);
#1077=LINE('',#2858,#1287);
#1078=LINE('',#2861,#1288);
#1079=LINE('',#2863,#1289);
#1080=LINE('',#2865,#1290);
#1081=LINE('',#2867,#1291);
#1082=LINE('',#2869,#1292);
#1083=LINE('',#2871,#1293);
#1084=LINE('',#2873,#1294);
#1085=LINE('',#2875,#1295);
#1086=LINE('',#2877,#1296);
#1087=LINE('',#2879,#1297);
#1088=LINE('',#2880,#1298);
#1089=LINE('',#2884,#1299);
#1090=LINE('',#2886,#1300);
#1091=LINE('',#2888,#1301);
#1092=LINE('',#2890,#1302);
#1093=LINE('',#2892,#1303);
#1094=LINE('',#2894,#1304);
#1095=LINE('',#2896,#1305);
#1096=LINE('',#2897,#1306);
#1097=VECTOR('',#1952,1.);
#1098=VECTOR('',#1953,1.);
#1099=VECTOR('',#1954,1.);
#1100=VECTOR('',#1955,1.);
#1101=VECTOR('',#1958,1.);
#1102=VECTOR('',#1959,1.);
#1103=VECTOR('',#1960,1.);
#1104=VECTOR('',#1963,1.);
#1105=VECTOR('',#1964,1.);
#1106=VECTOR('',#1965,1.);
#1107=VECTOR('',#1968,1.);
#1108=VECTOR('',#1969,1.);
#1109=VECTOR('',#1970,1.);
#1110=VECTOR('',#1973,1.);
#1111=VECTOR('',#1974,1.);
#1112=VECTOR('',#1975,1.);
#1113=VECTOR('',#1978,1.);
#1114=VECTOR('',#1979,1.);
#1115=VECTOR('',#1980,1.);
#1116=VECTOR('',#1981,1.);
#1117=VECTOR('',#1984,1.);
#1118=VECTOR('',#1985,1.);
#1119=VECTOR('',#1986,1.);
#1120=VECTOR('',#1989,1.);
#1121=VECTOR('',#1990,1.);
#1122=VECTOR('',#1991,1.);
#1123=VECTOR('',#1994,1.);
#1124=VECTOR('',#1995,1.);
#1125=VECTOR('',#1996,1.);
#1126=VECTOR('',#1999,1.);
#1127=VECTOR('',#2000,1.);
#1128=VECTOR('',#2001,1.);
#1129=VECTOR('',#2004,1.);
#1130=VECTOR('',#2005,1.);
#1131=VECTOR('',#2008,1.);
#1132=VECTOR('',#2009,1.);
#1133=VECTOR('',#2016,1.);
#1134=VECTOR('',#2017,1.);
#1135=VECTOR('',#2018,1.);
#1136=VECTOR('',#2019,1.);
#1137=VECTOR('',#2022,1.);
#1138=VECTOR('',#2023,1.);
#1139=VECTOR('',#2024,1.);
#1140=VECTOR('',#2027,1.);
#1141=VECTOR('',#2028,1.);
#1142=VECTOR('',#2029,1.);
#1143=VECTOR('',#2032,1.);
#1144=VECTOR('',#2033,1.);
#1145=VECTOR('',#2034,1.);
#1146=VECTOR('',#2037,1.);
#1147=VECTOR('',#2038,1.);
#1148=VECTOR('',#2039,1.);
#1149=VECTOR('',#2042,1.);
#1150=VECTOR('',#2043,1.);
#1151=VECTOR('',#2052,1.);
#1152=VECTOR('',#2053,1.);
#1153=VECTOR('',#2054,1.);
#1154=VECTOR('',#2055,1.);
#1155=VECTOR('',#2056,1.);
#1156=VECTOR('',#2057,1.);
#1157=VECTOR('',#2058,1.);
#1158=VECTOR('',#2059,1.);
#1159=VECTOR('',#2062,1.);
#1160=VECTOR('',#2063,1.);
#1161=VECTOR('',#2064,1.);
#1162=VECTOR('',#2067,1.);
#1163=VECTOR('',#2068,1.);
#1164=VECTOR('',#2069,1.);
#1165=VECTOR('',#2072,1.);
#1166=VECTOR('',#2073,1.);
#1167=VECTOR('',#2080,1.);
#1168=VECTOR('',#2081,1.);
#1169=VECTOR('',#2082,1.);
#1170=VECTOR('',#2085,1.);
#1171=VECTOR('',#2086,1.);
#1172=VECTOR('',#2087,1.);
#1173=VECTOR('',#2090,1.);
#1174=VECTOR('',#2091,1.);
#1175=VECTOR('',#2152,1.);
#1176=VECTOR('',#2153,1.);
#1177=VECTOR('',#2154,1.);
#1178=VECTOR('',#2155,1.);
#1179=VECTOR('',#2156,1.);
#1180=VECTOR('',#2157,1.);
#1181=VECTOR('',#2158,1.);
#1182=VECTOR('',#2159,1.);
#1183=VECTOR('',#2164,1.);
#1184=VECTOR('',#2165,1.);
#1185=VECTOR('',#2166,1.);
#1186=VECTOR('',#2167,1.);
#1187=VECTOR('',#2168,1.);
#1188=VECTOR('',#2169,1.);
#1189=VECTOR('',#2170,1.);
#1190=VECTOR('',#2171,1.);
#1191=VECTOR('',#2174,1.);
#1192=VECTOR('',#2175,1.);
#1193=VECTOR('',#2176,1.);
#1194=VECTOR('',#2177,1.);
#1195=VECTOR('',#2178,1.);
#1196=VECTOR('',#2179,1.);
#1197=VECTOR('',#2180,1.);
#1198=VECTOR('',#2181,1.);
#1199=VECTOR('',#2182,1.);
#1200=VECTOR('',#2183,1.);
#1201=VECTOR('',#2184,1.);
#1202=VECTOR('',#2185,1.);
#1203=VECTOR('',#2188,1.);
#1204=VECTOR('',#2189,1.);
#1205=VECTOR('',#2190,1.);
#1206=VECTOR('',#2191,1.);
#1207=VECTOR('',#2192,1.);
#1208=VECTOR('',#2193,1.);
#1209=VECTOR('',#2196,1.);
#1210=VECTOR('',#2197,1.);
#1211=VECTOR('',#2198,1.);
#1212=VECTOR('',#2199,1.);
#1213=VECTOR('',#2204,1.);
#1214=VECTOR('',#2205,1.);
#1215=VECTOR('',#2206,1.);
#1216=VECTOR('',#2207,1.);
#1217=VECTOR('',#2208,1.);
#1218=VECTOR('',#2213,1.);
#1219=VECTOR('',#2214,1.);
#1220=VECTOR('',#2215,1.);
#1221=VECTOR('',#2216,1.);
#1222=VECTOR('',#2219,1.);
#1223=VECTOR('',#2220,1.);
#1224=VECTOR('',#2223,1.);
#1225=VECTOR('',#2224,1.);
#1226=VECTOR('',#2227,1.);
#1227=VECTOR('',#2232,1.);
#1228=VECTOR('',#2233,1.);
#1229=VECTOR('',#2234,1.);
#1230=VECTOR('',#2235,1.);
#1231=VECTOR('',#2238,1.);
#1232=VECTOR('',#2243,1.);
#1233=VECTOR('',#2248,1.);
#1234=VECTOR('',#2249,1.);
#1235=VECTOR('',#2252,1.);
#1236=VECTOR('',#2253,1.);
#1237=VECTOR('',#2254,1.);
#1238=VECTOR('',#2255,1.);
#1239=VECTOR('',#2256,1.);
#1240=VECTOR('',#2257,1.);
#1241=VECTOR('',#2264,1.);
#1242=VECTOR('',#2267,1.);
#1243=VECTOR('',#2272,1.);
#1244=VECTOR('',#2273,1.);
#1245=VECTOR('',#2274,1.);
#1246=VECTOR('',#2277,1.);
#1247=VECTOR('',#2278,1.);
#1248=VECTOR('',#2281,1.);
#1249=VECTOR('',#2282,1.);
#1250=VECTOR('',#2285,1.);
#1251=VECTOR('',#2286,1.);
#1252=VECTOR('',#2289,1.);
#1253=VECTOR('',#2290,1.);
#1254=VECTOR('',#2293,1.);
#1255=VECTOR('',#2294,1.);
#1256=VECTOR('',#2295,1.);
#1257=VECTOR('',#2298,1.);
#1258=VECTOR('',#2299,1.);
#1259=VECTOR('',#2302,1.);
#1260=VECTOR('',#2303,1.);
#1261=VECTOR('',#2306,1.);
#1262=VECTOR('',#2307,1.);
#1263=VECTOR('',#2310,1.);
#1264=VECTOR('',#2311,1.);
#1265=VECTOR('',#2314,1.);
#1266=VECTOR('',#2317,1.);
#1267=VECTOR('',#2322,1.);
#1268=VECTOR('',#2323,1.);
#1269=VECTOR('',#2324,1.);
#1270=VECTOR('',#2327,1.);
#1271=VECTOR('',#2328,1.);
#1272=VECTOR('',#2331,1.);
#1273=VECTOR('',#2332,1.);
#1274=VECTOR('',#2335,1.);
#1275=VECTOR('',#2340,1.);
#1276=VECTOR('',#2341,1.);
#1277=VECTOR('',#2342,1.);
#1278=VECTOR('',#2345,1.);
#1279=VECTOR('',#2346,1.);
#1280=VECTOR('',#2349,1.);
#1281=VECTOR('',#2350,1.);
#1282=VECTOR('',#2353,1.);
#1283=VECTOR('',#2364,1.);
#1284=VECTOR('',#2365,1.);
#1285=VECTOR('',#2366,1.);
#1286=VECTOR('',#2367,1.);
#1287=VECTOR('',#2368,1.);
#1288=VECTOR('',#2369,1.);
#1289=VECTOR('',#2370,1.);
#1290=VECTOR('',#2371,1.);
#1291=VECTOR('',#2374,1.);
#1292=VECTOR('',#2375,1.);
#1293=VECTOR('',#2376,1.);
#1294=VECTOR('',#2379,1.);
#1295=VECTOR('',#2380,1.);
#1296=VECTOR('',#2381,1.);
#1297=VECTOR('',#2384,1.);
#1298=VECTOR('',#2385,1.);
#1299=VECTOR('',#2392,1.);
#1300=VECTOR('',#2393,1.);
#1301=VECTOR('',#2394,1.);
#1302=VECTOR('',#2397,1.);
#1303=VECTOR('',#2398,1.);
#1304=VECTOR('',#2399,1.);
#1305=VECTOR('',#2402,1.);
#1306=VECTOR('',#2403,1.);
#1307=EDGE_LOOP('',(#49,#50,#51,#52));
#1308=EDGE_LOOP('',(#53,#54,#55,#56));
#1309=EDGE_LOOP('',(#57,#58,#59,#60));
#1310=EDGE_LOOP('',(#61,#62,#63,#64));
#1311=EDGE_LOOP('',(#65,#66,#67,#68));
#1312=EDGE_LOOP('',(#69,#70,#71,#72));
#1313=EDGE_LOOP('',(#73,#74,#75,#76));
#1314=EDGE_LOOP('',(#77,#78,#79,#80));
#1315=EDGE_LOOP('',(#81,#82,#83,#84));
#1316=EDGE_LOOP('',(#85,#86,#87,#88));
#1317=EDGE_LOOP('',(#89,#90,#91,#92));
#1318=EDGE_LOOP('',(#93,#94,#95,#96));
#1319=EDGE_LOOP('',(#97,#98,#99,#100,#101,#102));
#1320=EDGE_LOOP('',(#103,#104,#105,#106,#107,#108));
#1321=EDGE_LOOP('',(#109,#110,#111,#112,#113,#114));
#1322=EDGE_LOOP('',(#115,#116,#117,#118));
#1323=EDGE_LOOP('',(#119,#120,#121,#122));
#1324=EDGE_LOOP('',(#123,#124,#125,#126));
#1325=EDGE_LOOP('',(#127,#128,#129,#130));
#1326=EDGE_LOOP('',(#131,#132,#133,#134));
#1327=EDGE_LOOP('',(#135,#136,#137,#138));
#1328=EDGE_LOOP('',(#139,#140,#141,#142,#143,#144));
#1329=EDGE_LOOP('',(#145,#146,#147,#148,#149,#150));
#1330=EDGE_LOOP('',(#151,#152,#153,#154,#155,#156));
#1331=EDGE_LOOP('',(#157,#158,#159,#160));
#1332=EDGE_LOOP('',(#161,#162,#163,#164));
#1333=EDGE_LOOP('',(#165,#166,#167,#168));
#1334=EDGE_LOOP('',(#169,#170,#171,#172));
#1335=EDGE_LOOP('',(#173,#174,#175,#176));
#1336=EDGE_LOOP('',(#177,#178,#179,#180));
#1337=EDGE_LOOP('',(#181,#182,#183,#184));
#1338=EDGE_LOOP('',(#185,#186,#187,#188));
#1339=EDGE_LOOP('',(#189,#190,#191,#192));
#1340=EDGE_LOOP('',(#193,#194,#195,#196));
#1341=EDGE_LOOP('',(#197,#198,#199,#200));
#1342=EDGE_LOOP('',(#201,#202,#203,#204));
#1343=EDGE_LOOP('',(#205));
#1344=EDGE_LOOP('',(#206));
#1345=EDGE_LOOP('',(#207));
#1346=EDGE_LOOP('',(#208));
#1347=EDGE_LOOP('',(#209));
#1348=EDGE_LOOP('',(#210));
#1349=EDGE_LOOP('',(#211));
#1350=EDGE_LOOP('',(#212));
#1351=EDGE_LOOP('',(#213));
#1352=EDGE_LOOP('',(#214));
#1353=EDGE_LOOP('',(#215));
#1354=EDGE_LOOP('',(#216));
#1355=EDGE_LOOP('',(#217));
#1356=EDGE_LOOP('',(#218));
#1357=EDGE_LOOP('',(#219));
#1358=EDGE_LOOP('',(#220));
#1359=EDGE_LOOP('',(#221));
#1360=EDGE_LOOP('',(#222));
#1361=EDGE_LOOP('',(#223));
#1362=EDGE_LOOP('',(#224));
#1363=EDGE_LOOP('',(#225));
#1364=EDGE_LOOP('',(#226));
#1365=EDGE_LOOP('',(#227));
#1366=EDGE_LOOP('',(#228,#229,#230,#231));
#1367=EDGE_LOOP('',(#232,#233,#234,#235));
#1368=EDGE_LOOP('',(#236));
#1369=EDGE_LOOP('',(#237,#238,#239,#240));
#1370=EDGE_LOOP('',(#241,#242,#243,#244));
#1371=EDGE_LOOP('',(#245,#246,#247,#248,#249,#250));
#1372=EDGE_LOOP('',(#251,#252,#253,#254,#255,#256));
#1373=EDGE_LOOP('',(#257,#258,#259,#260,#261,#262));
#1374=EDGE_LOOP('',(#263,#264,#265,#266));
#1375=EDGE_LOOP('',(#267));
#1376=EDGE_LOOP('',(#268,#269,#270,#271,#272,#273,#274,#275));
#1377=EDGE_LOOP('',(#276));
#1378=EDGE_LOOP('',(#277,#278,#279,#280));
#1379=EDGE_LOOP('',(#281,#282,#283,#284));
#1380=EDGE_LOOP('',(#285,#286,#287,#288));
#1381=EDGE_LOOP('',(#289,#290,#291,#292));
#1382=EDGE_LOOP('',(#293));
#1383=EDGE_LOOP('',(#294,#295,#296,#297,#298,#299,#300,#301));
#1384=EDGE_LOOP('',(#302,#303,#304,#305));
#1385=EDGE_LOOP('',(#306));
#1386=EDGE_LOOP('',(#307,#308,#309,#310));
#1387=EDGE_LOOP('',(#311,#312,#313,#314));
#1388=EDGE_LOOP('',(#315,#316,#317,#318));
#1389=EDGE_LOOP('',(#319,#320,#321,#322,#323,#324));
#1390=EDGE_LOOP('',(#325,#326,#327,#328,#329,#330));
#1391=EDGE_LOOP('',(#331,#332,#333,#334,#335,#336));
#1392=EDGE_LOOP('',(#337));
#1393=EDGE_LOOP('',(#338));
#1394=EDGE_LOOP('',(#339,#340,#341,#342));
#1395=EDGE_LOOP('',(#343,#344,#345,#346));
#1396=EDGE_LOOP('',(#347,#348,#349,#350));
#1397=EDGE_LOOP('',(#351,#352,#353,#354));
#1398=EDGE_LOOP('',(#355,#356,#357,#358));
#1399=EDGE_LOOP('',(#359,#360,#361,#362));
#1400=EDGE_LOOP('',(#363,#364,#365,#366));
#1401=EDGE_LOOP('',(#367,#368,#369,#370));
#1402=EDGE_LOOP('',(#371,#372,#373,#374));
#1403=EDGE_LOOP('',(#375,#376,#377,#378));
#1404=EDGE_LOOP('',(#379,#380,#381,#382));
#1405=EDGE_LOOP('',(#383,#384,#385,#386));
#1406=EDGE_LOOP('',(#387,#388,#389,#390));
#1407=EDGE_LOOP('',(#391,#392,#393,#394));
#1408=EDGE_LOOP('',(#395,#396,#397,#398));
#1409=EDGE_LOOP('',(#399,#400,#401,#402,#403,#404));
#1410=EDGE_LOOP('',(#405,#406,#407,#408,#409,#410));
#1411=EDGE_LOOP('',(#411,#412,#413,#414));
#1412=EDGE_LOOP('',(#415,#416,#417,#418));
#1413=EDGE_LOOP('',(#419,#420,#421,#422));
#1414=EDGE_LOOP('',(#423,#424,#425,#426));
#1415=EDGE_LOOP('',(#427,#428,#429,#430));
#1416=EDGE_LOOP('',(#431,#432,#433,#434));
#1417=EDGE_LOOP('',(#435,#436,#437,#438));
#1418=EDGE_LOOP('',(#439,#440,#441,#442));
#1419=EDGE_LOOP('',(#443,#444,#445,#446));
#1420=EDGE_LOOP('',(#447,#448,#449,#450));
#1421=EDGE_LOOP('',(#451));
#1422=EDGE_LOOP('',(#452));
#1423=EDGE_LOOP('',(#453));
#1424=EDGE_LOOP('',(#454));
#1425=EDGE_LOOP('',(#455,#456,#457,#458));
#1426=EDGE_LOOP('',(#459,#460,#461,#462));
#1427=EDGE_LOOP('',(#463,#464,#465,#466));
#1428=EDGE_LOOP('',(#467,#468,#469,#470));
#1429=EDGE_LOOP('',(#471,#472,#473,#474));
#1430=EDGE_LOOP('',(#475,#476,#477,#478));
#1431=EDGE_LOOP('',(#479,#480,#481,#482));
#1432=EDGE_LOOP('',(#483,#484,#485,#486));
#1433=EDGE_LOOP('',(#487,#488,#489,#490));
#1434=EDGE_LOOP('',(#491,#492,#493,#494));
#1435=EDGE_LOOP('',(#495,#496,#497,#498));
#1436=EDGE_LOOP('',(#499,#500,#501,#502));
#1437=FACE_BOUND('',#1307,.T.);
#1438=FACE_BOUND('',#1308,.T.);
#1439=FACE_BOUND('',#1309,.T.);
#1440=FACE_BOUND('',#1310,.T.);
#1441=FACE_BOUND('',#1311,.T.);
#1442=FACE_BOUND('',#1312,.T.);
#1443=FACE_BOUND('',#1313,.T.);
#1444=FACE_BOUND('',#1314,.T.);
#1445=FACE_BOUND('',#1315,.T.);
#1446=FACE_BOUND('',#1316,.T.);
#1447=FACE_BOUND('',#1317,.T.);
#1448=FACE_BOUND('',#1318,.T.);
#1449=FACE_BOUND('',#1319,.T.);
#1450=FACE_BOUND('',#1320,.T.);
#1451=FACE_BOUND('',#1321,.T.);
#1452=FACE_BOUND('',#1322,.T.);
#1453=FACE_BOUND('',#1323,.T.);
#1454=FACE_BOUND('',#1324,.T.);
#1455=FACE_BOUND('',#1325,.T.);
#1456=FACE_BOUND('',#1326,.T.);
#1457=FACE_BOUND('',#1327,.T.);
#1458=FACE_BOUND('',#1328,.T.);
#1459=FACE_BOUND('',#1329,.T.);
#1460=FACE_BOUND('',#1330,.T.);
#1461=FACE_BOUND('',#1331,.T.);
#1462=FACE_BOUND('',#1332,.T.);
#1463=FACE_BOUND('',#1333,.T.);
#1464=FACE_BOUND('',#1334,.T.);
#1465=FACE_BOUND('',#1335,.T.);
#1466=FACE_BOUND('',#1336,.T.);
#1467=FACE_BOUND('',#1337,.T.);
#1468=FACE_BOUND('',#1338,.T.);
#1469=FACE_BOUND('',#1339,.T.);
#1470=FACE_BOUND('',#1340,.T.);
#1471=FACE_BOUND('',#1341,.T.);
#1472=FACE_BOUND('',#1342,.T.);
#1473=FACE_BOUND('',#1343,.T.);
#1474=FACE_BOUND('',#1344,.T.);
#1475=FACE_BOUND('',#1345,.T.);
#1476=FACE_BOUND('',#1346,.T.);
#1477=FACE_BOUND('',#1347,.T.);
#1478=FACE_BOUND('',#1348,.T.);
#1479=FACE_BOUND('',#1349,.T.);
#1480=FACE_BOUND('',#1350,.T.);
#1481=FACE_BOUND('',#1351,.T.);
#1482=FACE_BOUND('',#1352,.T.);
#1483=FACE_BOUND('',#1353,.T.);
#1484=FACE_BOUND('',#1354,.T.);
#1485=FACE_BOUND('',#1355,.T.);
#1486=FACE_BOUND('',#1356,.T.);
#1487=FACE_BOUND('',#1357,.T.);
#1488=FACE_BOUND('',#1358,.T.);
#1489=FACE_BOUND('',#1359,.T.);
#1490=FACE_BOUND('',#1360,.T.);
#1491=FACE_BOUND('',#1361,.T.);
#1492=FACE_BOUND('',#1362,.T.);
#1493=FACE_BOUND('',#1363,.T.);
#1494=FACE_BOUND('',#1364,.T.);
#1495=FACE_BOUND('',#1365,.T.);
#1496=FACE_BOUND('',#1366,.T.);
#1497=FACE_BOUND('',#1367,.T.);
#1498=FACE_BOUND('',#1368,.T.);
#1499=FACE_BOUND('',#1369,.T.);
#1500=FACE_BOUND('',#1370,.T.);
#1501=FACE_BOUND('',#1371,.T.);
#1502=FACE_BOUND('',#1372,.T.);
#1503=FACE_BOUND('',#1373,.T.);
#1504=FACE_BOUND('',#1374,.T.);
#1505=FACE_BOUND('',#1375,.T.);
#1506=FACE_BOUND('',#1376,.T.);
#1507=FACE_BOUND('',#1377,.T.);
#1508=FACE_BOUND('',#1378,.T.);
#1509=FACE_BOUND('',#1379,.T.);
#1510=FACE_BOUND('',#1380,.T.);
#1511=FACE_BOUND('',#1381,.T.);
#1512=FACE_BOUND('',#1382,.T.);
#1513=FACE_BOUND('',#1383,.T.);
#1514=FACE_BOUND('',#1384,.T.);
#1515=FACE_BOUND('',#1385,.T.);
#1516=FACE_BOUND('',#1386,.T.);
#1517=FACE_BOUND('',#1387,.T.);
#1518=FACE_BOUND('',#1388,.T.);
#1519=FACE_BOUND('',#1389,.T.);
#1520=FACE_BOUND('',#1390,.T.);
#1521=FACE_BOUND('',#1391,.T.);
#1522=FACE_BOUND('',#1392,.T.);
#1523=FACE_BOUND('',#1393,.T.);
#1524=FACE_BOUND('',#1394,.T.);
#1525=FACE_BOUND('',#1395,.T.);
#1526=FACE_BOUND('',#1396,.T.);
#1527=FACE_BOUND('',#1397,.T.);
#1528=FACE_BOUND('',#1398,.T.);
#1529=FACE_BOUND('',#1399,.T.);
#1530=FACE_BOUND('',#1400,.T.);
#1531=FACE_BOUND('',#1401,.T.);
#1532=FACE_BOUND('',#1402,.T.);
#1533=FACE_BOUND('',#1403,.T.);
#1534=FACE_BOUND('',#1404,.T.);
#1535=FACE_BOUND('',#1405,.T.);
#1536=FACE_BOUND('',#1406,.T.);
#1537=FACE_BOUND('',#1407,.T.);
#1538=FACE_BOUND('',#1408,.T.);
#1539=FACE_BOUND('',#1409,.T.);
#1540=FACE_BOUND('',#1410,.T.);
#1541=FACE_BOUND('',#1411,.T.);
#1542=FACE_BOUND('',#1412,.T.);
#1543=FACE_BOUND('',#1413,.T.);
#1544=FACE_BOUND('',#1414,.T.);
#1545=FACE_BOUND('',#1415,.T.);
#1546=FACE_BOUND('',#1416,.T.);
#1547=FACE_BOUND('',#1417,.T.);
#1548=FACE_BOUND('',#1418,.T.);
#1549=FACE_BOUND('',#1419,.T.);
#1550=FACE_BOUND('',#1420,.T.);
#1551=FACE_BOUND('',#1421,.T.);
#1552=FACE_BOUND('',#1422,.T.);
#1553=FACE_BOUND('',#1423,.T.);
#1554=FACE_BOUND('',#1424,.T.);
#1555=FACE_BOUND('',#1425,.T.);
#1556=FACE_BOUND('',#1426,.T.);
#1557=FACE_BOUND('',#1427,.T.);
#1558=FACE_BOUND('',#1428,.T.);
#1559=FACE_BOUND('',#1429,.T.);
#1560=FACE_BOUND('',#1430,.T.);
#1561=FACE_BOUND('',#1431,.T.);
#1562=FACE_BOUND('',#1432,.T.);
#1563=FACE_BOUND('',#1433,.T.);
#1564=FACE_BOUND('',#1434,.T.);
#1565=FACE_BOUND('',#1435,.T.);
#1566=FACE_BOUND('',#1436,.T.);
#1567=PLANE('',#1824);
#1568=PLANE('',#1825);
#1569=PLANE('',#1826);
#1570=PLANE('',#1827);
#1571=PLANE('',#1828);
#1572=PLANE('',#1829);
#1573=PLANE('',#1830);
#1574=PLANE('',#1831);
#1575=PLANE('',#1832);
#1576=PLANE('',#1833);
#1577=PLANE('',#1834);
#1578=PLANE('',#1835);
#1579=PLANE('',#1836);
#1580=PLANE('',#1837);
#1581=PLANE('',#1838);
#1582=PLANE('',#1839);
#1583=PLANE('',#1840);
#1584=PLANE('',#1841);
#1585=PLANE('',#1842);
#1586=PLANE('',#1843);
#1587=PLANE('',#1844);
#1588=PLANE('',#1845);
#1589=PLANE('',#1847);
#1590=PLANE('',#1848);
#1591=PLANE('',#1849);
#1592=PLANE('',#1850);
#1593=PLANE('',#1851);
#1594=PLANE('',#1852);
#1595=PLANE('',#1853);
#1596=PLANE('',#1854);
#1597=PLANE('',#1855);
#1598=PLANE('',#1856);
#1599=PLANE('',#1857);
#1600=PLANE('',#1862);
#1601=PLANE('',#1864);
#1602=PLANE('',#1871);
#1603=PLANE('',#1873);
#1604=PLANE('',#1876);
#1605=PLANE('',#1878);
#1606=PLANE('',#1884);
#1607=PLANE('',#1886);
#1608=PLANE('',#1888);
#1609=PLANE('',#1889);
#1610=PLANE('',#1890);
#1611=PLANE('',#1891);
#1612=PLANE('',#1893);
#1613=PLANE('',#1895);
#1614=PLANE('',#1896);
#1615=PLANE('',#1897);
#1616=PLANE('',#1898);
#1617=PLANE('',#1900);
#1618=PLANE('',#1901);
#1619=PLANE('',#1903);
#1620=PLANE('',#1904);
#1621=PLANE('',#1905);
#1622=PLANE('',#1906);
#1623=PLANE('',#1908);
#1624=PLANE('',#1909);
#1625=PLANE('',#1910);
#1626=PLANE('',#1911);
#1627=PLANE('',#1912);
#1628=PLANE('',#1913);
#1629=PLANE('',#1914);
#1630=PLANE('',#1915);
#1631=PLANE('',#1916);
#1632=PLANE('',#1917);
#1633=PLANE('',#1918);
#1634=PLANE('',#1919);
#1635=PLANE('',#1920);
#1636=PLANE('',#1921);
#1637=PLANE('',#1922);
#1638=PLANE('',#1923);
#1639=PLANE('',#1924);
#1640=PLANE('',#1925);
#1641=PLANE('',#1926);
#1642=PLANE('',#1927);
#1643=PLANE('',#1928);
#1644=PLANE('',#1929);
#1645=PLANE('',#1930);
#1646=PLANE('',#1931);
#1647=PLANE('',#1932);
#1648=PLANE('',#1933);
#1649=PLANE('',#1937);
#1650=PLANE('',#1938);
#1651=PLANE('',#1939);
#1652=PLANE('',#1940);
#1653=PLANE('',#1941);
#1654=PLANE('',#1942);
#1655=PLANE('',#1943);
#1656=PLANE('',#1944);
#1657=PLANE('',#1945);
#1658=PLANE('',#1946);
#1659=PLANE('',#1947);
#1660=ADVANCED_FACE('',(#1437),#1567,.T.);
#1661=ADVANCED_FACE('',(#1438),#1568,.T.);
#1662=ADVANCED_FACE('',(#1439),#1569,.T.);
#1663=ADVANCED_FACE('',(#1440),#1570,.T.);
#1664=ADVANCED_FACE('',(#1441),#1571,.T.);
#1665=ADVANCED_FACE('',(#1442),#1572,.F.);
#1666=ADVANCED_FACE('',(#1443),#1573,.F.);
#1667=ADVANCED_FACE('',(#1444),#1574,.F.);
#1668=ADVANCED_FACE('',(#1445),#1575,.F.);
#1669=ADVANCED_FACE('',(#1446),#1576,.F.);
#1670=ADVANCED_FACE('',(#1447),#1577,.F.);
#1671=ADVANCED_FACE('',(#1448),#1578,.T.);
#1672=ADVANCED_FACE('',(#1449,#1450),#1579,.T.);
#1673=ADVANCED_FACE('',(#1451),#1580,.F.);
#1674=ADVANCED_FACE('',(#1452),#1581,.F.);
#1675=ADVANCED_FACE('',(#1453),#1582,.F.);
#1676=ADVANCED_FACE('',(#1454),#1583,.T.);
#1677=ADVANCED_FACE('',(#1455),#1584,.T.);
#1678=ADVANCED_FACE('',(#1456),#1585,.T.);
#1679=ADVANCED_FACE('',(#1457),#1586,.T.);
#1680=ADVANCED_FACE('',(#1458),#1587,.T.);
#1681=ADVANCED_FACE('',(#1459,#1460),#1588,.F.);
#1682=ADVANCED_FACE('',(#1461,#1462),#1589,.F.);
#1683=ADVANCED_FACE('',(#1463),#1590,.T.);
#1684=ADVANCED_FACE('',(#1464),#1591,.T.);
#1685=ADVANCED_FACE('',(#1465),#1592,.T.);
#1686=ADVANCED_FACE('',(#1466),#1593,.F.);
#1687=ADVANCED_FACE('',(#1467),#1594,.T.);
#1688=ADVANCED_FACE('',(#1468),#1595,.T.);
#1689=ADVANCED_FACE('',(#1469),#1596,.F.);
#1690=ADVANCED_FACE('',(#1470),#1597,.F.);
#1691=ADVANCED_FACE('',(#1471),#1598,.F.);
#1692=ADVANCED_FACE('',(#1472),#1599,.T.);
#1693=ADVANCED_FACE('',(#1473,#1474),#30,.T.);
#1694=ADVANCED_FACE('',(#1475,#1476),#1600,.T.);
#1695=ADVANCED_FACE('',(#1477),#1601,.F.);
#1696=ADVANCED_FACE('',(#1478,#1479),#31,.T.);
#1697=ADVANCED_FACE('',(#1480,#1481),#11,.T.);
#1698=ADVANCED_FACE('',(#1482,#1483),#32,.T.);
#1699=ADVANCED_FACE('',(#1484,#1485),#1602,.T.);
#1700=ADVANCED_FACE('',(#1486),#1603,.T.);
#1701=ADVANCED_FACE('',(#1487,#1488),#33,.T.);
#1702=ADVANCED_FACE('',(#1489),#1604,.F.);
#1703=ADVANCED_FACE('',(#1490),#1605,.T.);
#1704=ADVANCED_FACE('',(#1491,#1492),#12,.F.);
#1705=ADVANCED_FACE('',(#1493,#1494),#34,.F.);
#1706=ADVANCED_FACE('',(#1495,#1496,#1497),#1606,.T.);
#1707=ADVANCED_FACE('',(#1498,#1499,#1500),#1607,.T.);
#1708=ADVANCED_FACE('',(#1501,#1502),#1608,.T.);
#1709=ADVANCED_FACE('',(#1503),#1609,.F.);
#1710=ADVANCED_FACE('',(#1504),#1610,.F.);
#1711=ADVANCED_FACE('',(#1505,#1506),#1611,.F.);
#1712=ADVANCED_FACE('',(#1507,#1508),#1612,.T.);
#1713=ADVANCED_FACE('',(#1509),#1613,.T.);
#1714=ADVANCED_FACE('',(#1510),#1614,.T.);
#1715=ADVANCED_FACE('',(#1511),#1615,.F.);
#1716=ADVANCED_FACE('',(#1512,#1513),#1616,.T.);
#1717=ADVANCED_FACE('',(#1514),#1617,.F.);
#1718=ADVANCED_FACE('',(#1515,#1516),#1618,.F.);
#1719=ADVANCED_FACE('',(#1517),#1619,.F.);
#1720=ADVANCED_FACE('',(#1518),#1620,.F.);
#1721=ADVANCED_FACE('',(#1519,#1520),#1621,.T.);
#1722=ADVANCED_FACE('',(#1521),#1622,.T.);
#1723=ADVANCED_FACE('',(#1522,#1523),#35,.F.);
#1724=ADVANCED_FACE('',(#1524),#1623,.F.);
#1725=ADVANCED_FACE('',(#1525),#1624,.F.);
#1726=ADVANCED_FACE('',(#1526),#1625,.T.);
#1727=ADVANCED_FACE('',(#1527),#1626,.F.);
#1728=ADVANCED_FACE('',(#1528),#1627,.F.);
#1729=ADVANCED_FACE('',(#1529),#1628,.F.);
#1730=ADVANCED_FACE('',(#1530),#1629,.F.);
#1731=ADVANCED_FACE('',(#1531),#1630,.F.);
#1732=ADVANCED_FACE('',(#1532),#1631,.T.);
#1733=ADVANCED_FACE('',(#1533),#1632,.T.);
#1734=ADVANCED_FACE('',(#1534),#1633,.T.);
#1735=ADVANCED_FACE('',(#1535),#1634,.T.);
#1736=ADVANCED_FACE('',(#1536),#1635,.T.);
#1737=ADVANCED_FACE('',(#1537),#1636,.T.);
#1738=ADVANCED_FACE('',(#1538),#1637,.F.);
#1739=ADVANCED_FACE('',(#1539,#1540),#1638,.T.);
#1740=ADVANCED_FACE('',(#1541),#1639,.T.);
#1741=ADVANCED_FACE('',(#1542),#1640,.F.);
#1742=ADVANCED_FACE('',(#1543),#1641,.F.);
#1743=ADVANCED_FACE('',(#1544),#1642,.T.);
#1744=ADVANCED_FACE('',(#1545),#1643,.T.);
#1745=ADVANCED_FACE('',(#1546),#1644,.T.);
#1746=ADVANCED_FACE('',(#1547),#1645,.F.);
#1747=ADVANCED_FACE('',(#1548),#1646,.F.);
#1748=ADVANCED_FACE('',(#1549),#1647,.T.);
#1749=ADVANCED_FACE('',(#1550),#1648,.T.);
#1750=ADVANCED_FACE('',(#1551,#1552),#36,.F.);
#1751=ADVANCED_FACE('',(#1553,#1554),#37,.F.);
#1752=ADVANCED_FACE('',(#1555,#1556),#1649,.T.);
#1753=ADVANCED_FACE('',(#1557),#1650,.F.);
#1754=ADVANCED_FACE('',(#1558),#1651,.F.);
#1755=ADVANCED_FACE('',(#1559),#1652,.F.);
#1756=ADVANCED_FACE('',(#1560),#1653,.F.);
#1757=ADVANCED_FACE('',(#1561),#1654,.T.);
#1758=ADVANCED_FACE('',(#1562),#1655,.F.);
#1759=ADVANCED_FACE('',(#1563),#1656,.T.);
#1760=ADVANCED_FACE('',(#1564),#1657,.T.);
#1761=ADVANCED_FACE('',(#1565),#1658,.F.);
#1762=ADVANCED_FACE('',(#1566),#1659,.T.);
#1763=CLOSED_SHELL('',(#1660,#1661,#1662,#1663,#1664,#1665,#1666,#1667,
#1668,#1669,#1670,#1671,#1672,#1673,#1674,#1675,#1676,#1677,#1678,#1679,
#1680,#1681));
#1764=CLOSED_SHELL('',(#1682,#1683,#1684,#1685,#1686,#1687,#1688,#1689,
#1690,#1691,#1692));
#1765=CLOSED_SHELL('',(#1693,#1694,#1695,#1696,#1697,#1698,#1699,#1700,
#1701));
#1766=CLOSED_SHELL('',(#1702,#1703,#1704,#1705));
#1767=CLOSED_SHELL('',(#1706,#1707,#1708,#1709,#1710,#1711,#1712,#1713,
#1714,#1715,#1716,#1717,#1718,#1719,#1720,#1721,#1722,#1723,#1724,#1725,
#1726,#1727,#1728,#1729,#1730,#1731,#1732,#1733,#1734,#1735,#1736,#1737,
#1738,#1739,#1740,#1741,#1742,#1743,#1744,#1745,#1746,#1747,#1748,#1749,
#1750,#1751));
#1768=CLOSED_SHELL('',(#1752,#1753,#1754,#1755,#1756,#1757,#1758,#1759,
#1760,#1761,#1762));
#1769=STYLED_ITEM('',(#1774),#1809);
#1770=STYLED_ITEM('',(#1775),#1810);
#1771=STYLED_ITEM('',(#1776),#38);
#1772=STYLED_ITEM('',(#1777),#1811);
#1773=STYLED_ITEM('',(#1778),#1812);
#1774=PRESENTATION_STYLE_ASSIGNMENT((#1779));
#1775=PRESENTATION_STYLE_ASSIGNMENT((#1780));
#1776=PRESENTATION_STYLE_ASSIGNMENT((#1781));
#1777=PRESENTATION_STYLE_ASSIGNMENT((#1782));
#1778=PRESENTATION_STYLE_ASSIGNMENT((#1783));
#1779=SURFACE_STYLE_USAGE(.BOTH.,#1784);
#1780=SURFACE_STYLE_USAGE(.BOTH.,#1785);
#1781=SURFACE_STYLE_USAGE(.BOTH.,#1786);
#1782=SURFACE_STYLE_USAGE(.BOTH.,#1787);
#1783=SURFACE_STYLE_USAGE(.BOTH.,#1788);
#1784=SURFACE_SIDE_STYLE('',(#1789));
#1785=SURFACE_SIDE_STYLE('',(#1790));
#1786=SURFACE_SIDE_STYLE('',(#1791));
#1787=SURFACE_SIDE_STYLE('',(#1792));
#1788=SURFACE_SIDE_STYLE('',(#1793));
#1789=SURFACE_STYLE_FILL_AREA(#1794);
#1790=SURFACE_STYLE_FILL_AREA(#1795);
#1791=SURFACE_STYLE_FILL_AREA(#1796);
#1792=SURFACE_STYLE_FILL_AREA(#1797);
#1793=SURFACE_STYLE_FILL_AREA(#1798);
#1794=FILL_AREA_STYLE('',(#1799));
#1795=FILL_AREA_STYLE('',(#1800));
#1796=FILL_AREA_STYLE('',(#1801));
#1797=FILL_AREA_STYLE('',(#1802));
#1798=FILL_AREA_STYLE('',(#1803));
#1799=FILL_AREA_STYLE_COLOUR('',#1804);
#1800=FILL_AREA_STYLE_COLOUR('',#1805);
#1801=FILL_AREA_STYLE_COLOUR('',#1806);
#1802=FILL_AREA_STYLE_COLOUR('',#1807);
#1803=FILL_AREA_STYLE_COLOUR('',#1808);
#1804=COLOUR_RGB('',0.647058823529412,0.647058823529412,0.647058823529412);
#1805=COLOUR_RGB('',0.768627450980392,0.886274509803922,0.952941176470588);
#1806=COLOUR_RGB('',0.231372549019608,0.380392156862745,0.705882352941177);
#1807=COLOUR_RGB('',0.615686274509804,0.811764705882353,0.929411764705882);
#1808=COLOUR_RGB('',0.917647058823529,0.917647058823529,0.917647058823529);
#1809=MANIFOLD_SOLID_BREP('Part 2',#1763);
#1810=MANIFOLD_SOLID_BREP('Part 5',#1764);
#1811=MANIFOLD_SOLID_BREP('Part 1',#1767);
#1812=MANIFOLD_SOLID_BREP('Part 4',#1768);
#1813=SHAPE_DEFINITION_REPRESENTATION(#2930,#1818);
#1814=SHAPE_DEFINITION_REPRESENTATION(#2931,#1819);
#1815=SHAPE_DEFINITION_REPRESENTATION(#2932,#1820);
#1816=SHAPE_DEFINITION_REPRESENTATION(#2933,#1821);
#1817=SHAPE_DEFINITION_REPRESENTATION(#2934,#1822);
#1818=SHAPE_REPRESENTATION('Part 2',(#1823),#2905);
#1819=SHAPE_REPRESENTATION('Part 5',(#1846),#2906);
#1820=SHAPE_REPRESENTATION('Part 3',(#1858),#2907);
#1821=SHAPE_REPRESENTATION('Part 1',(#1883),#2908);
#1822=SHAPE_REPRESENTATION('Part 4',(#1936),#2909);
#1823=AXIS2_PLACEMENT_3D('',#2408,#1948,#1949);
#1824=AXIS2_PLACEMENT_3D('',#2409,#1950,#1951);
#1825=AXIS2_PLACEMENT_3D('',#2418,#1956,#1957);
#1826=AXIS2_PLACEMENT_3D('',#2424,#1961,#1962);
#1827=AXIS2_PLACEMENT_3D('',#2430,#1966,#1967);
#1828=AXIS2_PLACEMENT_3D('',#2436,#1971,#1972);
#1829=AXIS2_PLACEMENT_3D('',#2442,#1976,#1977);
#1830=AXIS2_PLACEMENT_3D('',#2451,#1982,#1983);
#1831=AXIS2_PLACEMENT_3D('',#2457,#1987,#1988);
#1832=AXIS2_PLACEMENT_3D('',#2463,#1992,#1993);
#1833=AXIS2_PLACEMENT_3D('',#2469,#1997,#1998);
#1834=AXIS2_PLACEMENT_3D('',#2475,#2002,#2003);
#1835=AXIS2_PLACEMENT_3D('',#2478,#2006,#2007);
#1836=AXIS2_PLACEMENT_3D('',#2481,#2010,#2011);
#1837=AXIS2_PLACEMENT_3D('',#2482,#2012,#2013);
#1838=AXIS2_PLACEMENT_3D('',#2483,#2014,#2015);
#1839=AXIS2_PLACEMENT_3D('',#2492,#2020,#2021);
#1840=AXIS2_PLACEMENT_3D('',#2498,#2025,#2026);
#1841=AXIS2_PLACEMENT_3D('',#2504,#2030,#2031);
#1842=AXIS2_PLACEMENT_3D('',#2510,#2035,#2036);
#1843=AXIS2_PLACEMENT_3D('',#2516,#2040,#2041);
#1844=AXIS2_PLACEMENT_3D('',#2519,#2044,#2045);
#1845=AXIS2_PLACEMENT_3D('',#2520,#2046,#2047);
#1846=AXIS2_PLACEMENT_3D('',#2521,#2048,#2049);
#1847=AXIS2_PLACEMENT_3D('',#2522,#2050,#2051);
#1848=AXIS2_PLACEMENT_3D('',#2539,#2060,#2061);
#1849=AXIS2_PLACEMENT_3D('',#2545,#2065,#2066);
#1850=AXIS2_PLACEMENT_3D('',#2551,#2070,#2071);
#1851=AXIS2_PLACEMENT_3D('',#2554,#2074,#2075);
#1852=AXIS2_PLACEMENT_3D('',#2555,#2076,#2077);
#1853=AXIS2_PLACEMENT_3D('',#2556,#2078,#2079);
#1854=AXIS2_PLACEMENT_3D('',#2562,#2083,#2084);
#1855=AXIS2_PLACEMENT_3D('',#2568,#2088,#2089);
#1856=AXIS2_PLACEMENT_3D('',#2571,#2092,#2093);
#1857=AXIS2_PLACEMENT_3D('',#2572,#2094,#2095);
#1858=AXIS2_PLACEMENT_3D('',#2573,#2096,#2097);
#1859=AXIS2_PLACEMENT_3D('',#2574,#2098,#2099);
#1860=AXIS2_PLACEMENT_3D('',#2575,#2100,#2101);
#1861=AXIS2_PLACEMENT_3D('',#2577,#2102,#2103);
#1862=AXIS2_PLACEMENT_3D('',#2579,#2104,#2105);
#1863=AXIS2_PLACEMENT_3D('',#2580,#2106,#2107);
#1864=AXIS2_PLACEMENT_3D('',#2582,#2108,#2109);
#1865=AXIS2_PLACEMENT_3D('',#2583,#2110,#2111);
#1866=AXIS2_PLACEMENT_3D('',#2584,#2112,#2113);
#1867=AXIS2_PLACEMENT_3D('',#2586,#2114,#2115);
#1868=AXIS2_PLACEMENT_3D('',#2587,#2116,#2117);
#1869=AXIS2_PLACEMENT_3D('',#2589,#2118,#2119);
#1870=AXIS2_PLACEMENT_3D('',#2590,#2120,#2121);
#1871=AXIS2_PLACEMENT_3D('',#2592,#2122,#2123);
#1872=AXIS2_PLACEMENT_3D('',#2593,#2124,#2125);
#1873=AXIS2_PLACEMENT_3D('',#2595,#2126,#2127);
#1874=AXIS2_PLACEMENT_3D('',#2596,#2128,#2129);
#1875=AXIS2_PLACEMENT_3D('',#2598,#2130,#2131);
#1876=AXIS2_PLACEMENT_3D('',#2599,#2132,#2133);
#1877=AXIS2_PLACEMENT_3D('',#2600,#2134,#2135);
#1878=AXIS2_PLACEMENT_3D('',#2602,#2136,#2137);
#1879=AXIS2_PLACEMENT_3D('',#2603,#2138,#2139);
#1880=AXIS2_PLACEMENT_3D('',#2605,#2140,#2141);
#1881=AXIS2_PLACEMENT_3D('',#2606,#2142,#2143);
#1882=AXIS2_PLACEMENT_3D('',#2608,#2144,#2145);
#1883=AXIS2_PLACEMENT_3D('',#2609,#2146,#2147);
#1884=AXIS2_PLACEMENT_3D('',#2610,#2148,#2149);
#1885=AXIS2_PLACEMENT_3D('',#2611,#2150,#2151);
#1886=AXIS2_PLACEMENT_3D('',#2629,#2160,#2161);
#1887=AXIS2_PLACEMENT_3D('',#2630,#2162,#2163);
#1888=AXIS2_PLACEMENT_3D('',#2648,#2172,#2173);
#1889=AXIS2_PLACEMENT_3D('',#2673,#2186,#2187);
#1890=AXIS2_PLACEMENT_3D('',#2686,#2194,#2195);
#1891=AXIS2_PLACEMENT_3D('',#2695,#2200,#2201);
#1892=AXIS2_PLACEMENT_3D('',#2696,#2202,#2203);
#1893=AXIS2_PLACEMENT_3D('',#2705,#2209,#2210);
#1894=AXIS2_PLACEMENT_3D('',#2706,#2211,#2212);
#1895=AXIS2_PLACEMENT_3D('',#2716,#2217,#2218);
#1896=AXIS2_PLACEMENT_3D('',#2719,#2221,#2222);
#1897=AXIS2_PLACEMENT_3D('',#2722,#2225,#2226);
#1898=AXIS2_PLACEMENT_3D('',#2724,#2228,#2229);
#1899=AXIS2_PLACEMENT_3D('',#2725,#2230,#2231);
#1900=AXIS2_PLACEMENT_3D('',#2733,#2236,#2237);
#1901=AXIS2_PLACEMENT_3D('',#2735,#2239,#2240);
#1902=AXIS2_PLACEMENT_3D('',#2736,#2241,#2242);
#1903=AXIS2_PLACEMENT_3D('',#2739,#2244,#2245);
#1904=AXIS2_PLACEMENT_3D('',#2740,#2246,#2247);
#1905=AXIS2_PLACEMENT_3D('',#2743,#2250,#2251);
#1906=AXIS2_PLACEMENT_3D('',#2756,#2258,#2259);
#1907=AXIS2_PLACEMENT_3D('',#2757,#2260,#2261);
#1908=AXIS2_PLACEMENT_3D('',#2758,#2262,#2263);
#1909=AXIS2_PLACEMENT_3D('',#2760,#2265,#2266);
#1910=AXIS2_PLACEMENT_3D('',#2762,#2268,#2269);
#1911=AXIS2_PLACEMENT_3D('',#2763,#2270,#2271);
#1912=AXIS2_PLACEMENT_3D('',#2769,#2275,#2276);
#1913=AXIS2_PLACEMENT_3D('',#2773,#2279,#2280);
#1914=AXIS2_PLACEMENT_3D('',#2777,#2283,#2284);
#1915=AXIS2_PLACEMENT_3D('',#2781,#2287,#2288);
#1916=AXIS2_PLACEMENT_3D('',#2785,#2291,#2292);
#1917=AXIS2_PLACEMENT_3D('',#2791,#2296,#2297);
#1918=AXIS2_PLACEMENT_3D('',#2795,#2300,#2301);
#1919=AXIS2_PLACEMENT_3D('',#2799,#2304,#2305);
#1920=AXIS2_PLACEMENT_3D('',#2803,#2308,#2309);
#1921=AXIS2_PLACEMENT_3D('',#2807,#2312,#2313);
#1922=AXIS2_PLACEMENT_3D('',#2809,#2315,#2316);
#1923=AXIS2_PLACEMENT_3D('',#2811,#2318,#2319);
#1924=AXIS2_PLACEMENT_3D('',#2812,#2320,#2321);
#1925=AXIS2_PLACEMENT_3D('',#2818,#2325,#2326);
#1926=AXIS2_PLACEMENT_3D('',#2822,#2329,#2330);
#1927=AXIS2_PLACEMENT_3D('',#2826,#2333,#2334);
#1928=AXIS2_PLACEMENT_3D('',#2828,#2336,#2337);
#1929=AXIS2_PLACEMENT_3D('',#2829,#2338,#2339);
#1930=AXIS2_PLACEMENT_3D('',#2835,#2343,#2344);
#1931=AXIS2_PLACEMENT_3D('',#2839,#2347,#2348);
#1932=AXIS2_PLACEMENT_3D('',#2843,#2351,#2352);
#1933=AXIS2_PLACEMENT_3D('',#2845,#2354,#2355);
#1934=AXIS2_PLACEMENT_3D('',#2846,#2356,#2357);
#1935=AXIS2_PLACEMENT_3D('',#2847,#2358,#2359);
#1936=AXIS2_PLACEMENT_3D('',#2848,#2360,#2361);
#1937=AXIS2_PLACEMENT_3D('',#2849,#2362,#2363);
#1938=AXIS2_PLACEMENT_3D('',#2866,#2372,#2373);
#1939=AXIS2_PLACEMENT_3D('',#2872,#2377,#2378);
#1940=AXIS2_PLACEMENT_3D('',#2878,#2382,#2383);
#1941=AXIS2_PLACEMENT_3D('',#2881,#2386,#2387);
#1942=AXIS2_PLACEMENT_3D('',#2882,#2388,#2389);
#1943=AXIS2_PLACEMENT_3D('',#2883,#2390,#2391);
#1944=AXIS2_PLACEMENT_3D('',#2889,#2395,#2396);
#1945=AXIS2_PLACEMENT_3D('',#2895,#2400,#2401);
#1946=AXIS2_PLACEMENT_3D('',#2898,#2404,#2405);
#1947=AXIS2_PLACEMENT_3D('',#2899,#2406,#2407);
#1948=DIRECTION('',(0.,0.,1.));
#1949=DIRECTION('',(1.,0.,0.));
#1950=DIRECTION('',(-4.38245930773084E-16,0.,1.));
#1951=DIRECTION('',(1.,0.,4.38245930773084E-16));
#1952=DIRECTION('',(-1.,0.,-4.38245930773084E-16));
#1953=DIRECTION('',(0.,-1.,0.));
#1954=DIRECTION('',(-1.,0.,-4.38245930773084E-16));
#1955=DIRECTION('',(0.,-1.,0.));
#1956=DIRECTION('',(-1.,0.,0.));
#1957=DIRECTION('',(0.,0.,1.));
#1958=DIRECTION('',(0.,0.,-1.));
#1959=DIRECTION('',(0.,-1.,0.));
#1960=DIRECTION('',(0.,0.,-1.));
#1961=DIRECTION('',(-0.419058177461746,0.,-0.907959384500452));
#1962=DIRECTION('',(-0.907959384500452,0.,0.419058177461746));
#1963=DIRECTION('',(0.907959384500452,0.,-0.419058177461746));
#1964=DIRECTION('',(0.,-1.,0.));
#1965=DIRECTION('',(0.907959384500452,0.,-0.419058177461746));
#1966=DIRECTION('',(-5.9476233462062E-15,0.,-1.));
#1967=DIRECTION('',(-1.,0.,5.9476233462062E-15));
#1968=DIRECTION('',(1.,0.,-5.9476233462062E-15));
#1969=DIRECTION('',(0.,-1.,0.));
#1970=DIRECTION('',(1.,0.,-5.9476233462062E-15));
#1971=DIRECTION('',(0.419058177461681,0.,-0.907959384500482));
#1972=DIRECTION('',(-0.907959384500482,0.,-0.419058177461681));
#1973=DIRECTION('',(0.907959384500482,0.,0.419058177461681));
#1974=DIRECTION('',(0.,-1.,0.));
#1975=DIRECTION('',(0.907959384500482,0.,0.419058177461681));
#1976=DIRECTION('',(-4.38245930773084E-16,0.,1.));
#1977=DIRECTION('',(1.,0.,4.38245930773084E-16));
#1978=DIRECTION('',(-1.,0.,-4.38245930773084E-16));
#1979=DIRECTION('',(0.,-1.,0.));
#1980=DIRECTION('',(-1.,0.,-4.38245930773084E-16));
#1981=DIRECTION('',(0.,-1.,0.));
#1982=DIRECTION('',(1.,0.,3.75856753128307E-16));
#1983=DIRECTION('',(3.75856753128307E-16,0.,-1.));
#1984=DIRECTION('',(-3.75856753128307E-16,0.,1.));
#1985=DIRECTION('',(0.,-1.,0.));
#1986=DIRECTION('',(-3.75856753128307E-16,0.,1.));
#1987=DIRECTION('',(0.419058177461681,0.,-0.907959384500482));
#1988=DIRECTION('',(-0.907959384500482,0.,-0.419058177461681));
#1989=DIRECTION('',(0.907959384500482,0.,0.419058177461681));
#1990=DIRECTION('',(0.,-1.,0.));
#1991=DIRECTION('',(0.907959384500482,0.,0.419058177461681));
#1992=DIRECTION('',(-5.9476233462062E-15,0.,-1.));
#1993=DIRECTION('',(-1.,0.,5.9476233462062E-15));
#1994=DIRECTION('',(1.,0.,-5.9476233462062E-15));
#1995=DIRECTION('',(0.,-1.,0.));
#1996=DIRECTION('',(1.,0.,-5.9476233462062E-15));
#1997=DIRECTION('',(-0.419058177461746,0.,-0.907959384500452));
#1998=DIRECTION('',(-0.907959384500452,0.,0.419058177461746));
#1999=DIRECTION('',(0.907959384500452,0.,-0.419058177461746));
#2000=DIRECTION('',(0.,-1.,0.));
#2001=DIRECTION('',(0.907959384500452,0.,-0.419058177461746));
#2002=DIRECTION('',(-1.,0.,0.));
#2003=DIRECTION('',(0.,0.,1.));
#2004=DIRECTION('',(0.,0.,-1.));
#2005=DIRECTION('',(0.,0.,-1.));
#2006=DIRECTION('',(1.,0.,3.75856753128307E-16));
#2007=DIRECTION('',(3.75856753128307E-16,0.,-1.));
#2008=DIRECTION('',(-3.75856753128307E-16,0.,1.));
#2009=DIRECTION('',(-3.75856753128307E-16,0.,1.));
#2010=DIRECTION('',(0.,1.,0.));
#2011=DIRECTION('',(0.,0.,1.));
#2012=DIRECTION('',(0.,-1.,0.));
#2013=DIRECTION('',(1.,0.,0.));
#2014=DIRECTION('',(1.,0.,0.));
#2015=DIRECTION('',(0.,0.,-1.));
#2016=DIRECTION('',(0.,0.,-1.));
#2017=DIRECTION('',(0.,1.,0.));
#2018=DIRECTION('',(0.,0.,-1.));
#2019=DIRECTION('',(0.,1.,0.));
#2020=DIRECTION('',(0.,0.,1.));
#2021=DIRECTION('',(1.,0.,0.));
#2022=DIRECTION('',(1.,0.,0.));
#2023=DIRECTION('',(0.,1.,0.));
#2024=DIRECTION('',(1.,0.,0.));
#2025=DIRECTION('',(1.,0.,0.));
#2026=DIRECTION('',(0.,0.,-1.));
#2027=DIRECTION('',(0.,0.,-1.));
#2028=DIRECTION('',(0.,1.,0.));
#2029=DIRECTION('',(0.,0.,-1.));
#2030=DIRECTION('',(0.419058177461689,0.,0.907959384500478));
#2031=DIRECTION('',(0.907959384500478,0.,-0.419058177461689));
#2032=DIRECTION('',(0.907959384500478,0.,-0.419058177461689));
#2033=DIRECTION('',(0.,1.,0.));
#2034=DIRECTION('',(0.907959384500478,0.,-0.419058177461689));
#2035=DIRECTION('',(0.,0.,1.));
#2036=DIRECTION('',(1.,0.,0.));
#2037=DIRECTION('',(1.,0.,0.));
#2038=DIRECTION('',(0.,1.,0.));
#2039=DIRECTION('',(1.,0.,0.));
#2040=DIRECTION('',(-0.419058177461681,0.,0.907959384500482));
#2041=DIRECTION('',(0.907959384500482,0.,0.419058177461681));
#2042=DIRECTION('',(0.907959384500482,0.,0.419058177461681));
#2043=DIRECTION('',(0.907959384500482,0.,0.419058177461681));
#2044=DIRECTION('',(0.,-1.,0.));
#2045=DIRECTION('',(1.,0.,0.));
#2046=DIRECTION('',(0.,-1.,0.));
#2047=DIRECTION('',(1.,0.,0.));
#2048=DIRECTION('',(0.,0.,1.));
#2049=DIRECTION('',(1.,0.,0.));
#2050=DIRECTION('',(-0.98148947412023,0.,0.191516088596218));
#2051=DIRECTION('',(0.191516088596218,0.,0.98148947412023));
#2052=DIRECTION('',(0.,-1.,0.));
#2053=DIRECTION('',(-0.191516088596218,0.,-0.98148947412023));
#2054=DIRECTION('',(0.,-1.,0.));
#2055=DIRECTION('',(-0.191516088596218,0.,-0.98148947412023));
#2056=DIRECTION('',(-0.191516088596218,0.,-0.98148947412023));
#2057=DIRECTION('',(0.,-1.,0.));
#2058=DIRECTION('',(-0.191516088596218,0.,-0.98148947412023));
#2059=DIRECTION('',(0.,-1.,0.));
#2060=DIRECTION('',(0.191516088596219,0.,0.98148947412023));
#2061=DIRECTION('',(0.98148947412023,0.,-0.191516088596219));
#2062=DIRECTION('',(-0.98148947412023,0.,0.191516088596219));
#2063=DIRECTION('',(-0.98148947412023,0.,0.191516088596219));
#2064=DIRECTION('',(0.,-1.,0.));
#2065=DIRECTION('',(-0.98148947412023,0.,0.191516088596218));
#2066=DIRECTION('',(0.191516088596218,0.,0.98148947412023));
#2067=DIRECTION('',(-0.191516088596218,0.,-0.98148947412023));
#2068=DIRECTION('',(-0.191516088596218,0.,-0.98148947412023));
#2069=DIRECTION('',(0.,-1.,0.));
#2070=DIRECTION('',(-0.318954479067487,0.,-0.947770035548069));
#2071=DIRECTION('',(-0.947770035548069,0.,0.318954479067487));
#2072=DIRECTION('',(0.947770035548069,0.,-0.318954479067487));
#2073=DIRECTION('',(0.947770035548069,0.,-0.318954479067487));
#2074=DIRECTION('',(0.,-1.,0.));
#2075=DIRECTION('',(1.,0.,0.));
#2076=DIRECTION('',(0.,-1.,0.));
#2077=DIRECTION('',(1.,0.,0.));
#2078=DIRECTION('',(2.31296463463574E-16,0.,1.));
#2079=DIRECTION('',(1.,0.,-2.31296463463574E-16));
#2080=DIRECTION('',(-1.,0.,2.31296463463574E-16));
#2081=DIRECTION('',(0.,-1.,0.));
#2082=DIRECTION('',(-1.,0.,2.31296463463574E-16));
#2083=DIRECTION('',(2.1770288555046E-16,0.,1.));
#2084=DIRECTION('',(1.,0.,-2.1770288555046E-16));
#2085=DIRECTION('',(-1.,0.,2.1770288555046E-16));
#2086=DIRECTION('',(-1.,0.,2.1770288555046E-16));
#2087=DIRECTION('',(0.,-1.,0.));
#2088=DIRECTION('',(-1.,0.,0.));
#2089=DIRECTION('',(0.,0.,1.));
#2090=DIRECTION('',(0.,0.,-1.));
#2091=DIRECTION('',(0.,0.,-1.));
#2092=DIRECTION('',(0.,-1.,0.));
#2093=DIRECTION('',(1.,0.,0.));
#2094=DIRECTION('',(0.,-1.,0.));
#2095=DIRECTION('',(1.,0.,0.));
#2096=DIRECTION('',(0.,0.,1.));
#2097=DIRECTION('',(1.,0.,0.));
#2098=DIRECTION('',(0.,0.,-1.));
#2099=DIRECTION('',(-1.,0.,0.));
#2100=DIRECTION('',(0.,0.,1.));
#2101=DIRECTION('',(1.,0.,0.));
#2102=DIRECTION('',(0.,0.,1.));
#2103=DIRECTION('',(1.,0.,0.));
#2104=DIRECTION('',(0.,0.,1.));
#2105=DIRECTION('',(1.,0.,0.));
#2106=DIRECTION('',(0.,0.,1.));
#2107=DIRECTION('',(1.,0.,0.));
#2108=DIRECTION('',(0.,0.,1.));
#2109=DIRECTION('',(1.,0.,0.));
#2110=DIRECTION('',(0.,0.,-1.));
#2111=DIRECTION('',(-1.,0.,0.));
#2112=DIRECTION('',(0.,0.,1.));
#2113=DIRECTION('',(1.,0.,0.));
#2114=DIRECTION('',(0.,0.,-1.));
#2115=DIRECTION('',(-1.,0.,0.));
#2116=DIRECTION('',(0.,0.,1.));
#2117=DIRECTION('',(1.,0.,0.));
#2118=DIRECTION('',(0.,0.,-1.));
#2119=DIRECTION('',(-1.,0.,0.));
#2120=DIRECTION('',(0.,0.,1.));
#2121=DIRECTION('',(1.,0.,0.));
#2122=DIRECTION('',(0.,0.,1.));
#2123=DIRECTION('',(1.,0.,0.));
#2124=DIRECTION('',(0.,0.,1.));
#2125=DIRECTION('',(1.,0.,0.));
#2126=DIRECTION('',(0.,0.,1.));
#2127=DIRECTION('',(1.,0.,0.));
#2128=DIRECTION('',(0.,0.,1.));
#2129=DIRECTION('',(1.,0.,0.));
#2130=DIRECTION('',(0.,0.,-1.));
#2131=DIRECTION('',(-1.,0.,0.));
#2132=DIRECTION('',(0.,0.,1.));
#2133=DIRECTION('',(1.,0.,0.));
#2134=DIRECTION('',(0.,0.,1.));
#2135=DIRECTION('',(1.,0.,0.));
#2136=DIRECTION('',(0.,0.,1.));
#2137=DIRECTION('',(1.,0.,0.));
#2138=DIRECTION('',(0.,0.,1.));
#2139=DIRECTION('',(1.,0.,0.));
#2140=DIRECTION('',(0.,0.,-1.));
#2141=DIRECTION('',(-1.,0.,0.));
#2142=DIRECTION('',(0.,0.,1.));
#2143=DIRECTION('',(1.,0.,0.));
#2144=DIRECTION('',(0.,0.,-1.));
#2145=DIRECTION('',(-1.,0.,0.));
#2146=DIRECTION('',(0.,0.,1.));
#2147=DIRECTION('',(1.,0.,0.));
#2148=DIRECTION('',(-1.,0.,-1.7862499158573E-16));
#2149=DIRECTION('',(-1.7862499158573E-16,0.,1.));
#2150=DIRECTION('',(-1.,0.,-1.7862499158573E-16));
#2151=DIRECTION('',(0.,-0.935568690294037,0.353144765983442));
#2152=DIRECTION('',(1.7862499158573E-16,0.,-1.));
#2153=DIRECTION('',(0.,-1.,0.));
#2154=DIRECTION('',(1.7862499158573E-16,0.,-1.));
#2155=DIRECTION('',(0.,-1.,0.));
#2156=DIRECTION('',(1.7862499158573E-16,0.,-1.));
#2157=DIRECTION('',(0.,-1.,0.));
#2158=DIRECTION('',(1.7862499158573E-16,0.,-1.));
#2159=DIRECTION('',(0.,-1.,0.));
#2160=DIRECTION('',(1.,0.,0.));
#2161=DIRECTION('',(0.,0.,-1.));
#2162=DIRECTION('',(1.,0.,0.));
#2163=DIRECTION('',(0.,1.,0.));
#2164=DIRECTION('',(0.,0.,1.));
#2165=DIRECTION('',(0.,-1.,0.));
#2166=DIRECTION('',(0.,0.,1.));
#2167=DIRECTION('',(0.,-1.,0.));
#2168=DIRECTION('',(0.,-3.46944695195361E-16,-1.));
#2169=DIRECTION('',(0.,1.,0.));
#2170=DIRECTION('',(0.,0.,-1.));
#2171=DIRECTION('',(0.,1.,0.));
#2172=DIRECTION('',(0.,-1.,0.));
#2173=DIRECTION('',(1.,0.,0.));
#2174=DIRECTION('',(0.,0.,1.));
#2175=DIRECTION('',(1.,0.,0.));
#2176=DIRECTION('',(-1.98254111540207E-16,0.,1.));
#2177=DIRECTION('',(-0.907959384500482,0.,-0.419058177461681));
#2178=DIRECTION('',(-1.,0.,1.11022302462516E-14));
#2179=DIRECTION('',(-0.907959384500452,0.,0.419058177461747));
#2180=DIRECTION('',(-9.396418828208E-17,0.,1.));
#2181=DIRECTION('',(-0.907959384500452,0.,0.419058177461746));
#2182=DIRECTION('',(-1.,0.,5.9476233462062E-15));
#2183=DIRECTION('',(-0.907959384500482,0.,-0.419058177461681));
#2184=DIRECTION('',(4.69820941410384E-16,0.,-1.));
#2185=DIRECTION('',(1.,0.,3.83465189426449E-16));
#2186=DIRECTION('',(0.,1.,0.));
#2187=DIRECTION('',(-1.,0.,0.));
#2188=DIRECTION('',(-1.,0.,-3.08395284618096E-16));
#2189=DIRECTION('',(0.,0.,1.));
#2190=DIRECTION('',(-0.907959384500452,0.,0.419058177461747));
#2191=DIRECTION('',(-1.,0.,1.11022302462516E-14));
#2192=DIRECTION('',(-0.907959384500482,0.,-0.419058177461681));
#2193=DIRECTION('',(-1.98254111540207E-16,0.,1.));
#2194=DIRECTION('',(0.,1.,0.));
#2195=DIRECTION('',(-1.,0.,0.));
#2196=DIRECTION('',(1.,0.,0.));
#2197=DIRECTION('',(-1.98254111540207E-16,0.,1.));
#2198=DIRECTION('',(1.,0.,0.));
#2199=DIRECTION('',(0.,0.,1.));
#2200=DIRECTION('',(1.,0.,0.));
#2201=DIRECTION('',(0.,0.,-1.));
#2202=DIRECTION('',(1.,0.,0.));
#2203=DIRECTION('',(0.,0.,-1.));
#2204=DIRECTION('',(0.,1.,0.));
#2205=DIRECTION('',(0.,0.,1.));
#2206=DIRECTION('',(0.,1.,0.));
#2207=DIRECTION('',(0.,-1.,0.));
#2208=DIRECTION('',(0.,-1.,0.));
#2209=DIRECTION('',(0.,0.,1.));
#2210=DIRECTION('',(1.,0.,0.));
#2211=DIRECTION('',(0.,0.,1.));
#2212=DIRECTION('',(1.,0.,0.));
#2213=DIRECTION('',(-1.,0.,0.));
#2214=DIRECTION('',(0.,-1.,0.));
#2215=DIRECTION('',(-1.,0.,0.));
#2216=DIRECTION('',(0.,-1.,0.));
#2217=DIRECTION('',(-0.419058177461681,0.,0.907959384500482));
#2218=DIRECTION('',(0.907959384500482,0.,0.419058177461681));
#2219=DIRECTION('',(-0.907959384500482,0.,-0.419058177461681));
#2220=DIRECTION('',(-0.907959384500482,0.,-0.419058177461681));
#2221=DIRECTION('',(2.77555756156287E-16,0.,-1.));
#2222=DIRECTION('',(-1.,0.,-2.77555756156287E-16));
#2223=DIRECTION('',(1.,0.,2.77555756156287E-16));
#2224=DIRECTION('',(1.,0.,2.77555756156287E-16));
#2225=DIRECTION('',(0.,0.,-1.));
#2226=DIRECTION('',(-1.,0.,0.));
#2227=DIRECTION('',(0.,-1.,0.));
#2228=DIRECTION('',(1.,0.,1.98254111540207E-16));
#2229=DIRECTION('',(1.98254111540207E-16,0.,-1.));
#2230=DIRECTION('',(1.,0.,1.98254111540207E-16));
#2231=DIRECTION('',(1.98254111540207E-16,0.,-1.));
#2232=DIRECTION('',(0.,1.,0.));
#2233=DIRECTION('',(-1.98254111540207E-16,0.,1.));
#2234=DIRECTION('',(0.,1.,0.));
#2235=DIRECTION('',(0.,-1.,0.));
#2236=DIRECTION('',(-0.419058177461681,0.,0.907959384500482));
#2237=DIRECTION('',(0.907959384500482,0.,0.419058177461681));
#2238=DIRECTION('',(0.,-1.,0.));
#2239=DIRECTION('',(1.11022302462516E-14,0.,1.));
#2240=DIRECTION('',(1.,0.,-1.11022302462516E-14));
#2241=DIRECTION('',(1.11022302462516E-14,0.,1.));
#2242=DIRECTION('',(1.,0.,-1.11022302462516E-14));
#2243=DIRECTION('',(0.,-1.,0.));
#2244=DIRECTION('',(0.419058177461747,0.,0.907959384500452));
#2245=DIRECTION('',(0.907959384500452,0.,-0.419058177461747));
#2246=DIRECTION('',(-0.419058177461747,0.,-0.907959384500452));
#2247=DIRECTION('',(-0.907959384500452,0.,0.419058177461747));
#2248=DIRECTION('',(0.907959384500452,0.,-0.419058177461746));
#2249=DIRECTION('',(0.907959384500452,0.,-0.419058177461746));
#2250=DIRECTION('',(0.,-1.,0.));
#2251=DIRECTION('',(1.,0.,0.));
#2252=DIRECTION('',(-0.907959384500452,0.,0.419058177461746));
#2253=DIRECTION('',(-9.396418828208E-17,0.,1.));
#2254=DIRECTION('',(1.,0.,3.83465189426449E-16));
#2255=DIRECTION('',(4.69820941410384E-16,0.,-1.));
#2256=DIRECTION('',(-0.907959384500482,0.,-0.419058177461681));
#2257=DIRECTION('',(-1.,0.,5.9476233462062E-15));
#2258=DIRECTION('',(0.,1.,0.));
#2259=DIRECTION('',(-1.,0.,0.));
#2260=DIRECTION('',(0.,0.,1.));
#2261=DIRECTION('',(1.,0.,0.));
#2262=DIRECTION('',(0.,0.,1.));
#2263=DIRECTION('',(1.,0.,0.));
#2264=DIRECTION('',(1.,0.,0.));
#2265=DIRECTION('',(3.08395284618096E-16,0.,-1.));
#2266=DIRECTION('',(-1.,0.,-3.08395284618096E-16));
#2267=DIRECTION('',(-1.,0.,-3.08395284618096E-16));
#2268=DIRECTION('',(0.,-1.,0.));
#2269=DIRECTION('',(1.,0.,0.));
#2270=DIRECTION('',(0.419058177461746,0.,0.907959384500452));
#2271=DIRECTION('',(0.907959384500452,0.,-0.419058177461746));
#2272=DIRECTION('',(0.,-1.,0.));
#2273=DIRECTION('',(-0.907959384500452,0.,0.419058177461746));
#2274=DIRECTION('',(0.,-1.,0.));
#2275=DIRECTION('',(1.,0.,9.396418828208E-17));
#2276=DIRECTION('',(9.396418828208E-17,0.,-1.));
#2277=DIRECTION('',(-9.396418828208E-17,0.,1.));
#2278=DIRECTION('',(0.,-1.,0.));
#2279=DIRECTION('',(3.83465189426449E-16,0.,-1.));
#2280=DIRECTION('',(-1.,0.,-3.83465189426449E-16));
#2281=DIRECTION('',(1.,0.,3.83465189426449E-16));
#2282=DIRECTION('',(0.,-1.,0.));
#2283=DIRECTION('',(-1.,0.,-4.69820941410384E-16));
#2284=DIRECTION('',(-4.69820941410384E-16,0.,1.));
#2285=DIRECTION('',(4.69820941410384E-16,0.,-1.));
#2286=DIRECTION('',(0.,-1.,0.));
#2287=DIRECTION('',(-0.419058177461681,0.,0.907959384500482));
#2288=DIRECTION('',(0.907959384500482,0.,0.419058177461681));
#2289=DIRECTION('',(-0.907959384500482,0.,-0.419058177461681));
#2290=DIRECTION('',(0.,-1.,0.));
#2291=DIRECTION('',(0.419058177461746,0.,0.907959384500452));
#2292=DIRECTION('',(0.907959384500452,0.,-0.419058177461746));
#2293=DIRECTION('',(0.,-1.,0.));
#2294=DIRECTION('',(-0.907959384500452,0.,0.419058177461746));
#2295=DIRECTION('',(0.,-1.,0.));
#2296=DIRECTION('',(5.9476233462062E-15,0.,1.));
#2297=DIRECTION('',(1.,0.,-5.9476233462062E-15));
#2298=DIRECTION('',(-1.,0.,5.9476233462062E-15));
#2299=DIRECTION('',(0.,-1.,0.));
#2300=DIRECTION('',(-0.419058177461681,0.,0.907959384500482));
#2301=DIRECTION('',(0.907959384500482,0.,0.419058177461681));
#2302=DIRECTION('',(-0.907959384500482,0.,-0.419058177461681));
#2303=DIRECTION('',(0.,-1.,0.));
#2304=DIRECTION('',(-1.,0.,-4.69820941410384E-16));
#2305=DIRECTION('',(-4.69820941410384E-16,0.,1.));
#2306=DIRECTION('',(4.69820941410384E-16,0.,-1.));
#2307=DIRECTION('',(0.,-1.,0.));
#2308=DIRECTION('',(3.83465189426449E-16,0.,-1.));
#2309=DIRECTION('',(-1.,0.,-3.83465189426449E-16));
#2310=DIRECTION('',(1.,0.,3.83465189426449E-16));
#2311=DIRECTION('',(0.,-1.,0.));
#2312=DIRECTION('',(1.,0.,9.396418828208E-17));
#2313=DIRECTION('',(9.396418828208E-17,0.,-1.));
#2314=DIRECTION('',(-9.396418828208E-17,0.,1.));
#2315=DIRECTION('',(5.9476233462062E-15,0.,1.));
#2316=DIRECTION('',(1.,0.,-5.9476233462062E-15));
#2317=DIRECTION('',(-1.,0.,5.9476233462062E-15));
#2318=DIRECTION('',(0.,-1.,0.));
#2319=DIRECTION('',(0.,0.,-1.));
#2320=DIRECTION('',(0.,0.,-1.));
#2321=DIRECTION('',(-1.,0.,0.));
#2322=DIRECTION('',(1.,0.,0.));
#2323=DIRECTION('',(0.,1.,0.));
#2324=DIRECTION('',(1.,0.,0.));
#2325=DIRECTION('',(0.,-1.,3.46944695195361E-16));
#2326=DIRECTION('',(0.,-3.46944695195361E-16,-1.));
#2327=DIRECTION('',(1.,0.,0.));
#2328=DIRECTION('',(0.,-3.46944695195361E-16,-1.));
#2329=DIRECTION('',(0.,0.,-1.));
#2330=DIRECTION('',(-1.,0.,0.));
#2331=DIRECTION('',(1.,0.,0.));
#2332=DIRECTION('',(0.,1.,0.));
#2333=DIRECTION('',(0.,-1.,0.));
#2334=DIRECTION('',(0.,0.,-1.));
#2335=DIRECTION('',(0.,0.,-1.));
#2336=DIRECTION('',(1.,0.,0.));
#2337=DIRECTION('',(0.,1.,0.));
#2338=DIRECTION('',(1.7862499158573E-16,0.,-1.));
#2339=DIRECTION('',(-1.,0.,-1.7862499158573E-16));
#2340=DIRECTION('',(-1.,0.,-1.7862499158573E-16));
#2341=DIRECTION('',(0.,-1.,0.));
#2342=DIRECTION('',(-1.,0.,-1.7862499158573E-16));
#2343=DIRECTION('',(0.,1.,0.));
#2344=DIRECTION('',(0.,0.,1.));
#2345=DIRECTION('',(-1.,0.,-1.7862499158573E-16));
#2346=DIRECTION('',(1.7862499158573E-16,0.,-1.));
#2347=DIRECTION('',(1.7862499158573E-16,0.,-1.));
#2348=DIRECTION('',(-1.,0.,-1.7862499158573E-16));
#2349=DIRECTION('',(-1.,0.,-1.7862499158573E-16));
#2350=DIRECTION('',(0.,-1.,0.));
#2351=DIRECTION('',(0.,1.,0.));
#2352=DIRECTION('',(0.,0.,1.));
#2353=DIRECTION('',(1.7862499158573E-16,0.,-1.));
#2354=DIRECTION('',(-1.,0.,-1.7862499158573E-16));
#2355=DIRECTION('',(0.,-1.,0.));
#2356=DIRECTION('',(1.,0.,0.));
#2357=DIRECTION('',(0.,0.,-1.));
#2358=DIRECTION('',(-1.,0.,-1.7862499158573E-16));
#2359=DIRECTION('',(-1.7862499158573E-16,0.,1.));
#2360=DIRECTION('',(0.,0.,1.));
#2361=DIRECTION('',(1.,0.,0.));
#2362=DIRECTION('',(-0.98148947412023,0.,-0.191516088596218));
#2363=DIRECTION('',(-0.191516088596218,0.,0.98148947412023));
#2364=DIRECTION('',(0.191516088596218,0.,-0.98148947412023));
#2365=DIRECTION('',(0.,-1.,0.));
#2366=DIRECTION('',(0.191516088596218,0.,-0.98148947412023));
#2367=DIRECTION('',(0.,-1.,0.));
#2368=DIRECTION('',(0.191516088596218,0.,-0.98148947412023));
#2369=DIRECTION('',(0.,-1.,0.));
#2370=DIRECTION('',(0.191516088596218,0.,-0.98148947412023));
#2371=DIRECTION('',(0.,-1.,0.));
#2372=DIRECTION('',(-0.318954479067507,0.,0.947770035548063));
#2373=DIRECTION('',(0.947770035548063,0.,0.318954479067507));
#2374=DIRECTION('',(-0.947770035548062,0.,-0.318954479067507));
#2375=DIRECTION('',(-0.947770035548062,0.,-0.318954479067507));
#2376=DIRECTION('',(0.,-1.,0.));
#2377=DIRECTION('',(-0.98148947412023,0.,-0.191516088596218));
#2378=DIRECTION('',(-0.191516088596218,0.,0.98148947412023));
#2379=DIRECTION('',(0.191516088596218,0.,-0.98148947412023));
#2380=DIRECTION('',(0.191516088596218,0.,-0.98148947412023));
#2381=DIRECTION('',(0.,-1.,0.));
#2382=DIRECTION('',(0.191516088596224,0.,-0.981489474120229));
#2383=DIRECTION('',(-0.981489474120229,0.,-0.191516088596224));
#2384=DIRECTION('',(0.981489474120229,0.,0.191516088596224));
#2385=DIRECTION('',(0.981489474120229,0.,0.191516088596224));
#2386=DIRECTION('',(0.,-1.,0.));
#2387=DIRECTION('',(1.,0.,0.));
#2388=DIRECTION('',(0.,-1.,0.));
#2389=DIRECTION('',(1.,0.,0.));
#2390=DIRECTION('',(0.,0.,-1.));
#2391=DIRECTION('',(-1.,0.,0.));
#2392=DIRECTION('',(1.,0.,0.));
#2393=DIRECTION('',(1.,0.,0.));
#2394=DIRECTION('',(0.,-1.,0.));
#2395=DIRECTION('',(-1.,0.,0.));
#2396=DIRECTION('',(0.,0.,1.));
#2397=DIRECTION('',(0.,0.,-1.));
#2398=DIRECTION('',(0.,0.,-1.));
#2399=DIRECTION('',(0.,-1.,0.));
#2400=DIRECTION('',(0.,0.,-1.));
#2401=DIRECTION('',(-1.,0.,0.));
#2402=DIRECTION('',(1.,0.,0.));
#2403=DIRECTION('',(1.,0.,0.));
#2404=DIRECTION('',(0.,-1.,0.));
#2405=DIRECTION('',(1.,0.,0.));
#2406=DIRECTION('',(0.,-1.,0.));
#2407=DIRECTION('',(1.,0.,0.));
#2408=CARTESIAN_POINT('',(0.,0.,0.));
#2409=CARTESIAN_POINT('',(-3.82055498349132E-16,-0.0482,-0.0142423076923055));
#2410=CARTESIAN_POINT('',(-3.82055498349132E-16,-0.05,-0.0142423076923055));
#2411=CARTESIAN_POINT('',(0.04655,-0.05,-0.0142423076923055));
#2412=CARTESIAN_POINT('',(-0.0465500000000008,-0.05,-0.0142423076923056));
#2413=CARTESIAN_POINT('',(0.04655,-0.0482,-0.0142423076923055));
#2414=CARTESIAN_POINT('',(0.04655,-0.0482,-0.0142423076923055));
#2415=CARTESIAN_POINT('',(-3.82055498349132E-16,-0.0482,-0.0142423076923055));
#2416=CARTESIAN_POINT('',(-0.0465500000000008,-0.0482,-0.0142423076923056));
#2417=CARTESIAN_POINT('',(-0.0465500000000008,-0.0482,-0.0142423076923056));
#2418=CARTESIAN_POINT('',(0.04655,-0.0482,0.0217307692307702));
#2419=CARTESIAN_POINT('',(0.04655,-0.05,0.0217307692307702));
#2420=CARTESIAN_POINT('',(0.04655,-0.05,0.0580460053838373));
#2421=CARTESIAN_POINT('',(0.04655,-0.0482,0.0580460053838373));
#2422=CARTESIAN_POINT('',(0.04655,-0.0482,0.0580460053838373));
#2423=CARTESIAN_POINT('',(0.04655,-0.0482,0.0217307692307702));
#2424=CARTESIAN_POINT('',(0.0321018947314114,-0.0482,0.0647143616616475));
#2425=CARTESIAN_POINT('',(0.0321018947314114,-0.05,0.0647143616616475));
#2426=CARTESIAN_POINT('',(0.0172913449983145,-0.05,0.07155));
#2427=CARTESIAN_POINT('',(0.0172913449983145,-0.0482,0.07155));
#2428=CARTESIAN_POINT('',(0.0172913449983145,-0.0482,0.07155));
#2429=CARTESIAN_POINT('',(0.0321018947314114,-0.0482,0.0647143616616475));
#2430=CARTESIAN_POINT('',(-3.91551870291908E-18,-0.0482,0.07155));
#2431=CARTESIAN_POINT('',(-3.91551870291908E-18,-0.05,0.07155));
#2432=CARTESIAN_POINT('',(-0.0172913449983146,-0.05,0.07155));
#2433=CARTESIAN_POINT('',(-0.0172913449983146,-0.0482,0.07155));
#2434=CARTESIAN_POINT('',(-0.0172913449983146,-0.0482,0.07155));
#2435=CARTESIAN_POINT('',(-3.91551870291908E-18,-0.0482,0.07155));
#2436=CARTESIAN_POINT('',(-0.0321018947314118,-0.0482,0.0647143616616488));
#2437=CARTESIAN_POINT('',(-0.0321018947314118,-0.05,0.0647143616616488));
#2438=CARTESIAN_POINT('',(-0.0465500000000008,-0.05,0.0580460053838397));
#2439=CARTESIAN_POINT('',(-0.0465500000000008,-0.0482,0.0580460053838397));
#2440=CARTESIAN_POINT('',(-0.0465500000000008,-0.0482,0.0580460053838397));
#2441=CARTESIAN_POINT('',(-0.0321018947314118,-0.0482,0.0647143616616488));
#2442=CARTESIAN_POINT('',(-3.81222831080663E-16,-0.0482,-0.0161423076923056));
#2443=CARTESIAN_POINT('',(-3.81222831080663E-16,-0.05,-0.0161423076923056));
#2444=CARTESIAN_POINT('',(0.04845,-0.05,-0.0161423076923055));
#2445=CARTESIAN_POINT('',(-0.0484500000000008,-0.05,-0.0161423076923056));
#2446=CARTESIAN_POINT('',(-0.0484500000000008,-0.0482,-0.0161423076923056));
#2447=CARTESIAN_POINT('',(-0.0484500000000008,-0.0482,-0.0161423076923056));
#2448=CARTESIAN_POINT('',(-3.81222831080663E-16,-0.0482,-0.0161423076923056));
#2449=CARTESIAN_POINT('',(0.04845,-0.0482,-0.0161423076923055));
#2450=CARTESIAN_POINT('',(0.04845,-0.0482,-0.0161423076923055));
#2451=CARTESIAN_POINT('',(-0.0484500000000008,-0.0482,0.0217307692307715));
#2452=CARTESIAN_POINT('',(-0.0484500000000008,-0.05,0.0217307692307715));
#2453=CARTESIAN_POINT('',(-0.0484500000000008,-0.05,0.0592616869238572));
#2454=CARTESIAN_POINT('',(-0.0484500000000008,-0.0482,0.0592616869238572));
#2455=CARTESIAN_POINT('',(-0.0484500000000008,-0.0482,0.0592616869238572));
#2456=CARTESIAN_POINT('',(-0.0484500000000008,-0.0482,0.0217307692307715));
#2457=CARTESIAN_POINT('',(-0.032898105268589,-0.0482,0.0664394844921997));
#2458=CARTESIAN_POINT('',(-0.032898105268589,-0.05,0.0664394844921997));
#2459=CARTESIAN_POINT('',(-0.0177086550016854,-0.05,0.07345));
#2460=CARTESIAN_POINT('',(-0.0177086550016854,-0.0482,0.07345));
#2461=CARTESIAN_POINT('',(-0.0177086550016854,-0.0482,0.07345));
#2462=CARTESIAN_POINT('',(-0.032898105268589,-0.0482,0.0664394844921997));
#2463=CARTESIAN_POINT('',(7.38496565487269E-18,-0.0482,0.07345));
#2464=CARTESIAN_POINT('',(7.38496565487269E-18,-0.05,0.07345));
#2465=CARTESIAN_POINT('',(0.0177086550016854,-0.05,0.07345));
#2466=CARTESIAN_POINT('',(0.0177086550016854,-0.0482,0.07345));
#2467=CARTESIAN_POINT('',(0.0177086550016854,-0.0482,0.07345));
#2468=CARTESIAN_POINT('',(7.38496565487269E-18,-0.0482,0.07345));
#2469=CARTESIAN_POINT('',(0.0328981052685886,-0.0482,0.0664394844921983));
#2470=CARTESIAN_POINT('',(0.0328981052685886,-0.05,0.0664394844921983));
#2471=CARTESIAN_POINT('',(0.04845,-0.05,0.0592616869238546));
#2472=CARTESIAN_POINT('',(0.04845,-0.0482,0.0592616869238546));
#2473=CARTESIAN_POINT('',(0.04845,-0.0482,0.0592616869238546));
#2474=CARTESIAN_POINT('',(0.0328981052685886,-0.0482,0.0664394844921983));
#2475=CARTESIAN_POINT('',(0.04845,-0.0482,0.0217307692307702));
#2476=CARTESIAN_POINT('',(0.04845,-0.05,0.0217307692307702));
#2477=CARTESIAN_POINT('',(0.04845,-0.0482,0.0217307692307702));
#2478=CARTESIAN_POINT('',(-0.0465500000000008,-0.0482,0.0217307692307715));
#2479=CARTESIAN_POINT('',(-0.0465500000000008,-0.05,0.0217307692307715));
#2480=CARTESIAN_POINT('',(-0.0465500000000008,-0.0482,0.0217307692307715));
#2481=CARTESIAN_POINT('',(0.,-0.0482,0.));
#2482=CARTESIAN_POINT('',(-3.88578058618805E-16,-0.05,0.0286538461538473));
#2483=CARTESIAN_POINT('',(-0.0500000000000008,-0.054,0.0211538461538485));
#2484=CARTESIAN_POINT('',(-0.0500000000000008,-0.05,0.0211538461538485));
#2485=CARTESIAN_POINT('',(-0.0500000000000008,-0.05,0.0600000000000025));
#2486=CARTESIAN_POINT('',(-0.0500000000000008,-0.05,-0.0176923076923055));
#2487=CARTESIAN_POINT('',(-0.0500000000000008,-0.054,-0.0176923076923055));
#2488=CARTESIAN_POINT('',(-0.0500000000000008,-0.054,-0.0176923076923055));
#2489=CARTESIAN_POINT('',(-0.0500000000000008,-0.054,0.0211538461538485));
#2490=CARTESIAN_POINT('',(-0.0500000000000008,-0.054,0.0600000000000025));
#2491=CARTESIAN_POINT('',(-0.0500000000000008,-0.054,0.0600000000000025));
#2492=CARTESIAN_POINT('',(-3.88578058618805E-16,-0.054,-0.0176923076923055));
#2493=CARTESIAN_POINT('',(-3.88578058618805E-16,-0.05,-0.0176923076923055));
#2494=CARTESIAN_POINT('',(0.05,-0.05,-0.0176923076923055));
#2495=CARTESIAN_POINT('',(0.05,-0.054,-0.0176923076923055));
#2496=CARTESIAN_POINT('',(0.05,-0.054,-0.0176923076923055));
#2497=CARTESIAN_POINT('',(-3.88578058618805E-16,-0.054,-0.0176923076923055));
#2498=CARTESIAN_POINT('',(0.05,-0.054,0.0211538461538485));
#2499=CARTESIAN_POINT('',(0.05,-0.05,0.0211538461538485));
#2500=CARTESIAN_POINT('',(0.05,-0.05,0.0600000000000025));
#2501=CARTESIAN_POINT('',(0.05,-0.054,0.0600000000000025));
#2502=CARTESIAN_POINT('',(0.05,-0.054,0.0600000000000025));
#2503=CARTESIAN_POINT('',(0.05,-0.054,0.0211538461538485));
#2504=CARTESIAN_POINT('',(0.03375,-0.054,0.0675000000000013));
#2505=CARTESIAN_POINT('',(0.03375,-0.05,0.0675000000000013));
#2506=CARTESIAN_POINT('',(0.0175,-0.05,0.075));
#2507=CARTESIAN_POINT('',(0.0175,-0.054,0.075));
#2508=CARTESIAN_POINT('',(0.0175,-0.054,0.075));
#2509=CARTESIAN_POINT('',(0.03375,-0.054,0.0675000000000013));
#2510=CARTESIAN_POINT('',(0.,-0.054,0.075));
#2511=CARTESIAN_POINT('',(0.,-0.05,0.075));
#2512=CARTESIAN_POINT('',(-0.0175,-0.05,0.075));
#2513=CARTESIAN_POINT('',(-0.0175,-0.054,0.075));
#2514=CARTESIAN_POINT('',(-0.0175,-0.054,0.075));
#2515=CARTESIAN_POINT('',(0.,-0.054,0.075));
#2516=CARTESIAN_POINT('',(-0.0337500000000004,-0.054,0.0675000000000013));
#2517=CARTESIAN_POINT('',(-0.0337500000000004,-0.05,0.0675000000000013));
#2518=CARTESIAN_POINT('',(-0.0337500000000004,-0.054,0.0675000000000013));
#2519=CARTESIAN_POINT('',(-3.88578058618805E-16,-0.054,0.0286538461538473));
#2520=CARTESIAN_POINT('',(-3.88578058618805E-16,-0.05,0.0286538461538473));
#2521=CARTESIAN_POINT('',(0.,0.,0.));
#2522=CARTESIAN_POINT('',(-0.065468307225651,0.035,0.0211307692307702));
#2523=CARTESIAN_POINT('',(-0.065,0.0198,0.0235307692307703));
#2524=CARTESIAN_POINT('',(-0.065,0.0198,0.0235307692307703));
#2525=CARTESIAN_POINT('',(-0.065,0.015,0.0235307692307703));
#2526=CARTESIAN_POINT('',(-0.065468307225651,0.0198,0.0211307692307702));
#2527=CARTESIAN_POINT('',(-0.065936614451302,0.0198,0.0187307692307702));
#2528=CARTESIAN_POINT('',(-0.065936614451302,0.0198,0.0187307692307702));
#2529=CARTESIAN_POINT('',(-0.065936614451302,0.015,0.0187307692307702));
#2530=CARTESIAN_POINT('',(-0.065468307225651,0.015,0.0211307692307702));
#2531=CARTESIAN_POINT('',(-0.065468307225651,0.,0.0211307692307702));
#2532=CARTESIAN_POINT('',(-0.0548474334343161,0.,0.0755610570909854));
#2533=CARTESIAN_POINT('',(-0.0697170771008335,0.,-0.000643500184489105));
#2534=CARTESIAN_POINT('',(-0.0697170771008335,0.035,-0.000643500184489105));
#2535=CARTESIAN_POINT('',(-0.0697170771008335,0.035,-0.000643500184489105));
#2536=CARTESIAN_POINT('',(-0.065468307225651,0.035,0.0211307692307702));
#2537=CARTESIAN_POINT('',(-0.0548474334343161,0.035,0.0755610570909854));
#2538=CARTESIAN_POINT('',(-0.0548474334343161,0.035,0.0755610570909854));
#2539=CARTESIAN_POINT('',(-0.0558289229084368,0.035,0.0757525731795817));
#2540=CARTESIAN_POINT('',(-0.0558289229084368,0.,0.0757525731795817));
#2541=CARTESIAN_POINT('',(-0.0568104123825574,0.,0.075944089268178));
#2542=CARTESIAN_POINT('',(-0.0558289229084368,0.035,0.0757525731795817));
#2543=CARTESIAN_POINT('',(-0.0568104123825574,0.035,0.075944089268178));
#2544=CARTESIAN_POINT('',(-0.0568104123825574,0.035,0.075944089268178));
#2545=CARTESIAN_POINT('',(-0.0642198219137603,0.035,0.037972044634089));
#2546=CARTESIAN_POINT('',(-0.0642198219137603,0.,0.037972044634089));
#2547=CARTESIAN_POINT('',(-0.0716292314449632,0.,0.));
#2548=CARTESIAN_POINT('',(-0.0642198219137603,0.035,0.037972044634089));
#2549=CARTESIAN_POINT('',(-0.0716292314449632,0.035,0.));
#2550=CARTESIAN_POINT('',(-0.0716292314449632,0.035,0.));
#2551=CARTESIAN_POINT('',(-0.0706731542728983,0.035,-0.000321750092244518));
#2552=CARTESIAN_POINT('',(-0.0706731542728983,0.,-0.000321750092244518));
#2553=CARTESIAN_POINT('',(-0.0706731542728983,0.035,-0.000321750092244518));
#2554=CARTESIAN_POINT('',(-0.000750000000000056,0.035,0.0376502945418445));
#2555=CARTESIAN_POINT('',(-0.000750000000000056,0.,0.0376502945418445));
#2556=CARTESIAN_POINT('',(-0.0575,0.0198,0.0235307692307702));
#2557=CARTESIAN_POINT('',(-0.0575,0.015,0.0235307692307702));
#2558=CARTESIAN_POINT('',(-0.05,0.015,0.0235307692307702));
#2559=CARTESIAN_POINT('',(-0.05,0.0198,0.0235307692307702));
#2560=CARTESIAN_POINT('',(-0.05,0.0198,0.0235307692307702));
#2561=CARTESIAN_POINT('',(-0.0575,0.0198,0.0235307692307702));
#2562=CARTESIAN_POINT('',(-0.057968307225651,0.0198,0.0187307692307702));
#2563=CARTESIAN_POINT('',(-0.057968307225651,0.015,0.0187307692307702));
#2564=CARTESIAN_POINT('',(-0.05,0.015,0.0187307692307702));
#2565=CARTESIAN_POINT('',(-0.057968307225651,0.0198,0.0187307692307702));
#2566=CARTESIAN_POINT('',(-0.05,0.0198,0.0187307692307702));
#2567=CARTESIAN_POINT('',(-0.05,0.0198,0.0187307692307702));
#2568=CARTESIAN_POINT('',(-0.05,0.0198,0.0211307692307702));
#2569=CARTESIAN_POINT('',(-0.05,0.015,0.0211307692307702));
#2570=CARTESIAN_POINT('',(-0.05,0.0198,0.0211307692307702));
#2571=CARTESIAN_POINT('',(-0.000750000000000056,0.0198,0.0376502945418445));
#2572=CARTESIAN_POINT('',(-0.000750000000000056,0.015,0.0376502945418445));
#2573=CARTESIAN_POINT('',(0.,0.,0.));
#2574=CARTESIAN_POINT('',(0.,0.0175,0.078));
#2575=CARTESIAN_POINT('',(0.,0.0175,0.078));
#2576=CARTESIAN_POINT('',(0.00950143914884432,0.0175,0.078));
#2577=CARTESIAN_POINT('',(0.,0.0175,0.075));
#2578=CARTESIAN_POINT('',(0.00950143914884432,0.0175,0.075));
#2579=CARTESIAN_POINT('',(3.46944695195361E-18,0.0175,0.078));
#2580=CARTESIAN_POINT('',(0.,0.0175,0.078));
#2581=CARTESIAN_POINT('',(0.007,0.0175,0.078));
#2582=CARTESIAN_POINT('',(3.46944695195361E-18,0.0175,0.075));
#2583=CARTESIAN_POINT('',(0.,0.0175,0.118));
#2584=CARTESIAN_POINT('',(0.,0.0175,0.118));
#2585=CARTESIAN_POINT('',(0.007,0.0175,0.118));
#2586=CARTESIAN_POINT('',(0.,0.0175,0.15));
#2587=CARTESIAN_POINT('',(0.,0.0175,0.15));
#2588=CARTESIAN_POINT('',(0.0029729356144755,0.0175,0.15));
#2589=CARTESIAN_POINT('',(0.,0.0175,0.2));
#2590=CARTESIAN_POINT('',(0.,0.0175,0.2));
#2591=CARTESIAN_POINT('',(0.0029729356144755,0.0175,0.2));
#2592=CARTESIAN_POINT('',(0.,0.0175,0.2));
#2593=CARTESIAN_POINT('',(0.,0.0175,0.2));
#2594=CARTESIAN_POINT('',(0.00295,0.0175,0.2));
#2595=CARTESIAN_POINT('',(0.,0.0175,0.202));
#2596=CARTESIAN_POINT('',(0.,0.0175,0.202));
#2597=CARTESIAN_POINT('',(0.00295,0.0175,0.202));
#2598=CARTESIAN_POINT('',(0.,0.0175,0.202));
#2599=CARTESIAN_POINT('',(0.,0.0175,0.2));
#2600=CARTESIAN_POINT('',(0.,0.0175,0.2));
#2601=CARTESIAN_POINT('',(0.000957160670861653,0.0175,0.2));
#2602=CARTESIAN_POINT('',(0.,0.0175,0.118));
#2603=CARTESIAN_POINT('',(0.,0.0175,0.118));
#2604=CARTESIAN_POINT('',(0.00498422505638615,0.0175,0.118));
#2605=CARTESIAN_POINT('',(0.,0.0175,0.149750278149956));
#2606=CARTESIAN_POINT('',(0.,0.0175,0.15));
#2607=CARTESIAN_POINT('',(0.000957160670861653,0.0175,0.15));
#2608=CARTESIAN_POINT('',(0.,0.0175,0.2));
#2609=CARTESIAN_POINT('',(0.,0.,0.));
#2610=CARTESIAN_POINT('',(-0.0500000000000008,0.03,0.0211538461538485));
#2611=CARTESIAN_POINT('',(-0.0500000000000008,0.015,0.0136538461538485));
#2612=CARTESIAN_POINT('',(-0.0500000000000008,0.0135966469645589,0.0141835633028237));
#2613=CARTESIAN_POINT('',(-0.0500000000000008,0.,0.0211538461538485));
#2614=CARTESIAN_POINT('',(-0.0500000000000008,0.,0.0600000000000025));
#2615=CARTESIAN_POINT('',(-0.0500000000000008,0.,-0.0176923076923056));
#2616=CARTESIAN_POINT('',(-0.0500000000000008,0.03,0.0600000000000025));
#2617=CARTESIAN_POINT('',(-0.0500000000000008,0.035,0.0600000000000025));
#2618=CARTESIAN_POINT('',(-0.0500000000000008,0.035,0.0211538461538485));
#2619=CARTESIAN_POINT('',(-0.0500000000000008,0.035,-0.0176923076923056));
#2620=CARTESIAN_POINT('',(-0.0500000000000008,0.03,-0.0176923076923056));
#2621=CARTESIAN_POINT('',(-0.0500000000000008,0.02,0.0211538461538485));
#2622=CARTESIAN_POINT('',(-0.0500000000000008,0.02,0.0236538461538485));
#2623=CARTESIAN_POINT('',(-0.0500000000000008,0.02,0.0186538461538485));
#2624=CARTESIAN_POINT('',(-0.0500000000000008,0.0175,0.0236538461538485));
#2625=CARTESIAN_POINT('',(-0.0500000000000008,0.015,0.0236538461538485));
#2626=CARTESIAN_POINT('',(-0.0500000000000008,0.015,0.0211538461538485));
#2627=CARTESIAN_POINT('',(-0.0500000000000008,0.015,0.0186538461538485));
#2628=CARTESIAN_POINT('',(-0.0500000000000008,0.0175,0.0186538461538485));
#2629=CARTESIAN_POINT('',(0.05,0.03,0.0211538461538472));
#2630=CARTESIAN_POINT('',(0.05,0.0175,0.0136538461538472));
#2631=CARTESIAN_POINT('',(0.05,0.019,0.0136538461538472));
#2632=CARTESIAN_POINT('',(0.05,0.,0.0211538461538472));
#2633=CARTESIAN_POINT('',(0.05,0.,-0.0176923076923055));
#2634=CARTESIAN_POINT('',(0.05,0.,0.06));
#2635=CARTESIAN_POINT('',(0.05,0.03,-0.0176923076923055));
#2636=CARTESIAN_POINT('',(0.05,0.035,-0.0176923076923055));
#2637=CARTESIAN_POINT('',(0.05,0.035,0.0211538461538472));
#2638=CARTESIAN_POINT('',(0.05,0.035,0.06));
#2639=CARTESIAN_POINT('',(0.05,0.03,0.06));
#2640=CARTESIAN_POINT('',(0.05,0.015,0.0211538461538472));
#2641=CARTESIAN_POINT('',(0.05,0.015,0.0236538461538473));
#2642=CARTESIAN_POINT('',(0.05,0.015,0.0186538461538472));
#2643=CARTESIAN_POINT('',(0.05,0.0175,0.0236538461538473));
#2644=CARTESIAN_POINT('',(0.05,0.02,0.0236538461538473));
#2645=CARTESIAN_POINT('',(0.05,0.02,0.0211538461538472));
#2646=CARTESIAN_POINT('',(0.05,0.02,0.0186538461538472));
#2647=CARTESIAN_POINT('',(0.05,0.0175,0.0186538461538472));
#2648=CARTESIAN_POINT('',(-3.88578058618805E-16,0.,0.0286538461538473));
#2649=CARTESIAN_POINT('',(0.045,0.,0.0223076923076932));
#2650=CARTESIAN_POINT('',(0.045,0.,-0.0126923076923055));
#2651=CARTESIAN_POINT('',(0.045,0.,0.0573076923076919));
#2652=CARTESIAN_POINT('',(-4.02455846426619E-16,0.,-0.0126923076923055));
#2653=CARTESIAN_POINT('',(-0.0450000000000008,0.,-0.0126923076923055));
#2654=CARTESIAN_POINT('',(-0.0450000000000008,0.,0.0223076923076945));
#2655=CARTESIAN_POINT('',(-0.0450000000000008,0.,0.0573076923076944));
#2656=CARTESIAN_POINT('',(-0.0312500000000004,0.,0.0636538461538472));
#2657=CARTESIAN_POINT('',(-0.0175,0.,0.07));
#2658=CARTESIAN_POINT('',(0.,0.,0.07));
#2659=CARTESIAN_POINT('',(0.0175,0.,0.07));
#2660=CARTESIAN_POINT('',(0.03125,0.,0.0636538461538458));
#2661=CARTESIAN_POINT('',(0.0465,0.,0.0217307692307702));
#2662=CARTESIAN_POINT('',(0.0465,0.,-0.0141923076923055));
#2663=CARTESIAN_POINT('',(0.0465,0.,0.0580140137643632));
#2664=CARTESIAN_POINT('',(0.0320809418225382,0.,0.0646689636924224));
#2665=CARTESIAN_POINT('',(0.0172803631561206,0.,0.0715));
#2666=CARTESIAN_POINT('',(-4.21289987022939E-18,0.,0.0715));
#2667=CARTESIAN_POINT('',(-0.0172803631561206,0.,0.0715));
#2668=CARTESIAN_POINT('',(-0.0320809418225387,0.,0.0646689636924237));
#2669=CARTESIAN_POINT('',(-0.0465000000000008,0.,0.0580140137643656));
#2670=CARTESIAN_POINT('',(-0.0465000000000008,0.,0.0217307692307715));
#2671=CARTESIAN_POINT('',(-0.0465000000000008,0.,-0.0141923076923056));
#2672=CARTESIAN_POINT('',(-3.82022629904324E-16,0.,-0.0141923076923055));
#2673=CARTESIAN_POINT('',(-3.88578058618805E-16,0.03,0.0286538461538473));
#2674=CARTESIAN_POINT('',(-4.09394740330527E-16,0.03,0.0325900142043829));
#2675=CARTESIAN_POINT('',(0.045,0.03,0.0325900142043829));
#2676=CARTESIAN_POINT('',(-0.0450000000000008,0.03,0.0325900142043829));
#2677=CARTESIAN_POINT('',(0.045,0.03,0.0223076923076932));
#2678=CARTESIAN_POINT('',(0.045,0.03,0.0573076923076919));
#2679=CARTESIAN_POINT('',(0.03125,0.03,0.0636538461538458));
#2680=CARTESIAN_POINT('',(0.0175,0.03,0.07));
#2681=CARTESIAN_POINT('',(0.,0.03,0.07));
#2682=CARTESIAN_POINT('',(-0.0175,0.03,0.07));
#2683=CARTESIAN_POINT('',(-0.0312500000000004,0.03,0.0636538461538472));
#2684=CARTESIAN_POINT('',(-0.0450000000000008,0.03,0.0573076923076944));
#2685=CARTESIAN_POINT('',(-0.0450000000000008,0.03,0.0223076923076945));
#2686=CARTESIAN_POINT('',(-3.88578058618805E-16,0.03,0.0286538461538473));
#2687=CARTESIAN_POINT('',(-1.38777878078145E-17,0.03,0.0285900142043829));
#2688=CARTESIAN_POINT('',(-0.0450000000000008,0.03,0.0285900142043829));
#2689=CARTESIAN_POINT('',(0.045,0.03,0.0285900142043829));
#2690=CARTESIAN_POINT('',(-0.0450000000000008,0.03,0.0223076923076945));
#2691=CARTESIAN_POINT('',(-0.0450000000000008,0.03,-0.0126923076923055));
#2692=CARTESIAN_POINT('',(-4.02455846426619E-16,0.03,-0.0126923076923055));
#2693=CARTESIAN_POINT('',(0.045,0.03,-0.0126923076923055));
#2694=CARTESIAN_POINT('',(0.045,0.03,0.0223076923076932));
#2695=CARTESIAN_POINT('',(0.045,0.03,0.0223076923076932));
#2696=CARTESIAN_POINT('',(0.045,0.0175,0.0136538461538472));
#2697=CARTESIAN_POINT('',(0.045,0.0175,0.0121538461538472));
#2698=CARTESIAN_POINT('',(0.045,0.005,0.0325900142043829));
#2699=CARTESIAN_POINT('',(0.045,0.005,0.0325900142043829));
#2700=CARTESIAN_POINT('',(0.045,0.005,0.0223076923076932));
#2701=CARTESIAN_POINT('',(0.045,0.005,0.0285900142043829));
#2702=CARTESIAN_POINT('',(0.045,0.005,0.0285900142043829));
#2703=CARTESIAN_POINT('',(0.045,0.03,-0.0126923076923055));
#2704=CARTESIAN_POINT('',(0.045,0.03,0.0573076923076919));
#2705=CARTESIAN_POINT('',(3.46944695195361E-18,0.03,0.075));
#2706=CARTESIAN_POINT('',(0.,0.0175,0.075));
#2707=CARTESIAN_POINT('',(0.0104,0.0175,0.075));
#2708=CARTESIAN_POINT('',(3.46944695195361E-18,0.,0.075));
#2709=CARTESIAN_POINT('',(0.0175,0.,0.075));
#2710=CARTESIAN_POINT('',(-0.0175,0.,0.075));
#2711=CARTESIAN_POINT('',(0.0175,0.03,0.075));
#2712=CARTESIAN_POINT('',(0.0175,0.035,0.075));
#2713=CARTESIAN_POINT('',(3.46944695195361E-18,0.035,0.075));
#2714=CARTESIAN_POINT('',(-0.0175,0.035,0.075));
#2715=CARTESIAN_POINT('',(-0.0175,0.03,0.075));
#2716=CARTESIAN_POINT('',(-0.0337500000000004,0.03,0.0675000000000013));
#2717=CARTESIAN_POINT('',(-0.0337500000000004,0.,0.0675000000000013));
#2718=CARTESIAN_POINT('',(-0.0337500000000004,0.035,0.0675000000000013));
#2719=CARTESIAN_POINT('',(-3.74700270810991E-16,0.03,-0.0176923076923056));
#2720=CARTESIAN_POINT('',(-3.74700270810991E-16,0.,-0.0176923076923056));
#2721=CARTESIAN_POINT('',(-3.74700270810991E-16,0.035,-0.0176923076923056));
#2722=CARTESIAN_POINT('',(-4.02455846426619E-16,0.03,-0.0126923076923055));
#2723=CARTESIAN_POINT('',(-0.0450000000000008,0.03,-0.0126923076923055));
#2724=CARTESIAN_POINT('',(-0.0450000000000008,0.03,0.0223076923076945));
#2725=CARTESIAN_POINT('',(-0.0450000000000008,0.015,0.0136538461538485));
#2726=CARTESIAN_POINT('',(-0.0450000000000008,0.015,0.0121538461538485));
#2727=CARTESIAN_POINT('',(-0.0450000000000008,0.005,0.0285900142043829));
#2728=CARTESIAN_POINT('',(-0.0450000000000008,0.005,0.0285900142043829));
#2729=CARTESIAN_POINT('',(-0.0450000000000008,0.005,0.0223076923076945));
#2730=CARTESIAN_POINT('',(-0.0450000000000008,0.005,0.0325900142043829));
#2731=CARTESIAN_POINT('',(-0.0450000000000008,0.005,0.0325900142043829));
#2732=CARTESIAN_POINT('',(-0.0450000000000008,0.03,0.0573076923076944));
#2733=CARTESIAN_POINT('',(-0.0312500000000004,0.03,0.0636538461538472));
#2734=CARTESIAN_POINT('',(-0.0175,0.03,0.07));
#2735=CARTESIAN_POINT('',(0.,0.03,0.07));
#2736=CARTESIAN_POINT('',(0.,0.0175,0.07));
#2737=CARTESIAN_POINT('',(0.0104,0.0175,0.0699999999999999));
#2738=CARTESIAN_POINT('',(0.0175,0.03,0.07));
#2739=CARTESIAN_POINT('',(0.03125,0.03,0.0636538461538458));
#2740=CARTESIAN_POINT('',(0.03375,0.03,0.0675));
#2741=CARTESIAN_POINT('',(0.03375,0.,0.0675));
#2742=CARTESIAN_POINT('',(0.03375,0.035,0.0675));
#2743=CARTESIAN_POINT('',(-3.88578058618805E-16,0.,0.0286538461538473));
#2744=CARTESIAN_POINT('',(0.0329190581774618,0.,0.0664848824614233));
#2745=CARTESIAN_POINT('',(0.0485,0.,0.0592936785433288));
#2746=CARTESIAN_POINT('',(0.0177196368438794,0.,0.0735));
#2747=CARTESIAN_POINT('',(0.0485,0.,0.0217307692307702));
#2748=CARTESIAN_POINT('',(0.0485,0.,-0.0161923076923055));
#2749=CARTESIAN_POINT('',(-3.81255699525471E-16,0.,-0.0161923076923056));
#2750=CARTESIAN_POINT('',(-0.0485000000000008,0.,-0.0161923076923056));
#2751=CARTESIAN_POINT('',(-0.0485000000000008,0.,0.0217307692307715));
#2752=CARTESIAN_POINT('',(-0.0485000000000008,0.,0.0592936785433313));
#2753=CARTESIAN_POINT('',(-0.0329190581774621,0.,0.0664848824614247));
#2754=CARTESIAN_POINT('',(-0.0177196368438794,0.,0.0735));
#2755=CARTESIAN_POINT('',(7.682346822183E-18,0.,0.0735));
#2756=CARTESIAN_POINT('',(-3.88578058618805E-16,0.035,0.0286538461538473));
#2757=CARTESIAN_POINT('',(0.,0.0175,0.0696));
#2758=CARTESIAN_POINT('',(-1.38777878078145E-17,0.005,0.0285900142043829));
#2759=CARTESIAN_POINT('',(-1.38777878078145E-17,0.005,0.0285900142043829));
#2760=CARTESIAN_POINT('',(-4.09394740330527E-16,0.005,0.0325900142043829));
#2761=CARTESIAN_POINT('',(-4.09394740330527E-16,0.005,0.0325900142043829));
#2762=CARTESIAN_POINT('',(-4.09394740330527E-16,0.005,0.0286538461538473));
#2763=CARTESIAN_POINT('',(0.0329190581774618,0.002,0.0664848824614233));
#2764=CARTESIAN_POINT('',(0.0177196368438794,0.002,0.0735));
#2765=CARTESIAN_POINT('',(0.0177196368438794,0.002,0.0735));
#2766=CARTESIAN_POINT('',(0.0329190581774618,0.002,0.0664848824614233));
#2767=CARTESIAN_POINT('',(0.0485,0.002,0.0592936785433288));
#2768=CARTESIAN_POINT('',(0.0485,0.002,0.0592936785433288));
#2769=CARTESIAN_POINT('',(0.0485,0.002,0.0217307692307702));
#2770=CARTESIAN_POINT('',(0.0485,0.002,0.0217307692307702));
#2771=CARTESIAN_POINT('',(0.0485,0.002,-0.0161923076923055));
#2772=CARTESIAN_POINT('',(0.0485,0.002,-0.0161923076923055));
#2773=CARTESIAN_POINT('',(-3.81255699525471E-16,0.002,-0.0161923076923056));
#2774=CARTESIAN_POINT('',(-3.81255699525471E-16,0.002,-0.0161923076923056));
#2775=CARTESIAN_POINT('',(-0.0485000000000008,0.002,-0.0161923076923056));
#2776=CARTESIAN_POINT('',(-0.0485000000000008,0.002,-0.0161923076923056));
#2777=CARTESIAN_POINT('',(-0.0485000000000008,0.002,0.0217307692307715));
#2778=CARTESIAN_POINT('',(-0.0485000000000008,0.002,0.0217307692307715));
#2779=CARTESIAN_POINT('',(-0.0485000000000008,0.002,0.0592936785433313));
#2780=CARTESIAN_POINT('',(-0.0485000000000008,0.002,0.0592936785433313));
#2781=CARTESIAN_POINT('',(-0.0329190581774621,0.002,0.0664848824614247));
#2782=CARTESIAN_POINT('',(-0.0329190581774621,0.002,0.0664848824614247));
#2783=CARTESIAN_POINT('',(-0.0177196368438794,0.002,0.0735));
#2784=CARTESIAN_POINT('',(-0.0177196368438794,0.002,0.0735));
#2785=CARTESIAN_POINT('',(0.0320809418225382,0.002,0.0646689636924224));
#2786=CARTESIAN_POINT('',(0.0465,0.002,0.0580140137643632));
#2787=CARTESIAN_POINT('',(0.0465,0.002,0.0580140137643632));
#2788=CARTESIAN_POINT('',(0.0320809418225382,0.002,0.0646689636924224));
#2789=CARTESIAN_POINT('',(0.0172803631561206,0.002,0.0715));
#2790=CARTESIAN_POINT('',(0.0172803631561206,0.002,0.0715));
#2791=CARTESIAN_POINT('',(-4.21289987022939E-18,0.002,0.0715));
#2792=CARTESIAN_POINT('',(-4.21289987022939E-18,0.002,0.0715));
#2793=CARTESIAN_POINT('',(-0.0172803631561206,0.002,0.0715));
#2794=CARTESIAN_POINT('',(-0.0172803631561206,0.002,0.0715));
#2795=CARTESIAN_POINT('',(-0.0320809418225387,0.002,0.0646689636924237));
#2796=CARTESIAN_POINT('',(-0.0320809418225387,0.002,0.0646689636924237));
#2797=CARTESIAN_POINT('',(-0.0465000000000008,0.002,0.0580140137643656));
#2798=CARTESIAN_POINT('',(-0.0465000000000008,0.002,0.0580140137643656));
#2799=CARTESIAN_POINT('',(-0.0465000000000008,0.002,0.0217307692307715));
#2800=CARTESIAN_POINT('',(-0.0465000000000008,0.002,0.0217307692307715));
#2801=CARTESIAN_POINT('',(-0.0465000000000008,0.002,-0.0141923076923056));
#2802=CARTESIAN_POINT('',(-0.0465000000000008,0.002,-0.0141923076923056));
#2803=CARTESIAN_POINT('',(-3.82022629904324E-16,0.002,-0.0141923076923055));
#2804=CARTESIAN_POINT('',(-3.82022629904324E-16,0.002,-0.0141923076923055));
#2805=CARTESIAN_POINT('',(0.0465,0.002,-0.0141923076923055));
#2806=CARTESIAN_POINT('',(0.0465,0.002,-0.0141923076923055));
#2807=CARTESIAN_POINT('',(0.0465,0.002,0.0217307692307702));
#2808=CARTESIAN_POINT('',(0.0465,0.002,0.0217307692307702));
#2809=CARTESIAN_POINT('',(7.682346822183E-18,0.002,0.0735));
#2810=CARTESIAN_POINT('',(7.682346822183E-18,0.002,0.0735));
#2811=CARTESIAN_POINT('',(0.,0.002,0.));
#2812=CARTESIAN_POINT('',(0.048,0.0175,0.0236538461538473));
#2813=CARTESIAN_POINT('',(0.048,0.015,0.0236538461538473));
#2814=CARTESIAN_POINT('',(0.048,0.015,0.0236538461538473));
#2815=CARTESIAN_POINT('',(0.048,0.0175,0.0236538461538473));
#2816=CARTESIAN_POINT('',(0.048,0.02,0.0236538461538473));
#2817=CARTESIAN_POINT('',(0.048,0.02,0.0236538461538473));
#2818=CARTESIAN_POINT('',(0.048,0.015,0.0211538461538472));
#2819=CARTESIAN_POINT('',(0.048,0.015,0.0186538461538472));
#2820=CARTESIAN_POINT('',(0.048,0.015,0.0186538461538472));
#2821=CARTESIAN_POINT('',(0.048,0.015,0.0211538461538472));
#2822=CARTESIAN_POINT('',(0.048,0.0175,0.0186538461538472));
#2823=CARTESIAN_POINT('',(0.048,0.02,0.0186538461538472));
#2824=CARTESIAN_POINT('',(0.048,0.02,0.0186538461538472));
#2825=CARTESIAN_POINT('',(0.048,0.0175,0.0186538461538472));
#2826=CARTESIAN_POINT('',(0.048,0.02,0.0211538461538472));
#2827=CARTESIAN_POINT('',(0.048,0.02,0.0211538461538472));
#2828=CARTESIAN_POINT('',(0.048,0.0175,0.0211538461538472));
#2829=CARTESIAN_POINT('',(-0.0480000000000008,0.0175,0.0236538461538485));
#2830=CARTESIAN_POINT('',(-0.0480000000000008,0.02,0.0236538461538485));
#2831=CARTESIAN_POINT('',(-0.0480000000000008,0.02,0.0236538461538485));
#2832=CARTESIAN_POINT('',(-0.0480000000000008,0.0175,0.0236538461538485));
#2833=CARTESIAN_POINT('',(-0.0480000000000008,0.015,0.0236538461538485));
#2834=CARTESIAN_POINT('',(-0.0480000000000008,0.015,0.0236538461538485));
#2835=CARTESIAN_POINT('',(-0.0480000000000008,0.02,0.0211538461538485));
#2836=CARTESIAN_POINT('',(-0.0480000000000008,0.02,0.0186538461538485));
#2837=CARTESIAN_POINT('',(-0.0480000000000008,0.02,0.0186538461538485));
#2838=CARTESIAN_POINT('',(-0.0480000000000008,0.02,0.0211538461538485));
#2839=CARTESIAN_POINT('',(-0.0480000000000008,0.0175,0.0186538461538485));
#2840=CARTESIAN_POINT('',(-0.0480000000000008,0.015,0.0186538461538485));
#2841=CARTESIAN_POINT('',(-0.0480000000000008,0.015,0.0186538461538485));
#2842=CARTESIAN_POINT('',(-0.0480000000000008,0.0175,0.0186538461538485));
#2843=CARTESIAN_POINT('',(-0.0480000000000008,0.015,0.0211538461538485));
#2844=CARTESIAN_POINT('',(-0.0480000000000008,0.015,0.0211538461538485));
#2845=CARTESIAN_POINT('',(-0.0480000000000008,0.0175,0.0211538461538484));
#2846=CARTESIAN_POINT('',(0.0428,0.0175,0.0136538461538472));
#2847=CARTESIAN_POINT('',(-0.0445000000000008,0.015,0.0136538461538485));
#2848=CARTESIAN_POINT('',(0.,0.,0.));
#2849=CARTESIAN_POINT('',(0.063968307225651,0.035,0.0211307692307702));
#2850=CARTESIAN_POINT('',(0.063968307225651,0.0198,0.0211307692307702));
#2851=CARTESIAN_POINT('',(0.0635,0.0198,0.0235307692307703));
#2852=CARTESIAN_POINT('',(0.064436614451302,0.0198,0.0187307692307702));
#2853=CARTESIAN_POINT('',(0.0635,0.0198,0.0235307692307703));
#2854=CARTESIAN_POINT('',(0.0635,0.015,0.0235307692307703));
#2855=CARTESIAN_POINT('',(0.063968307225651,0.015,0.0211307692307702));
#2856=CARTESIAN_POINT('',(0.064436614451302,0.015,0.0187307692307702));
#2857=CARTESIAN_POINT('',(0.064436614451302,0.0198,0.0187307692307702));
#2858=CARTESIAN_POINT('',(0.063968307225651,0.,0.0211307692307702));
#2859=CARTESIAN_POINT('',(0.053347433434316,0.,0.0755610570909855));
#2860=CARTESIAN_POINT('',(0.0682170771008335,0.,-0.000643500184489103));
#2861=CARTESIAN_POINT('',(0.053347433434316,0.035,0.0755610570909855));
#2862=CARTESIAN_POINT('',(0.053347433434316,0.035,0.0755610570909855));
#2863=CARTESIAN_POINT('',(0.063968307225651,0.035,0.0211307692307702));
#2864=CARTESIAN_POINT('',(0.0682170771008335,0.035,-0.000643500184489103));
#2865=CARTESIAN_POINT('',(0.0682170771008335,0.035,-0.000643500184489103));
#2866=CARTESIAN_POINT('',(0.0691731542728983,0.035,-0.000321750092244497));
#2867=CARTESIAN_POINT('',(0.0691731542728983,0.,-0.000321750092244497));
#2868=CARTESIAN_POINT('',(0.0701292314449631,0.,1.09287578986539E-16));
#2869=CARTESIAN_POINT('',(0.0691731542728983,0.035,-0.000321750092244497));
#2870=CARTESIAN_POINT('',(0.0701292314449631,0.035,1.09287578986539E-16));
#2871=CARTESIAN_POINT('',(0.0701292314449631,0.035,1.09287578986539E-16));
#2872=CARTESIAN_POINT('',(0.0627198219137594,0.035,0.0379720446340889));
#2873=CARTESIAN_POINT('',(0.0627198219137594,0.,0.0379720446340889));
#2874=CARTESIAN_POINT('',(0.0553104123825565,0.,0.075944089268178));
#2875=CARTESIAN_POINT('',(0.0627198219137594,0.035,0.0379720446340889));
#2876=CARTESIAN_POINT('',(0.0553104123825565,0.035,0.075944089268178));
#2877=CARTESIAN_POINT('',(0.0553104123825565,0.035,0.075944089268178));
#2878=CARTESIAN_POINT('',(0.0543289229084363,0.035,0.0757525731795818));
#2879=CARTESIAN_POINT('',(0.0543289229084363,0.,0.0757525731795818));
#2880=CARTESIAN_POINT('',(0.0543289229084363,0.035,0.0757525731795818));
#2881=CARTESIAN_POINT('',(-0.000750000000000056,0.035,0.0376502945418445));
#2882=CARTESIAN_POINT('',(-0.000750000000000056,0.,0.0376502945418445));
#2883=CARTESIAN_POINT('',(0.056,0.0198,0.0235307692307703));
#2884=CARTESIAN_POINT('',(0.056,0.015,0.0235307692307703));
#2885=CARTESIAN_POINT('',(0.0485,0.015,0.0235307692307703));
#2886=CARTESIAN_POINT('',(0.056,0.0198,0.0235307692307703));
#2887=CARTESIAN_POINT('',(0.0485,0.0198,0.0235307692307703));
#2888=CARTESIAN_POINT('',(0.0485,0.0198,0.0235307692307703));
#2889=CARTESIAN_POINT('',(0.0485,0.0198,0.0211307692307702));
#2890=CARTESIAN_POINT('',(0.0485,0.015,0.0211307692307702));
#2891=CARTESIAN_POINT('',(0.0485,0.015,0.0187307692307702));
#2892=CARTESIAN_POINT('',(0.0485,0.0198,0.0211307692307702));
#2893=CARTESIAN_POINT('',(0.0485,0.0198,0.0187307692307702));
#2894=CARTESIAN_POINT('',(0.0485,0.0198,0.0187307692307702));
#2895=CARTESIAN_POINT('',(0.056468307225651,0.0198,0.0187307692307702));
#2896=CARTESIAN_POINT('',(0.056468307225651,0.015,0.0187307692307702));
#2897=CARTESIAN_POINT('',(0.056468307225651,0.0198,0.0187307692307702));
#2898=CARTESIAN_POINT('',(-0.000750000000000056,0.0198,0.0376502945418445));
#2899=CARTESIAN_POINT('',(-0.000750000000000056,0.015,0.0376502945418445));
#2900=MECHANICAL_DESIGN_GEOMETRIC_PRESENTATION_REPRESENTATION('',(#1769),
#2905);
#2901=MECHANICAL_DESIGN_GEOMETRIC_PRESENTATION_REPRESENTATION('',(#1770),
#2906);
#2902=MECHANICAL_DESIGN_GEOMETRIC_PRESENTATION_REPRESENTATION('',(#1771),
#2907);
#2903=MECHANICAL_DESIGN_GEOMETRIC_PRESENTATION_REPRESENTATION('',(#1772),
#2908);
#2904=MECHANICAL_DESIGN_GEOMETRIC_PRESENTATION_REPRESENTATION('',(#1773),
#2909);
#2905=(
GEOMETRIC_REPRESENTATION_CONTEXT(3)
GLOBAL_UNCERTAINTY_ASSIGNED_CONTEXT((#2910))
GLOBAL_UNIT_ASSIGNED_CONTEXT((#2925,#2920,#2915))
REPRESENTATION_CONTEXT('Part 2','TOP_LEVEL_ASSEMBLY_PART')
);
#2906=(
GEOMETRIC_REPRESENTATION_CONTEXT(3)
GLOBAL_UNCERTAINTY_ASSIGNED_CONTEXT((#2911))
GLOBAL_UNIT_ASSIGNED_CONTEXT((#2926,#2921,#2916))
REPRESENTATION_CONTEXT('Part 5','TOP_LEVEL_ASSEMBLY_PART')
);
#2907=(
GEOMETRIC_REPRESENTATION_CONTEXT(3)
GLOBAL_UNCERTAINTY_ASSIGNED_CONTEXT((#2912))
GLOBAL_UNIT_ASSIGNED_CONTEXT((#2927,#2922,#2917))
REPRESENTATION_CONTEXT('Part 3','TOP_LEVEL_ASSEMBLY_PART')
);
#2908=(
GEOMETRIC_REPRESENTATION_CONTEXT(3)
GLOBAL_UNCERTAINTY_ASSIGNED_CONTEXT((#2913))
GLOBAL_UNIT_ASSIGNED_CONTEXT((#2928,#2923,#2918))
REPRESENTATION_CONTEXT('Part 1','TOP_LEVEL_ASSEMBLY_PART')
);
#2909=(
GEOMETRIC_REPRESENTATION_CONTEXT(3)
GLOBAL_UNCERTAINTY_ASSIGNED_CONTEXT((#2914))
GLOBAL_UNIT_ASSIGNED_CONTEXT((#2929,#2924,#2919))
REPRESENTATION_CONTEXT('Part 4','TOP_LEVEL_ASSEMBLY_PART')
);
#2910=UNCERTAINTY_MEASURE_WITH_UNIT(LENGTH_MEASURE(1.E-8),#2925,
'DISTANCE_ACCURACY_VALUE','Maximum Tolerance applied to model');
#2911=UNCERTAINTY_MEASURE_WITH_UNIT(LENGTH_MEASURE(1.E-8),#2926,
'DISTANCE_ACCURACY_VALUE','Maximum Tolerance applied to model');
#2912=UNCERTAINTY_MEASURE_WITH_UNIT(LENGTH_MEASURE(1.E-8),#2927,
'DISTANCE_ACCURACY_VALUE','Maximum Tolerance applied to model');
#2913=UNCERTAINTY_MEASURE_WITH_UNIT(LENGTH_MEASURE(1.E-8),#2928,
'DISTANCE_ACCURACY_VALUE','Maximum Tolerance applied to model');
#2914=UNCERTAINTY_MEASURE_WITH_UNIT(LENGTH_MEASURE(1.E-8),#2929,
'DISTANCE_ACCURACY_VALUE','Maximum Tolerance applied to model');
#2915=(
NAMED_UNIT(*)
SI_UNIT($,.STERADIAN.)
SOLID_ANGLE_UNIT()
);
#2916=(
NAMED_UNIT(*)
SI_UNIT($,.STERADIAN.)
SOLID_ANGLE_UNIT()
);
#2917=(
NAMED_UNIT(*)
SI_UNIT($,.STERADIAN.)
SOLID_ANGLE_UNIT()
);
#2918=(
NAMED_UNIT(*)
SI_UNIT($,.STERADIAN.)
SOLID_ANGLE_UNIT()
);
#2919=(
NAMED_UNIT(*)
SI_UNIT($,.STERADIAN.)
SOLID_ANGLE_UNIT()
);
#2920=(
NAMED_UNIT(*)
PLANE_ANGLE_UNIT()
SI_UNIT($,.RADIAN.)
);
#2921=(
NAMED_UNIT(*)
PLANE_ANGLE_UNIT()
SI_UNIT($,.RADIAN.)
);
#2922=(
NAMED_UNIT(*)
PLANE_ANGLE_UNIT()
SI_UNIT($,.RADIAN.)
);
#2923=(
NAMED_UNIT(*)
PLANE_ANGLE_UNIT()
SI_UNIT($,.RADIAN.)
);
#2924=(
NAMED_UNIT(*)
PLANE_ANGLE_UNIT()
SI_UNIT($,.RADIAN.)
);
#2925=(
LENGTH_UNIT()
NAMED_UNIT(*)
SI_UNIT($,.METRE.)
);
#2926=(
LENGTH_UNIT()
NAMED_UNIT(*)
SI_UNIT($,.METRE.)
);
#2927=(
LENGTH_UNIT()
NAMED_UNIT(*)
SI_UNIT($,.METRE.)
);
#2928=(
LENGTH_UNIT()
NAMED_UNIT(*)
SI_UNIT($,.METRE.)
);
#2929=(
LENGTH_UNIT()
NAMED_UNIT(*)
SI_UNIT($,.METRE.)
);
#2930=PRODUCT_DEFINITION_SHAPE('','',#2935);
#2931=PRODUCT_DEFINITION_SHAPE('','',#2936);
#2932=PRODUCT_DEFINITION_SHAPE('','',#2937);
#2933=PRODUCT_DEFINITION_SHAPE('','',#2938);
#2934=PRODUCT_DEFINITION_SHAPE('','',#2939);
#2935=PRODUCT_DEFINITION('','',#2945,#2940);
#2936=PRODUCT_DEFINITION('','',#2946,#2941);
#2937=PRODUCT_DEFINITION('','',#2947,#2942);
#2938=PRODUCT_DEFINITION('','',#2948,#2943);
#2939=PRODUCT_DEFINITION('','',#2949,#2944);
#2940=PRODUCT_DEFINITION_CONTEXT('',#2975,'design');
#2941=PRODUCT_DEFINITION_CONTEXT('',#2976,'design');
#2942=PRODUCT_DEFINITION_CONTEXT('',#2977,'design');
#2943=PRODUCT_DEFINITION_CONTEXT('',#2978,'design');
#2944=PRODUCT_DEFINITION_CONTEXT('',#2979,'design');
#2945=PRODUCT_DEFINITION_FORMATION_WITH_SPECIFIED_SOURCE('','',#2955,
 .NOT_KNOWN.);
#2946=PRODUCT_DEFINITION_FORMATION_WITH_SPECIFIED_SOURCE('','',#2956,
 .NOT_KNOWN.);
#2947=PRODUCT_DEFINITION_FORMATION_WITH_SPECIFIED_SOURCE('','',#2957,
 .NOT_KNOWN.);
#2948=PRODUCT_DEFINITION_FORMATION_WITH_SPECIFIED_SOURCE('','',#2958,
 .NOT_KNOWN.);
#2949=PRODUCT_DEFINITION_FORMATION_WITH_SPECIFIED_SOURCE('','',#2959,
 .NOT_KNOWN.);
#2950=PRODUCT_RELATED_PRODUCT_CATEGORY('','',(#2955));
#2951=PRODUCT_RELATED_PRODUCT_CATEGORY('','',(#2956));
#2952=PRODUCT_RELATED_PRODUCT_CATEGORY('','',(#2957));
#2953=PRODUCT_RELATED_PRODUCT_CATEGORY('','',(#2958));
#2954=PRODUCT_RELATED_PRODUCT_CATEGORY('','',(#2959));
#2955=PRODUCT('Part 2','Part 2','Part 2',(#2965));
#2956=PRODUCT('Part 5','Part 5','Part 5',(#2966));
#2957=PRODUCT('Part 3','Part 3','Part 3',(#2967));
#2958=PRODUCT('Part 1','Part 1','Part 1',(#2968));
#2959=PRODUCT('Part 4','Part 4','Part 4',(#2969));
#2960=PRODUCT_CATEGORY('','');
#2961=PRODUCT_CATEGORY('','');
#2962=PRODUCT_CATEGORY('','');
#2963=PRODUCT_CATEGORY('','');
#2964=PRODUCT_CATEGORY('','');
#2965=PRODUCT_CONTEXT('',#2975,'mechanical');
#2966=PRODUCT_CONTEXT('',#2976,'mechanical');
#2967=PRODUCT_CONTEXT('',#2977,'mechanical');
#2968=PRODUCT_CONTEXT('',#2978,'mechanical');
#2969=PRODUCT_CONTEXT('',#2979,'mechanical');
#2970=APPLICATION_PROTOCOL_DEFINITION('international standard',
'ap242_managed_model_based_3d_engineering',2020,#2975);
#2971=APPLICATION_PROTOCOL_DEFINITION('international standard',
'ap242_managed_model_based_3d_engineering',2020,#2976);
#2972=APPLICATION_PROTOCOL_DEFINITION('international standard',
'ap242_managed_model_based_3d_engineering',2020,#2977);
#2973=APPLICATION_PROTOCOL_DEFINITION('international standard',
'ap242_managed_model_based_3d_engineering',2020,#2978);
#2974=APPLICATION_PROTOCOL_DEFINITION('international standard',
'ap242_managed_model_based_3d_engineering',2020,#2979);
#2975=APPLICATION_CONTEXT('managed model based 3d engineering');
#2976=APPLICATION_CONTEXT('managed model based 3d engineering');
#2977=APPLICATION_CONTEXT('managed model based 3d engineering');
#2978=APPLICATION_CONTEXT('managed model based 3d engineering');
#2979=APPLICATION_CONTEXT('managed model based 3d engineering');
ENDSEC;
END-ISO-10303-21;
